# Blender 5.2.2 LTS
# www.blender.org
o StarCoin
v 0.660198 -0.130640 -0.018910
v 0.705527 -0.190924 -0.031599
v 0.914696 -0.205899 -0.009042
v 0.987611 -0.016064 -0.127591
v 0.961815 -0.135869 -0.194763
v 0.646284 0.131054 -0.136830
v 0.782801 -0.219157 -0.138158
v 0.936115 0.135511 -0.293217
v 0.915071 0.125259 -0.363299
v 0.870260 -0.135151 -0.453027
v 0.837755 0.205863 -0.370279
v 0.647683 0.190749 -0.284349
v 0.586089 0.130495 -0.303627
v 0.780343 -0.205837 -0.477209
v 0.846467 -0.018826 -0.525004
v 0.742845 0.205847 -0.534140
v 0.494929 0.129959 -0.436137
v 0.612831 -0.135388 -0.766614
v 0.614908 0.127948 -0.768009
v 0.418217 0.129806 -0.510293
v 0.411817 0.103314 -0.337973
v 0.360241 -0.131054 -0.553745
v 0.228370 -0.190679 -0.668349
v 0.147652 0.129925 -0.642780
v 0.205763 0.102377 -0.462496
v 0.129999 -0.205793 -0.905339
v -0.018910 -0.130640 -0.660198
v -0.031599 -0.190924 -0.705527
v -0.009042 -0.205899 -0.914696
v -0.127591 -0.016064 -0.987611
v -0.194763 -0.135869 -0.961815
v -0.136830 0.131054 -0.646284
v -0.138158 -0.219157 -0.782801
v -0.293217 0.135511 -0.936115
v -0.363299 0.125259 -0.915071
v -0.453027 -0.135151 -0.870260
v -0.370279 0.205863 -0.837755
v -0.284349 0.190749 -0.647683
v -0.303627 0.130495 -0.586089
v -0.477209 -0.205837 -0.780343
v -0.525004 -0.018826 -0.846467
v -0.534140 0.205847 -0.742845
v -0.436137 0.129959 -0.494929
v -0.766614 -0.135388 -0.612831
v -0.768009 0.127948 -0.614908
v -0.510293 0.129806 -0.418217
v -0.337973 0.103314 -0.411817
v -0.553745 -0.131054 -0.360241
v -0.668349 -0.190679 -0.228370
v -0.642780 0.129925 -0.147652
v -0.462496 0.102377 -0.205763
v -0.905339 -0.205793 -0.129999
v -0.660198 -0.130640 0.018910
v -0.705527 -0.190924 0.031599
v -0.914696 -0.205899 0.009042
v -0.987611 -0.016064 0.127591
v -0.961815 -0.135869 0.194763
v -0.646284 0.131054 0.136830
v -0.782801 -0.219157 0.138158
v -0.936115 0.135511 0.293217
v -0.915071 0.125259 0.363299
v -0.870260 -0.135151 0.453027
v -0.837755 0.205863 0.370279
v -0.647683 0.190749 0.284349
v -0.586089 0.130495 0.303627
v -0.780343 -0.205837 0.477209
v -0.846467 -0.018826 0.525004
v -0.742845 0.205847 0.534140
v -0.494929 0.129959 0.436137
v -0.612831 -0.135388 0.766614
v -0.614908 0.127948 0.768009
v -0.418217 0.129806 0.510293
v -0.411817 0.103314 0.337973
v -0.360241 -0.131054 0.553745
v -0.228370 -0.190679 0.668349
v -0.147652 0.129925 0.642780
v -0.205763 0.102377 0.462496
v -0.129999 -0.205793 0.905339
v 0.018910 -0.130640 0.660198
v 0.031599 -0.190924 0.705527
v 0.009042 -0.205899 0.914696
v 0.127591 -0.016064 0.987611
v 0.194763 -0.135869 0.961815
v 0.136830 0.131054 0.646284
v 0.138158 -0.219157 0.782801
v 0.293217 0.135511 0.936115
v 0.363299 0.125259 0.915071
v 0.453027 -0.135151 0.870260
v 0.370279 0.205863 0.837755
v 0.284349 0.190749 0.647683
v 0.303627 0.130495 0.586089
v 0.477209 -0.205837 0.780343
v 0.525004 -0.018826 0.846467
v 0.534140 0.205847 0.742845
v 0.436137 0.129959 0.494929
v 0.766614 -0.135388 0.612831
v 0.768009 0.127948 0.614908
v 0.510293 0.129806 0.418217
v 0.337973 0.103314 0.411817
v 0.553745 -0.131054 0.360241
v 0.668349 -0.190679 0.228370
v 0.642780 0.129925 0.147652
v 0.462496 0.102377 0.205763
v 0.905339 -0.205793 0.129999
v 0.514653 -0.103303 0.143933
v 0.612676 -0.111616 -0.150229
v 0.641459 -0.119317 -0.100611
v 0.688725 -0.173406 -0.043547
v 0.724189 -0.202368 -0.006097
v 0.816520 -0.219896 -0.123632
v 0.956064 -0.179430 -0.039581
v 0.967870 -0.160402 -0.072319
v 0.993753 -0.061701 0.018246
v 0.988078 -0.106538 -0.000001
v 0.986942 -0.091215 -0.088107
v 0.994762 -0.021462 -0.043123
v 0.989928 0.095683 -0.022324
v 0.995377 0.026559 0.015462
v 0.989494 0.061691 -0.094811
v 0.978699 0.105156 -0.139727
v 0.980653 0.135851 -0.021216
v 0.937804 0.194679 -0.040944
v 0.956093 0.179596 0.009705
v 0.970494 0.160497 -0.030193
v 0.949067 0.179838 -0.123576
v 0.914688 0.205884 0.061489
v 0.855878 0.218117 0.012033
v 0.883715 0.213669 -0.087038
v 0.723478 0.202489 -0.031587
v 0.739614 0.210539 -0.072110
v 0.686503 0.173210 -0.068431
v 0.660052 0.131381 -0.038809
v 0.627063 0.111636 -0.054557
v 0.648122 0.119262 -0.022534
v 0.674898 -0.173094 -0.141914
v 0.708781 -0.202341 -0.140299
v 0.934923 -0.179850 -0.205207
v 0.953570 -0.159971 -0.180050
v 0.980492 -0.135874 -0.042808
v 0.970110 -0.105750 -0.191384
v 0.976084 -0.061721 -0.186567
v 0.979075 0.059337 -0.172487
v 0.957644 0.159971 -0.156947
v 0.914330 0.194790 -0.210975
v 0.696333 0.202056 -0.194748
v 0.705719 0.190811 -0.031370
v 0.671961 0.173307 -0.155526
v 0.631831 0.119157 -0.147322
v 0.582868 0.106551 -0.122307
v 0.652095 -0.131094 -0.105656
v 0.637032 -0.130519 -0.172664
v 0.713985 -0.210653 -0.201685
v 0.903683 -0.205835 -0.139092
v 0.910634 -0.194673 -0.223999
v 0.925499 -0.159866 -0.293909
v 0.969104 -0.041167 -0.227895
v 0.954785 0.107095 -0.254035
v 0.968544 0.135901 -0.159712
v 0.929255 0.160177 -0.282347
v 0.918528 0.179714 -0.265836
v 0.842095 0.213500 -0.275648
v 0.723098 0.216188 -0.254289
v 0.696211 0.210665 -0.261341
v 0.578316 0.111613 -0.252307
v 0.610866 -0.119236 -0.216591
v 0.692824 -0.190627 -0.138854
v 0.679243 -0.202085 -0.247225
v 0.689766 -0.216111 -0.333287
v 0.867529 -0.194805 -0.358129
v 0.880455 -0.179617 -0.375111
v 0.910653 -0.096947 -0.388795
v 0.927025 0.062561 -0.358357
v 0.880594 0.179450 -0.373741
v 0.874428 0.194673 -0.338828
v 0.900315 0.205701 -0.168896
v 0.748781 0.218108 -0.421485
v 0.691139 0.190500 -0.145330
v 0.653510 0.173167 -0.220274
v 0.487726 -0.106507 -0.341510
v 0.541206 -0.111698 -0.320389
v 0.574040 -0.119269 -0.301345
v 0.611388 -0.172982 -0.318942
v 0.666152 -0.190824 -0.233738
v 0.669834 -0.210560 -0.320474
v 0.698649 -0.219904 -0.445082
v 0.883650 -0.160143 -0.400803
v 0.921375 -0.136349 -0.337177
v 0.935345 -0.016156 -0.343011
v 0.891604 0.055378 -0.440050
v 0.871887 0.105156 -0.466035
v 0.869892 0.160456 -0.430963
v 0.827477 0.194501 -0.442297
v 0.773139 0.213642 -0.435198
v 0.791050 0.219147 -0.115618
v 0.623576 0.130305 -0.216127
v 0.596191 0.119333 -0.254607
v 0.528603 0.103316 -0.063737
v 0.510927 -0.103327 -0.140908
v 0.768705 -0.218140 -0.381665
v 0.863358 -0.205865 -0.307080
v 0.793024 -0.194669 -0.501378
v 0.817959 -0.179598 -0.495450
v 0.840246 -0.160550 -0.485117
v 0.874638 -0.093562 -0.465336
v 0.895283 -0.024418 -0.435480
v 0.840180 0.060340 -0.531916
v 0.632101 0.216087 -0.432404
v 0.620525 0.210575 -0.407113
v 0.595493 0.173410 -0.347921
v 0.553584 0.119263 -0.337442
v 0.518378 -0.119225 -0.389509
v 0.569113 -0.173053 -0.389341
v 0.627351 -0.191149 -0.326580
v 0.589604 -0.210665 -0.451628
v 0.574901 -0.216162 -0.507193
v 0.758174 -0.179467 -0.583094
v 0.770556 -0.159563 -0.591270
v 0.824904 -0.096350 -0.547719
v 0.802531 -0.060901 -0.586144
v 0.850540 0.136349 -0.489082
v 0.753287 0.179444 -0.589779
v 0.615287 0.219905 -0.564454
v 0.574937 0.202368 -0.438911
v 0.547995 0.172448 -0.418047
v 0.548475 0.130784 -0.367618
v 0.150288 0.100082 -0.230844
v 0.434611 -0.111650 -0.456453
v 0.610161 -0.218130 -0.600187
v 0.802803 -0.136375 -0.564167
v 0.747968 -0.106555 -0.646050
v 0.738194 -0.072219 -0.664215
v 0.772927 0.094308 -0.619260
v 0.800091 0.126116 -0.573340
v 0.715683 0.159723 -0.655803
v 0.539976 0.210620 -0.509287
v 0.451955 0.111646 -0.439821
v 0.013592 -0.100095 -0.298920
v 0.471479 -0.173188 -0.503274
v 0.560097 -0.190811 -0.430483
v 0.501156 -0.210547 -0.546915
v 0.580459 -0.213592 -0.673972
v 0.605339 -0.194559 -0.717773
v 0.675426 -0.179767 -0.677342
v 0.694500 -0.160290 -0.677445
v 0.771171 -0.000619 -0.630767
v 0.701598 -0.005265 -0.707431
v 0.696190 0.097130 -0.703961
v 0.677052 0.179707 -0.675174
v 0.639875 0.194790 -0.686345
v 0.569602 0.218130 -0.638807
v 0.664033 0.219162 -0.436419
v 0.495024 0.202222 -0.526233
v 0.570365 0.190789 -0.417499
v 0.478785 0.172055 -0.495629
v 0.281622 -0.106545 -0.523429
v 0.432434 -0.130591 -0.499079
v 0.499899 -0.190736 -0.498486
v 0.471899 -0.202118 -0.548744
v 0.443821 -0.216126 -0.623001
v 0.658988 -0.219166 -0.450796
v 0.674461 -0.205937 -0.619289
v 0.581423 -0.179467 -0.759457
v 0.713790 -0.135853 -0.673082
v 0.627374 0.062575 -0.770803
v 0.710284 0.135388 -0.677314
v 0.639717 0.160550 -0.729461
v 0.598621 0.179588 -0.745861
v 0.652052 0.205882 -0.641007
v 0.405848 0.210510 -0.623306
v 0.378814 0.119262 -0.526375
v 0.382185 -0.102439 -0.335195
v 0.361045 -0.119265 -0.538119
v 0.396102 -0.218171 -0.760909
v 0.514648 -0.159836 -0.823803
v 0.601769 -0.106572 -0.784242
v 0.634372 -0.021275 -0.767378
v 0.579348 0.022320 -0.809587
v 0.534800 0.061522 -0.837769
v 0.521206 0.194668 -0.780038
v 0.449754 0.213514 -0.764587
v 0.477821 0.191149 -0.521450
v 0.383965 0.173183 -0.573048
v 0.298126 0.111658 -0.554185
v 0.281655 -0.119262 -0.584158
v 0.419045 -0.190616 -0.569023
v 0.306408 -0.216163 -0.701974
v 0.548897 -0.205748 -0.731726
v 0.526019 -0.026756 -0.845081
v 0.538031 0.122285 -0.825309
v 0.474590 0.160301 -0.846232
v 0.487482 0.179602 -0.823468
v 0.540304 0.205910 -0.738457
v 0.329631 0.172840 -0.605393
v 0.256334 0.119250 -0.596803
v 0.287284 -0.130455 -0.594308
v 0.231442 -0.210587 -0.707054
v 0.393396 -0.179679 -0.871343
v 0.371589 -0.160155 -0.897097
v 0.498331 -0.136285 -0.844982
v 0.390397 -0.063415 -0.914024
v 0.371524 0.160149 -0.896937
v 0.468040 0.219161 -0.642763
v 0.312520 0.202287 -0.651550
v 0.379087 0.190811 -0.596085
v 0.258301 0.173300 -0.639816
v 0.160723 -0.119315 -0.628905
v 0.228753 -0.173321 -0.650507
v 0.320690 -0.190936 -0.629359
v 0.426564 -0.219155 -0.669569
v 0.422441 -0.205977 -0.811499
v 0.301558 -0.194668 -0.888357
v 0.296570 -0.179444 -0.909575
v 0.404186 -0.127889 -0.896776
v 0.320999 -0.106580 -0.935035
v 0.288920 -0.061703 -0.951161
v 0.439396 0.018464 -0.894182
v 0.333439 0.018873 -0.938241
v 0.353431 0.096699 -0.925075
v 0.422930 0.136474 -0.885679
v 0.327471 0.179622 -0.899716
v 0.412792 0.205793 -0.816175
v 0.200846 0.216140 -0.739034
v 0.202349 0.202277 -0.694221
v 0.282882 0.130358 -0.596330
v 0.181522 0.106523 -0.568526
v 0.173516 -0.173882 -0.668002
v 0.155621 -0.202181 -0.706026
v 0.132935 -0.216094 -0.753910
v 0.172468 -0.219702 -0.820795
v 0.331248 -0.213469 -0.825047
v 0.261326 -0.160133 -0.934398
v 0.260691 0.062409 -0.959161
v 0.246615 0.106992 -0.956625
v 0.230796 0.160155 -0.943184
v 0.213059 0.194501 -0.913756
v 0.264298 0.190590 -0.655547
v 0.180193 0.173756 -0.666270
v 0.207545 0.131595 -0.627573
v 0.129674 0.111704 -0.616682
v 0.077275 -0.106575 -0.586965
v 0.105903 -0.130618 -0.651619
v 0.197610 -0.132360 -0.631960
v 0.071467 -0.172381 -0.685919
v 0.056415 -0.213581 -0.887189
v 0.267942 -0.205784 -0.874971
v 0.183813 -0.194597 -0.919744
v 0.284817 -0.135857 -0.938917
v 0.190048 -0.123843 -0.966298
v 0.172814 -0.061871 -0.978763
v 0.239302 -0.025907 -0.966483
v 0.183563 0.023950 -0.978467
v 0.145067 0.097667 -0.979390
v 0.281620 0.135853 -0.939801
v 0.274261 0.205910 -0.872942
v 0.144540 0.213477 -0.875461
v 0.112799 0.172887 -0.679925
v 0.105747 0.119370 -0.640505
v 0.033095 -0.119268 -0.647674
v 0.058462 -0.210575 -0.739847
v -0.074838 -0.218106 -0.855403
v 0.060170 -0.194679 -0.936285
v 0.093723 -0.179886 -0.951629
v 0.044275 -0.159939 -0.969545
v 0.066331 0.094287 -0.988286
v 0.179093 0.135580 -0.964280
v 0.103728 0.159939 -0.964997
v 0.100115 0.194736 -0.932340
v 0.219709 0.219163 -0.763134
v -0.022888 0.216086 -0.767301
v 0.079569 0.210617 -0.737754
v 0.146651 0.190705 -0.690737
v 0.025962 0.172777 -0.689201
v 0.056806 0.130102 -0.657407
v 0.040696 -0.130843 -0.658995
v -0.043547 -0.173406 -0.688725
v 0.092908 -0.190749 -0.701225
v -0.006097 -0.202368 -0.724189
v 0.163666 -0.219166 -0.778878
v -0.123632 -0.219896 -0.816520
v -0.039581 -0.179430 -0.956064
v 0.087140 -0.136179 -0.976857
v -0.000001 -0.106538 -0.988078
v 0.018246 -0.061701 -0.993753
v 0.015462 0.026559 -0.995377
v -0.022324 0.095683 -0.989928
v 0.085469 0.136536 -0.976915
v -0.030193 0.160497 -0.970494
v 0.009705 0.179596 -0.956093
v -0.040944 0.194679 -0.937804
v -0.087038 0.213669 -0.883715
v 0.012033 0.218117 -0.855878
v -0.072110 0.210539 -0.739614
v -0.031587 0.202489 -0.723478
v 0.080901 0.197667 -0.709631
v -0.038809 0.131381 -0.660052
v -0.022534 0.119262 -0.648122
v -0.054557 0.111636 -0.627063
v 0.143933 -0.103303 -0.514653
v -0.150229 -0.111616 -0.612676
v -0.100611 -0.119317 -0.641459
v -0.072319 -0.160402 -0.967870
v -0.088107 -0.091215 -0.986942
v -0.043123 -0.021462 -0.994762
v -0.094811 0.061691 -0.989494
v -0.139727 0.105156 -0.978699
v -0.021216 0.135851 -0.980653
v -0.123576 0.179838 -0.949067
v 0.061489 0.205884 -0.914688
v -0.068431 0.173210 -0.686503
v -0.141914 -0.173094 -0.674898
v -0.140299 -0.202341 -0.708781
v -0.205207 -0.179850 -0.934923
v -0.180050 -0.159971 -0.953570
v -0.042808 -0.135874 -0.980492
v -0.191384 -0.105750 -0.970110
v -0.186567 -0.061721 -0.976084
v -0.172487 0.059337 -0.979075
v -0.156947 0.159971 -0.957644
v -0.210975 0.194790 -0.914330
v -0.194748 0.202056 -0.696333
v -0.031370 0.190811 -0.705719
v -0.155526 0.173307 -0.671961
v -0.147322 0.119157 -0.631831
v -0.122307 0.106551 -0.582868
v 0.042235 -0.101367 -0.440798
v -0.105656 -0.131094 -0.652095
v -0.172664 -0.130519 -0.637032
v -0.201685 -0.210653 -0.713985
v -0.139092 -0.205835 -0.903683
v -0.223999 -0.194673 -0.910634
v -0.293909 -0.159866 -0.925499
v -0.227895 -0.041167 -0.969104
v -0.254035 0.107095 -0.954785
v -0.159712 0.135901 -0.968544
v -0.282347 0.160177 -0.929255
v -0.265836 0.179714 -0.918528
v -0.275648 0.213500 -0.842095
v -0.254289 0.216188 -0.723098
v -0.261341 0.210665 -0.696211
v -0.252307 0.111613 -0.578316
v -0.216591 -0.119236 -0.610866
v -0.138854 -0.190627 -0.692824
v -0.247225 -0.202085 -0.679243
v -0.333287 -0.216111 -0.689766
v -0.358129 -0.194805 -0.867529
v -0.375111 -0.179617 -0.880455
v -0.388795 -0.096947 -0.910653
v -0.358357 0.062561 -0.927025
v -0.373741 0.179450 -0.880594
v -0.338828 0.194673 -0.874428
v -0.168896 0.205701 -0.900315
v -0.421485 0.218108 -0.748781
v -0.145330 0.190500 -0.691139
v -0.220274 0.173167 -0.653510
v -0.341510 -0.106507 -0.487726
v -0.320389 -0.111698 -0.541206
v -0.301345 -0.119269 -0.574040
v -0.318942 -0.172982 -0.611388
v -0.233738 -0.190824 -0.666152
v -0.320474 -0.210560 -0.669834
v -0.445082 -0.219904 -0.698649
v -0.400803 -0.160143 -0.883650
v -0.337177 -0.136349 -0.921375
v -0.343011 -0.016156 -0.935345
v -0.440050 0.055378 -0.891604
v -0.466035 0.105156 -0.871887
v -0.430963 0.160456 -0.869892
v -0.442297 0.194501 -0.827477
v -0.435198 0.213642 -0.773139
v -0.115618 0.219147 -0.791050
v -0.216127 0.130305 -0.623576
v -0.254607 0.119333 -0.596191
v -0.063737 0.103316 -0.528603
v -0.140908 -0.103327 -0.510927
v -0.381665 -0.218140 -0.768705
v -0.307080 -0.205865 -0.863358
v -0.501378 -0.194669 -0.793024
v -0.495450 -0.179598 -0.817959
v -0.485117 -0.160550 -0.840246
v -0.465336 -0.093562 -0.874638
v -0.435480 -0.024418 -0.895283
v -0.531916 0.060340 -0.840180
v -0.432404 0.216087 -0.632101
v -0.407113 0.210575 -0.620525
v -0.347921 0.173410 -0.595493
v -0.337442 0.119263 -0.553584
v -0.389509 -0.119225 -0.518378
v -0.389341 -0.173053 -0.569113
v -0.326580 -0.191149 -0.627351
v -0.451628 -0.210665 -0.589604
v -0.507193 -0.216162 -0.574901
v -0.583094 -0.179467 -0.758174
v -0.591270 -0.159563 -0.770556
v -0.547719 -0.096350 -0.824904
v -0.586144 -0.060901 -0.802531
v -0.489082 0.136349 -0.850540
v -0.589779 0.179444 -0.753287
v -0.564454 0.219905 -0.615287
v -0.438911 0.202368 -0.574937
v -0.418047 0.172448 -0.547995
v -0.367618 0.130784 -0.548475
v -0.215816 0.100011 -0.147385
v -0.456453 -0.111650 -0.434611
v -0.600187 -0.218130 -0.610161
v -0.564167 -0.136375 -0.802803
v -0.646050 -0.106555 -0.747968
v -0.664215 -0.072219 -0.738194
v -0.619260 0.094308 -0.772927
v -0.573340 0.126116 -0.800091
v -0.655803 0.159723 -0.715683
v -0.509287 0.210620 -0.539976
v -0.439821 0.111646 -0.451955
v -0.311071 -0.100166 -0.017405
v -0.503274 -0.173188 -0.471479
v -0.430483 -0.190811 -0.560097
v -0.546915 -0.210547 -0.501156
v -0.673972 -0.213592 -0.580459
v -0.717773 -0.194559 -0.605339
v -0.677342 -0.179767 -0.675426
v -0.677445 -0.160290 -0.694500
v -0.630767 -0.000619 -0.771171
v -0.707431 -0.005265 -0.701598
v -0.703961 0.097130 -0.696190
v -0.675174 0.179707 -0.677052
v -0.686345 0.194790 -0.639875
v -0.638807 0.218130 -0.569602
v -0.436419 0.219162 -0.664033
v -0.526233 0.202222 -0.495024
v -0.417499 0.190789 -0.570365
v -0.495629 0.172055 -0.478785
v -0.523429 -0.106545 -0.281622
v -0.499079 -0.130591 -0.432434
v -0.498486 -0.190736 -0.499899
v -0.548744 -0.202118 -0.471899
v -0.623001 -0.216126 -0.443821
v -0.450796 -0.219166 -0.658988
v -0.619289 -0.205937 -0.674461
v -0.759457 -0.179467 -0.581423
v -0.673082 -0.135853 -0.713790
v -0.770803 0.062575 -0.627374
v -0.677314 0.135388 -0.710284
v -0.729461 0.160550 -0.639717
v -0.745861 0.179588 -0.598621
v -0.641007 0.205882 -0.652052
v -0.623306 0.210510 -0.405848
v -0.526375 0.119262 -0.378814
v -0.335195 -0.102439 -0.382185
v -0.538119 -0.119265 -0.361045
v -0.760909 -0.218171 -0.396102
v -0.823803 -0.159836 -0.514648
v -0.784242 -0.106572 -0.601769
v -0.767378 -0.021275 -0.634372
v -0.809587 0.022320 -0.579348
v -0.837769 0.061522 -0.534800
v -0.780038 0.194668 -0.521206
v -0.764587 0.213514 -0.449754
v -0.521450 0.191149 -0.477821
v -0.573048 0.173183 -0.383965
v -0.554185 0.111658 -0.298126
v -0.584158 -0.119262 -0.281655
v -0.569023 -0.190616 -0.419045
v -0.701974 -0.216163 -0.306408
v -0.731726 -0.205748 -0.548897
v -0.845081 -0.026756 -0.526019
v -0.825309 0.122285 -0.538031
v -0.846232 0.160301 -0.474590
v -0.823468 0.179602 -0.487482
v -0.738457 0.205910 -0.540304
v -0.605393 0.172840 -0.329631
v -0.596803 0.119250 -0.256334
v -0.594308 -0.130455 -0.287284
v -0.707054 -0.210587 -0.231442
v -0.871343 -0.179679 -0.393396
v -0.897097 -0.160155 -0.371589
v -0.844982 -0.136285 -0.498331
v -0.914024 -0.063415 -0.390397
v -0.896937 0.160149 -0.371524
v -0.642763 0.219161 -0.468040
v -0.651550 0.202287 -0.312520
v -0.596085 0.190811 -0.379087
v -0.639816 0.173300 -0.258301
v -0.628905 -0.119315 -0.160723
v -0.650507 -0.173321 -0.228753
v -0.629359 -0.190936 -0.320690
v -0.669569 -0.219155 -0.426564
v -0.811499 -0.205977 -0.422441
v -0.888357 -0.194668 -0.301558
v -0.909575 -0.179444 -0.296570
v -0.896776 -0.127889 -0.404186
v -0.935035 -0.106580 -0.320999
v -0.951161 -0.061703 -0.288920
v -0.894182 0.018464 -0.439396
v -0.938241 0.018873 -0.333439
v -0.925075 0.096699 -0.353431
v -0.885679 0.136474 -0.422930
v -0.899716 0.179622 -0.327471
v -0.816175 0.205793 -0.412792
v -0.739034 0.216140 -0.200846
v -0.694221 0.202277 -0.202349
v -0.596330 0.130358 -0.282882
v -0.568526 0.106523 -0.181522
v -0.668002 -0.173882 -0.173516
v -0.706026 -0.202181 -0.155621
v -0.753910 -0.216094 -0.132935
v -0.820795 -0.219702 -0.172468
v -0.825047 -0.213469 -0.331248
v -0.934398 -0.160133 -0.261326
v -0.959161 0.062409 -0.260691
v -0.956625 0.106992 -0.246615
v -0.943184 0.160155 -0.230796
v -0.913756 0.194501 -0.213059
v -0.655547 0.190590 -0.264298
v -0.666270 0.173756 -0.180193
v -0.627573 0.131595 -0.207545
v -0.616682 0.111704 -0.129674
v -0.586965 -0.106575 -0.077275
v -0.656293 -0.130849 -0.079096
v -0.631960 -0.132360 -0.197610
v -0.685919 -0.172381 -0.071467
v -0.887189 -0.213581 -0.056415
v -0.874971 -0.205784 -0.267942
v -0.919744 -0.194597 -0.183813
v -0.938917 -0.135857 -0.284817
v -0.966298 -0.123843 -0.190048
v -0.978763 -0.061871 -0.172814
v -0.966483 -0.025907 -0.239302
v -0.978467 0.023950 -0.183563
v -0.979390 0.097667 -0.145067
v -0.939801 0.135853 -0.281620
v -0.872942 0.205910 -0.274261
v -0.875461 0.213477 -0.144540
v -0.679925 0.172887 -0.112799
v -0.640505 0.119370 -0.105747
v -0.647674 -0.119268 -0.033095
v -0.739847 -0.210575 -0.058462
v -0.855403 -0.218106 0.074838
v -0.936285 -0.194679 -0.060170
v -0.951629 -0.179886 -0.093723
v -0.969545 -0.159939 -0.044275
v -0.988286 0.094287 -0.066331
v -0.964280 0.135580 -0.179093
v -0.964997 0.159939 -0.103728
v -0.932340 0.194736 -0.100115
v -0.763134 0.219163 -0.219709
v -0.767301 0.216086 0.022888
v -0.737754 0.210617 -0.079569
v -0.690737 0.190705 -0.146651
v -0.689201 0.172777 -0.025962
v -0.657407 0.130102 -0.056806
v -0.688725 -0.173406 0.043547
v -0.701225 -0.190749 -0.092908
v -0.724189 -0.202368 0.006097
v -0.778878 -0.219166 -0.163666
v -0.816520 -0.219896 0.123632
v -0.956064 -0.179430 0.039581
v -0.976857 -0.136179 -0.087140
v -0.988078 -0.106538 0.000001
v -0.993753 -0.061701 -0.018246
v -0.995377 0.026559 -0.015462
v -0.989928 0.095683 0.022324
v -0.976915 0.136536 -0.085469
v -0.970494 0.160497 0.030193
v -0.956093 0.179596 -0.009705
v -0.937804 0.194679 0.040944
v -0.883715 0.213669 0.087038
v -0.855878 0.218117 -0.012033
v -0.739614 0.210539 0.072110
v -0.723478 0.202489 0.031587
v -0.709631 0.197667 -0.080901
v -0.660052 0.131381 0.038809
v -0.648122 0.119262 0.022534
v -0.627063 0.111636 0.054557
v -0.514653 -0.103303 -0.143933
v -0.612676 -0.111616 0.150229
v -0.641459 -0.119317 0.100611
v -0.967870 -0.160402 0.072319
v -0.986942 -0.091215 0.088107
v -0.994762 -0.021462 0.043123
v -0.989494 0.061691 0.094811
v -0.978699 0.105156 0.139727
v -0.980653 0.135851 0.021216
v -0.949067 0.179838 0.123576
v -0.914688 0.205884 -0.061489
v -0.686503 0.173210 0.068431
v -0.674898 -0.173094 0.141914
v -0.708781 -0.202341 0.140299
v -0.934923 -0.179850 0.205207
v -0.953570 -0.159971 0.180050
v -0.980492 -0.135874 0.042808
v -0.970110 -0.105750 0.191384
v -0.976084 -0.061721 0.186567
v -0.979075 0.059337 0.172487
v -0.957644 0.159971 0.156947
v -0.914330 0.194790 0.210975
v -0.696333 0.202056 0.194748
v -0.705719 0.190811 0.031370
v -0.671961 0.173307 0.155526
v -0.631831 0.119157 0.147322
v -0.582868 0.106551 0.122307
v -0.440798 -0.101367 -0.042235
v -0.652095 -0.131094 0.105656
v -0.637032 -0.130519 0.172664
v -0.713985 -0.210653 0.201685
v -0.903683 -0.205835 0.139092
v -0.910634 -0.194673 0.223999
v -0.925499 -0.159866 0.293909
v -0.969104 -0.041167 0.227895
v -0.954785 0.107095 0.254035
v -0.968544 0.135901 0.159712
v -0.929255 0.160177 0.282347
v -0.918528 0.179714 0.265836
v -0.842095 0.213500 0.275648
v -0.723098 0.216188 0.254289
v -0.696211 0.210665 0.261341
v -0.578316 0.111613 0.252307
v -0.610866 -0.119236 0.216591
v -0.692824 -0.190627 0.138854
v -0.679243 -0.202085 0.247225
v -0.689766 -0.216111 0.333287
v -0.867529 -0.194805 0.358129
v -0.880455 -0.179617 0.375111
v -0.910653 -0.096947 0.388795
v -0.927025 0.062561 0.358357
v -0.880594 0.179450 0.373741
v -0.874428 0.194673 0.338828
v -0.900315 0.205701 0.168896
v -0.748781 0.218108 0.421485
v -0.691139 0.190500 0.145330
v -0.653510 0.173167 0.220274
v -0.487726 -0.106507 0.341510
v -0.541206 -0.111698 0.320389
v -0.574040 -0.119269 0.301345
v -0.611388 -0.172982 0.318942
v -0.666152 -0.190824 0.233738
v -0.669834 -0.210560 0.320474
v -0.698649 -0.219904 0.445082
v -0.883650 -0.160143 0.400803
v -0.921375 -0.136349 0.337177
v -0.935345 -0.016156 0.343011
v -0.891604 0.055378 0.440050
v -0.871887 0.105156 0.466035
v -0.869892 0.160456 0.430963
v -0.827477 0.194501 0.442297
v -0.773139 0.213642 0.435198
v -0.791050 0.219147 0.115618
v -0.623576 0.130305 0.216127
v -0.596191 0.119333 0.254607
v -0.528603 0.103316 0.063737
v -0.510927 -0.103327 0.140908
v -0.768705 -0.218140 0.381665
v -0.863358 -0.205865 0.307080
v -0.793024 -0.194669 0.501378
v -0.817959 -0.179598 0.495450
v -0.840246 -0.160550 0.485117
v -0.874638 -0.093562 0.465336
v -0.895283 -0.024418 0.435480
v -0.840180 0.060340 0.531916
v -0.632101 0.216087 0.432404
v -0.620525 0.210575 0.407113
v -0.595493 0.173410 0.347921
v -0.553584 0.119263 0.337442
v -0.518378 -0.119225 0.389509
v -0.569113 -0.173053 0.389341
v -0.627351 -0.191149 0.326580
v -0.589604 -0.210665 0.451628
v -0.574901 -0.216162 0.507193
v -0.758174 -0.179467 0.583094
v -0.770556 -0.159563 0.591270
v -0.824904 -0.096350 0.547719
v -0.802531 -0.060901 0.586144
v -0.850540 0.136349 0.489082
v -0.753287 0.179444 0.589779
v -0.615287 0.219905 0.564454
v -0.574937 0.202368 0.438911
v -0.547995 0.172448 0.418047
v -0.548475 0.130784 0.367618
v -0.075766 0.100191 0.305547
v -0.434611 -0.111650 0.456453
v -0.610161 -0.218130 0.600187
v -0.802803 -0.136375 0.564167
v -0.747968 -0.106555 0.646050
v -0.738194 -0.072219 0.664215
v -0.772927 0.094308 0.619260
v -0.800091 0.126116 0.573340
v -0.715683 0.159723 0.655803
v -0.539976 0.210620 0.509287
v -0.451955 0.111646 0.439821
v -0.122217 -0.100051 0.237917
v -0.471479 -0.173188 0.503274
v -0.560097 -0.190811 0.430483
v -0.501156 -0.210547 0.546915
v -0.580459 -0.213592 0.673972
v -0.605339 -0.194559 0.717773
v -0.675426 -0.179767 0.677342
v -0.694500 -0.160290 0.677445
v -0.771171 -0.000619 0.630767
v -0.701598 -0.005265 0.707431
v -0.696190 0.097130 0.703961
v -0.677052 0.179707 0.675174
v -0.639875 0.194790 0.686345
v -0.569602 0.218130 0.638807
v -0.664033 0.219162 0.436419
v -0.495024 0.202222 0.526233
v -0.570365 0.190789 0.417499
v -0.478785 0.172055 0.495629
v -0.281622 -0.106545 0.523429
v -0.432434 -0.130591 0.499079
v -0.499899 -0.190736 0.498486
v -0.471899 -0.202118 0.548744
v -0.443821 -0.216126 0.623001
v -0.658988 -0.219166 0.450796
v -0.674461 -0.205937 0.619289
v -0.581423 -0.179467 0.759457
v -0.713790 -0.135853 0.673082
v -0.627374 0.062575 0.770803
v -0.710284 0.135388 0.677314
v -0.639717 0.160550 0.729461
v -0.598621 0.179588 0.745861
v -0.652052 0.205882 0.641007
v -0.405848 0.210510 0.623306
v -0.378814 0.119262 0.526375
v -0.382185 -0.102439 0.335195
v -0.361045 -0.119265 0.538119
v -0.396102 -0.218171 0.760909
v -0.514648 -0.159836 0.823803
v -0.601769 -0.106572 0.784242
v -0.634372 -0.021275 0.767378
v -0.579348 0.022320 0.809587
v -0.534800 0.061522 0.837769
v -0.521206 0.194668 0.780038
v -0.449754 0.213514 0.764587
v -0.477821 0.191149 0.521450
v -0.383965 0.173183 0.573048
v -0.298126 0.111658 0.554185
v -0.281655 -0.119262 0.584158
v -0.419045 -0.190616 0.569023
v -0.306408 -0.216163 0.701974
v -0.548897 -0.205748 0.731726
v -0.526019 -0.026756 0.845081
v -0.538031 0.122285 0.825309
v -0.474590 0.160301 0.846232
v -0.487482 0.179602 0.823468
v -0.540304 0.205910 0.738457
v -0.329631 0.172840 0.605393
v -0.256334 0.119250 0.596803
v -0.287284 -0.130455 0.594308
v -0.231442 -0.210587 0.707054
v -0.393396 -0.179679 0.871343
v -0.371589 -0.160155 0.897097
v -0.498331 -0.136285 0.844982
v -0.390397 -0.063415 0.914024
v -0.371524 0.160149 0.896937
v -0.468040 0.219161 0.642763
v -0.312520 0.202287 0.651550
v -0.379087 0.190811 0.596085
v -0.258301 0.173300 0.639816
v -0.160723 -0.119315 0.628905
v -0.228753 -0.173321 0.650507
v -0.320690 -0.190936 0.629359
v -0.426564 -0.219155 0.669569
v -0.422441 -0.205977 0.811499
v -0.301558 -0.194668 0.888357
v -0.296570 -0.179444 0.909575
v -0.404186 -0.127889 0.896776
v -0.320999 -0.106580 0.935035
v -0.288920 -0.061703 0.951161
v -0.439396 0.018464 0.894182
v -0.333439 0.018873 0.938241
v -0.353431 0.096699 0.925075
v -0.422930 0.136474 0.885679
v -0.327471 0.179622 0.899716
v -0.412792 0.205793 0.816175
v -0.200846 0.216140 0.739034
v -0.202349 0.202277 0.694221
v -0.282882 0.130358 0.596330
v -0.181522 0.106523 0.568526
v -0.173516 -0.173882 0.668002
v -0.155621 -0.202181 0.706026
v -0.132935 -0.216094 0.753910
v -0.172468 -0.219702 0.820795
v -0.331248 -0.213469 0.825047
v -0.261326 -0.160133 0.934398
v -0.260691 0.062409 0.959161
v -0.246615 0.106992 0.956625
v -0.230796 0.160155 0.943184
v -0.213059 0.194501 0.913756
v -0.264298 0.190590 0.655547
v -0.180193 0.173756 0.666270
v -0.207545 0.131595 0.627573
v -0.129674 0.111704 0.616682
v 0.129981 -0.100006 0.237277
v -0.077275 -0.106575 0.586965
v -0.079096 -0.130849 0.656293
v -0.197610 -0.132360 0.631960
v -0.071467 -0.172381 0.685919
v -0.056415 -0.213581 0.887189
v -0.267942 -0.205784 0.874971
v -0.183813 -0.194597 0.919744
v -0.284817 -0.135857 0.938917
v -0.190048 -0.123843 0.966298
v -0.172814 -0.061871 0.978763
v -0.239302 -0.025907 0.966483
v -0.183563 0.023950 0.978467
v -0.145067 0.097667 0.979390
v -0.281620 0.135853 0.939801
v -0.274261 0.205910 0.872942
v -0.144540 0.213477 0.875461
v -0.112799 0.172887 0.679925
v -0.105747 0.119370 0.640505
v -0.033095 -0.119268 0.647674
v -0.058462 -0.210575 0.739847
v 0.074838 -0.218106 0.855403
v -0.060170 -0.194679 0.936285
v -0.093723 -0.179886 0.951629
v -0.044275 -0.159939 0.969545
v -0.066331 0.094287 0.988286
v -0.179093 0.135580 0.964280
v -0.103728 0.159939 0.964997
v -0.100115 0.194736 0.932340
v -0.219709 0.219163 0.763134
v 0.022888 0.216086 0.767301
v -0.079569 0.210617 0.737754
v -0.146651 0.190705 0.690737
v -0.025962 0.172777 0.689201
v -0.056806 0.130102 0.657407
v 0.043547 -0.173406 0.688725
v -0.092908 -0.190749 0.701225
v 0.006097 -0.202368 0.724189
v -0.163666 -0.219166 0.778878
v 0.123632 -0.219896 0.816520
v 0.039581 -0.179430 0.956064
v -0.087140 -0.136179 0.976857
v 0.000001 -0.106538 0.988078
v -0.018246 -0.061701 0.993753
v -0.015462 0.026559 0.995377
v 0.022324 0.095683 0.989928
v -0.085469 0.136536 0.976915
v 0.030193 0.160497 0.970494
v -0.009705 0.179596 0.956093
v 0.040944 0.194679 0.937804
v 0.087038 0.213669 0.883715
v -0.012033 0.218117 0.855878
v 0.072110 0.210539 0.739614
v 0.031587 0.202489 0.723478
v -0.080901 0.197667 0.709631
v 0.038809 0.131381 0.660052
v 0.022534 0.119262 0.648122
v 0.054557 0.111636 0.627063
v -0.143933 -0.103303 0.514653
v 0.150229 -0.111616 0.612676
v 0.100611 -0.119317 0.641459
v 0.072319 -0.160402 0.967870
v 0.088107 -0.091215 0.986942
v 0.043123 -0.021462 0.994762
v 0.094811 0.061691 0.989494
v 0.139727 0.105156 0.978699
v 0.021216 0.135851 0.980653
v 0.123576 0.179838 0.949067
v -0.061489 0.205884 0.914688
v 0.068431 0.173210 0.686503
v 0.141914 -0.173094 0.674898
v 0.140299 -0.202341 0.708781
v 0.205207 -0.179850 0.934923
v 0.180050 -0.159971 0.953570
v 0.042808 -0.135874 0.980492
v 0.191384 -0.105750 0.970110
v 0.186567 -0.061721 0.976084
v 0.172487 0.059337 0.979075
v 0.156947 0.159971 0.957644
v 0.210975 0.194790 0.914330
v 0.194748 0.202056 0.696333
v 0.031370 0.190811 0.705719
v 0.155526 0.173307 0.671961
v 0.147322 0.119157 0.631831
v 0.122307 0.106551 0.582868
v -0.042235 -0.101367 0.440798
v 0.105656 -0.131094 0.652095
v 0.172664 -0.130519 0.637032
v 0.201685 -0.210653 0.713985
v 0.139092 -0.205835 0.903683
v 0.223999 -0.194673 0.910634
v 0.293909 -0.159866 0.925499
v 0.227895 -0.041167 0.969104
v 0.254035 0.107095 0.954785
v 0.159712 0.135901 0.968544
v 0.282347 0.160177 0.929255
v 0.265836 0.179714 0.918528
v 0.275648 0.213500 0.842095
v 0.254289 0.216188 0.723098
v 0.261341 0.210665 0.696211
v 0.252307 0.111613 0.578316
v 0.216591 -0.119236 0.610866
v 0.138854 -0.190627 0.692824
v 0.247225 -0.202085 0.679243
v 0.333287 -0.216111 0.689766
v 0.358129 -0.194805 0.867529
v 0.375111 -0.179617 0.880455
v 0.388795 -0.096947 0.910653
v 0.358357 0.062561 0.927025
v 0.373741 0.179450 0.880594
v 0.338828 0.194673 0.874428
v 0.168896 0.205701 0.900315
v 0.421485 0.218108 0.748781
v 0.145330 0.190500 0.691139
v 0.220274 0.173167 0.653510
v 0.341510 -0.106507 0.487726
v 0.320389 -0.111698 0.541206
v 0.301345 -0.119269 0.574040
v 0.318942 -0.172982 0.611388
v 0.233738 -0.190824 0.666152
v 0.320474 -0.210560 0.669834
v 0.445082 -0.219904 0.698649
v 0.400803 -0.160143 0.883650
v 0.337177 -0.136349 0.921375
v 0.343011 -0.016156 0.935345
v 0.440050 0.055378 0.891604
v 0.466035 0.105156 0.871887
v 0.430963 0.160456 0.869892
v 0.442297 0.194501 0.827477
v 0.435198 0.213642 0.773139
v 0.115618 0.219147 0.791050
v 0.216127 0.130305 0.623576
v 0.254607 0.119333 0.596191
v 0.063737 0.103316 0.528603
v 0.140908 -0.103327 0.510927
v 0.381665 -0.218140 0.768705
v 0.307080 -0.205865 0.863358
v 0.501378 -0.194669 0.793024
v 0.495450 -0.179598 0.817959
v 0.485117 -0.160550 0.840246
v 0.465336 -0.093562 0.874638
v 0.435480 -0.024418 0.895283
v 0.531916 0.060340 0.840180
v 0.432404 0.216087 0.632101
v 0.407113 0.210575 0.620525
v 0.347921 0.173410 0.595493
v 0.337442 0.119263 0.553584
v 0.389509 -0.119225 0.518378
v 0.389341 -0.173053 0.569113
v 0.326580 -0.191149 0.627351
v 0.451628 -0.210665 0.589604
v 0.507193 -0.216162 0.574901
v 0.583094 -0.179467 0.758174
v 0.591270 -0.159563 0.770556
v 0.547719 -0.096350 0.824904
v 0.586144 -0.060901 0.802531
v 0.489082 0.136349 0.850540
v 0.589779 0.179444 0.753287
v 0.564454 0.219905 0.615287
v 0.438911 0.202368 0.574937
v 0.418047 0.172448 0.547995
v 0.367618 0.130784 0.548475
v 0.220398 0.100051 0.155137
v 0.456453 -0.111650 0.434611
v 0.600187 -0.218130 0.610161
v 0.564167 -0.136375 0.802803
v 0.646050 -0.106555 0.747968
v 0.664215 -0.072219 0.738194
v 0.619260 0.094308 0.772927
v 0.573340 0.126116 0.800091
v 0.655803 0.159723 0.715683
v 0.509287 0.210620 0.539976
v 0.439821 0.111646 0.451955
v 0.399574 -0.100697 0.025878
v 0.503274 -0.173188 0.471479
v 0.430483 -0.190811 0.560097
v 0.546915 -0.210547 0.501156
v 0.673972 -0.213592 0.580459
v 0.717773 -0.194559 0.605339
v 0.677342 -0.179767 0.675426
v 0.677445 -0.160290 0.694500
v 0.630767 -0.000619 0.771171
v 0.707431 -0.005265 0.701598
v 0.703961 0.097130 0.696190
v 0.675174 0.179707 0.677052
v 0.686345 0.194790 0.639875
v 0.638807 0.218130 0.569602
v 0.436419 0.219162 0.664033
v 0.526233 0.202222 0.495024
v 0.417499 0.190789 0.570365
v 0.495629 0.172055 0.478785
v 0.523429 -0.106545 0.281622
v 0.499079 -0.130591 0.432434
v 0.498486 -0.190736 0.499899
v 0.548744 -0.202118 0.471899
v 0.623001 -0.216126 0.443821
v 0.450796 -0.219166 0.658988
v 0.619289 -0.205937 0.674461
v 0.759457 -0.179467 0.581423
v 0.673082 -0.135853 0.713790
v 0.770803 0.062575 0.627374
v 0.677314 0.135388 0.710284
v 0.729461 0.160550 0.639717
v 0.745861 0.179588 0.598621
v 0.641007 0.205882 0.652052
v 0.623306 0.210510 0.405848
v 0.526375 0.119262 0.378814
v 0.335195 -0.102439 0.382185
v 0.538119 -0.119265 0.361045
v 0.760909 -0.218171 0.396102
v 0.823803 -0.159836 0.514648
v 0.784242 -0.106572 0.601769
v 0.767378 -0.021275 0.634372
v 0.809587 0.022320 0.579348
v 0.837769 0.061522 0.534800
v 0.780038 0.194668 0.521206
v 0.764587 0.213514 0.449754
v 0.521450 0.191149 0.477821
v 0.573048 0.173183 0.383965
v 0.554185 0.111658 0.298126
v 0.584158 -0.119262 0.281655
v 0.569023 -0.190616 0.419045
v 0.701974 -0.216163 0.306408
v 0.731726 -0.205748 0.548897
v 0.845081 -0.026756 0.526019
v 0.825309 0.122285 0.538031
v 0.846232 0.160301 0.474590
v 0.823468 0.179602 0.487482
v 0.738457 0.205910 0.540304
v 0.605393 0.172840 0.329631
v 0.596803 0.119250 0.256334
v 0.594308 -0.130455 0.287284
v 0.707054 -0.210587 0.231442
v 0.871343 -0.179679 0.393396
v 0.897097 -0.160155 0.371589
v 0.844982 -0.136285 0.498331
v 0.914024 -0.063415 0.390397
v 0.896937 0.160149 0.371524
v 0.642763 0.219161 0.468040
v 0.651550 0.202287 0.312520
v 0.596085 0.190811 0.379087
v 0.639816 0.173300 0.258301
v 0.628905 -0.119315 0.160723
v 0.650507 -0.173321 0.228753
v 0.629359 -0.190936 0.320690
v 0.669569 -0.219155 0.426564
v 0.811499 -0.205977 0.422441
v 0.888357 -0.194668 0.301558
v 0.909575 -0.179444 0.296570
v 0.896776 -0.127889 0.404186
v 0.935035 -0.106580 0.320999
v 0.951161 -0.061703 0.288920
v 0.894182 0.018464 0.439396
v 0.938241 0.018873 0.333439
v 0.925075 0.096699 0.353431
v 0.885679 0.136474 0.422930
v 0.899716 0.179622 0.327471
v 0.816175 0.205793 0.412792
v 0.739034 0.216140 0.200846
v 0.694221 0.202277 0.202349
v 0.596330 0.130358 0.282882
v 0.568526 0.106523 0.181522
v 0.668002 -0.173882 0.173516
v 0.706026 -0.202181 0.155621
v 0.753910 -0.216094 0.132935
v 0.820795 -0.219702 0.172468
v 0.825047 -0.213469 0.331248
v 0.934398 -0.160133 0.261326
v 0.959161 0.062409 0.260691
v 0.956625 0.106992 0.246615
v 0.943184 0.160155 0.230796
v 0.913756 0.194501 0.213059
v 0.655547 0.190590 0.264298
v 0.666270 0.173756 0.180193
v 0.627573 0.131595 0.207545
v 0.616682 0.111704 0.129674
v 0.586965 -0.106575 0.077275
v 0.656293 -0.130849 0.079096
v 0.631960 -0.132360 0.197610
v 0.685919 -0.172381 0.071467
v 0.887189 -0.213581 0.056415
v 0.874971 -0.205784 0.267942
v 0.919744 -0.194597 0.183813
v 0.938917 -0.135857 0.284817
v 0.966298 -0.123843 0.190048
v 0.978763 -0.061871 0.172814
v 0.966483 -0.025907 0.239302
v 0.978467 0.023950 0.183563
v 0.979390 0.097667 0.145067
v 0.939801 0.135853 0.281620
v 0.872942 0.205910 0.274261
v 0.875461 0.213477 0.144540
v 0.679925 0.172887 0.112799
v 0.640505 0.119370 0.105747
v 0.647674 -0.119268 0.033095
v 0.739847 -0.210575 0.058462
v 0.855403 -0.218106 -0.074838
v 0.936285 -0.194679 0.060170
v 0.951629 -0.179886 0.093723
v 0.969545 -0.159939 0.044275
v 0.988286 0.094287 0.066331
v 0.964280 0.135580 0.179093
v 0.964997 0.159939 0.103728
v 0.932340 0.194736 0.100115
v 0.763134 0.219163 0.219709
v 0.767301 0.216086 -0.022888
v 0.737754 0.210617 0.079569
v 0.690737 0.190705 0.146651
v 0.689201 0.172777 0.025962
v 0.657407 0.130102 0.056806
v 0.701225 -0.190749 0.092908
v 0.778878 -0.219166 0.163666
v 0.976857 -0.136179 0.087140
v 0.976915 0.136536 0.085469
v 0.709631 0.197667 0.080901
v 0.582323 -0.106555 -0.110883
v 0.738215 -0.210665 -0.081481
v 0.933848 -0.194684 -0.093195
v 0.856138 -0.213592 -0.241244
v 0.819092 0.219733 -0.177967
v 0.958953 0.058098 -0.262512
v 0.648854 -0.172480 -0.232417
v 0.942334 -0.096656 -0.303278
v 0.603349 -0.129350 -0.266320
v 0.645272 0.202274 -0.326003
v 0.626541 0.172880 -0.287452
v 0.637365 -0.202284 -0.339785
v 0.747973 -0.213631 -0.476512
v 0.824746 0.179591 -0.484482
v 0.448655 0.106509 -0.393103
v 0.539289 -0.130678 -0.381892
v 0.583500 -0.202465 -0.427842
v 0.794260 0.160440 -0.558066
v 0.750011 0.194684 -0.564129
v 0.523522 -0.173798 -0.449549
v 0.713184 -0.194753 -0.609092
v 0.627708 0.213517 -0.628681
v 0.478510 0.119143 -0.438474
v 0.439253 -0.119260 -0.477395
v 0.481859 -0.131052 -0.451535
v 0.740313 0.055291 -0.663657
v 0.523095 0.216178 -0.558505
v 0.435325 -0.219896 -0.703890
v 0.625009 -0.160350 -0.742294
v 0.667886 -0.094460 -0.731250
v 0.397213 -0.173291 -0.564459
v 0.398521 -0.210665 -0.626723
v 0.587151 -0.065353 -0.801596
v 0.556776 0.159723 -0.795160
v 0.383616 0.216108 -0.663367
v 0.409718 0.202363 -0.595790
v 0.378673 0.130876 -0.541624
v 0.282708 -0.111639 -0.562149
v 0.313176 -0.202237 -0.652918
v 0.451604 -0.194683 -0.823169
v 0.484481 -0.179591 -0.824747
v 0.496866 -0.106540 -0.854132
v 0.384858 0.218130 -0.764464
v 0.308105 -0.172465 -0.616730
v 0.484902 -0.062403 -0.867705
v 0.455307 0.092483 -0.879945
v 0.370795 0.194836 -0.862647
v 0.199229 0.219776 -0.814181
v 0.302959 0.213593 -0.832374
v 0.223558 0.210726 -0.709036
v 0.154113 -0.111678 -0.609154
v 0.194813 -0.179496 -0.936156
v 0.159804 -0.160401 -0.957322
v 0.143497 0.179399 -0.946695
v 0.032354 -0.111646 -0.627873
v 0.099684 -0.097183 -0.984853
v 0.100037 0.004453 -0.991277
v -0.108280 0.100958 -0.401861
v -0.100337 -0.216186 -0.762144
v -0.110883 -0.106555 -0.582323
v -0.081481 -0.210665 -0.738215
v -0.093195 -0.194684 -0.933848
v -0.241244 -0.213592 -0.856138
v -0.177967 0.219733 -0.819092
v -0.262512 0.058098 -0.958953
v -0.232417 -0.172480 -0.648854
v -0.303278 -0.096656 -0.942334
v -0.266320 -0.129350 -0.603349
v -0.326003 0.202274 -0.645272
v -0.287452 0.172880 -0.626541
v -0.339785 -0.202284 -0.637365
v -0.476512 -0.213631 -0.747973
v -0.484482 0.179591 -0.824746
v -0.393103 0.106509 -0.448655
v -0.381892 -0.130678 -0.539289
v -0.427842 -0.202465 -0.583500
v -0.558066 0.160440 -0.794260
v -0.564129 0.194684 -0.750011
v -0.449549 -0.173798 -0.523522
v -0.609092 -0.194753 -0.713184
v -0.628681 0.213517 -0.627708
v -0.438474 0.119143 -0.478510
v -0.477395 -0.119260 -0.439253
v -0.451535 -0.131052 -0.481859
v -0.663657 0.055291 -0.740313
v -0.558505 0.216178 -0.523095
v -0.703890 -0.219896 -0.435325
v -0.742294 -0.160350 -0.625009
v -0.731250 -0.094460 -0.667886
v -0.564459 -0.173291 -0.397213
v -0.626723 -0.210665 -0.398521
v -0.801596 -0.065353 -0.587151
v -0.795160 0.159723 -0.556776
v -0.663367 0.216108 -0.383616
v -0.595790 0.202363 -0.409718
v -0.541624 0.130876 -0.378673
v -0.562149 -0.111639 -0.282708
v -0.652918 -0.202237 -0.313176
v -0.823169 -0.194683 -0.451604
v -0.824747 -0.179591 -0.484481
v -0.854132 -0.106540 -0.496866
v -0.764464 0.218130 -0.384858
v -0.616730 -0.172465 -0.308105
v -0.867705 -0.062403 -0.484902
v -0.879945 0.092483 -0.455307
v -0.862647 0.194836 -0.370795
v -0.814181 0.219776 -0.199229
v -0.832374 0.213593 -0.302959
v -0.709036 0.210726 -0.223558
v -0.609154 -0.111678 -0.154113
v -0.936156 -0.179496 -0.194813
v -0.957322 -0.160401 -0.159804
v -0.946695 0.179399 -0.143497
v -0.627873 -0.111646 -0.032354
v -0.984853 -0.097183 -0.099684
v -0.991277 0.004453 -0.100037
v -0.401861 0.100958 0.108280
v -0.762144 -0.216186 0.100337
v -0.582323 -0.106555 0.110883
v -0.738215 -0.210665 0.081481
v -0.933848 -0.194684 0.093195
v -0.856138 -0.213592 0.241244
v -0.819092 0.219733 0.177967
v -0.958953 0.058098 0.262512
v -0.648854 -0.172480 0.232417
v -0.942334 -0.096656 0.303278
v -0.603349 -0.129350 0.266320
v -0.645272 0.202274 0.326003
v -0.626541 0.172880 0.287452
v -0.637365 -0.202284 0.339785
v -0.747973 -0.213631 0.476512
v -0.824746 0.179591 0.484482
v -0.448655 0.106509 0.393103
v -0.539289 -0.130678 0.381892
v -0.583500 -0.202465 0.427842
v -0.794260 0.160440 0.558066
v -0.750011 0.194684 0.564129
v -0.523522 -0.173798 0.449549
v -0.713184 -0.194753 0.609092
v -0.627708 0.213517 0.628681
v -0.478510 0.119143 0.438474
v -0.439253 -0.119260 0.477395
v -0.481859 -0.131052 0.451535
v -0.740313 0.055291 0.663657
v -0.523095 0.216178 0.558505
v -0.435325 -0.219896 0.703890
v -0.625009 -0.160350 0.742294
v -0.667886 -0.094460 0.731250
v -0.397213 -0.173291 0.564459
v -0.398521 -0.210665 0.626723
v -0.587151 -0.065353 0.801596
v -0.556776 0.159723 0.795160
v -0.383616 0.216108 0.663367
v -0.409718 0.202363 0.595790
v -0.378673 0.130876 0.541624
v -0.282708 -0.111639 0.562149
v -0.313176 -0.202237 0.652918
v -0.451604 -0.194683 0.823169
v -0.484481 -0.179591 0.824747
v -0.496866 -0.106540 0.854132
v -0.384858 0.218130 0.764464
v -0.308105 -0.172465 0.616730
v -0.484902 -0.062403 0.867705
v -0.455307 0.092483 0.879945
v -0.370795 0.194836 0.862647
v -0.199229 0.219776 0.814181
v -0.302959 0.213593 0.832374
v -0.223558 0.210726 0.709036
v -0.154113 -0.111678 0.609154
v -0.194813 -0.179496 0.936156
v -0.159804 -0.160401 0.957322
v -0.143497 0.179399 0.946695
v -0.032354 -0.111646 0.627873
v -0.099684 -0.097183 0.984853
v -0.100037 0.004453 0.991277
v 0.118212 0.101367 0.426746
v 0.100337 -0.216186 0.762144
v 0.110883 -0.106555 0.582323
v 0.081481 -0.210665 0.738215
v 0.093195 -0.194684 0.933848
v 0.241244 -0.213592 0.856138
v 0.177967 0.219733 0.819092
v 0.262512 0.058098 0.958953
v 0.232417 -0.172480 0.648854
v 0.303278 -0.096656 0.942334
v 0.266320 -0.129350 0.603349
v 0.326003 0.202274 0.645272
v 0.287452 0.172880 0.626541
v 0.339785 -0.202284 0.637365
v 0.476512 -0.213631 0.747973
v 0.484482 0.179591 0.824746
v 0.393103 0.106509 0.448655
v 0.381892 -0.130678 0.539289
v 0.427842 -0.202465 0.583500
v 0.558066 0.160440 0.794260
v 0.564129 0.194684 0.750011
v 0.449549 -0.173798 0.523522
v 0.609092 -0.194753 0.713184
v 0.628681 0.213517 0.627708
v 0.438474 0.119143 0.478510
v 0.477395 -0.119260 0.439253
v 0.451535 -0.131052 0.481859
v 0.663657 0.055291 0.740313
v 0.558505 0.216178 0.523095
v 0.703890 -0.219896 0.435325
v 0.742294 -0.160350 0.625009
v 0.731250 -0.094460 0.667886
v 0.564459 -0.173291 0.397213
v 0.626723 -0.210665 0.398521
v 0.801596 -0.065353 0.587151
v 0.795160 0.159723 0.556776
v 0.663367 0.216108 0.383616
v 0.595790 0.202363 0.409718
v 0.541624 0.130876 0.378673
v 0.562149 -0.111639 0.282708
v 0.652918 -0.202237 0.313176
v 0.823169 -0.194683 0.451604
v 0.824747 -0.179591 0.484481
v 0.854132 -0.106540 0.496866
v 0.764464 0.218130 0.384858
v 0.616730 -0.172465 0.308105
v 0.867705 -0.062403 0.484902
v 0.879945 0.092483 0.455307
v 0.862647 0.194836 0.370795
v 0.814181 0.219776 0.199229
v 0.832374 0.213593 0.302959
v 0.709036 0.210726 0.223558
v 0.609154 -0.111678 0.154113
v 0.936156 -0.179496 0.194813
v 0.957322 -0.160401 0.159804
v 0.946695 0.179399 0.143497
v 0.627873 -0.111646 0.032354
v 0.984853 -0.097183 0.099684
v 0.991277 0.004453 0.100037
v 0.401861 0.100958 -0.108280
v 0.762144 -0.216186 -0.100337
v 0.026009 0.148173 -0.316005
v -0.010453 0.136706 -0.409962
v -0.026009 -0.148173 -0.316005
v 0.009302 -0.039767 -0.464854
v 0.010453 -0.136706 -0.409962
v -0.120114 0.147420 -0.180853
v -0.150806 0.081937 -0.243291
v -0.137656 0.116751 -0.235478
v -0.213739 0.043566 -0.208697
v -0.164419 0.122970 -0.209518
v -0.185208 0.042857 -0.221814
v -0.154432 0.138911 -0.187451
v -0.134884 -0.147420 -0.170122
v -0.181414 -0.116751 -0.203686
v -0.148455 -0.122970 -0.221117
v -0.130554 -0.138911 -0.204799
v -0.292502 0.148173 -0.122387
v -0.444977 0.039767 -0.134801
v -0.393128 0.136706 -0.116744
v -0.308576 -0.148173 -0.072915
v -0.386667 -0.136706 -0.136627
v -0.209118 0.147420 0.058348
v -0.277985 0.081937 0.068243
v -0.266491 0.116751 0.058153
v -0.264531 0.043565 0.138787
v -0.250072 0.122970 0.091627
v -0.268190 0.042857 0.107599
v -0.225999 0.138911 0.088948
v -0.203477 -0.147420 0.075712
v -0.249777 -0.116751 0.109593
v -0.256170 -0.122970 0.072861
v -0.235119 -0.138911 0.060878
v -0.206785 0.148173 0.240366
v -0.265709 0.039767 0.381543
v -0.232513 0.136706 0.337811
v -0.164702 -0.148173 0.270941
v -0.249426 -0.136706 0.325523
v -0.020999 0.081937 0.285468
v -0.027044 0.116751 0.271418
v 0.050249 0.043566 0.294472
v 0.009867 0.122969 0.266147
v 0.019457 0.042858 0.288314
v -0.009108 0.144211 0.227685
v 0.014758 0.138911 0.242424
v 0.027044 -0.116751 0.271418
v -0.009867 -0.122969 0.266147
v 0.009108 -0.144211 0.227685
v -0.014758 -0.138911 0.242424
v 0.164702 0.148173 0.270941
v 0.280760 0.039766 0.370607
v 0.249426 0.136706 0.325523
v 0.206785 -0.148173 0.240366
v 0.232513 -0.136706 0.337811
v 0.203477 0.147420 0.075712
v 0.265007 0.081937 0.108186
v 0.249777 0.116751 0.109593
v 0.295587 0.043566 0.043207
v 0.256170 0.122970 0.072861
v 0.280216 0.042857 0.070589
v 0.235119 0.138911 0.060878
v 0.209118 -0.147420 0.058349
v 0.266491 -0.116751 0.058153
v 0.250072 -0.122970 0.091627
v 0.225999 -0.138911 0.088948
v 0.308576 0.148173 -0.072915
v 0.439228 0.039768 -0.152495
v 0.386667 0.136706 -0.136627
v 0.292502 -0.148173 -0.122387
v 0.393128 -0.136706 -0.116744
v 0.134884 0.147420 -0.170122
v 0.132433 0.043566 -0.267769
v 0.148455 0.122970 -0.221117
v 0.153725 0.042857 -0.244688
v 0.130554 0.138911 -0.204799
v 0.184783 0.081937 -0.218606
v 0.181414 0.116751 -0.203686
v 0.120114 -0.147420 -0.180853
v 0.137656 -0.116751 -0.235478
v 0.164419 -0.122970 -0.209518
v 0.154432 -0.138911 -0.187451
v 0.024210 0.080265 -0.451709
v 0.023552 0.101796 -0.444588
v 0.010575 0.083365 -0.461655
v -0.002107 0.083587 -0.464052
v 0.006020 0.100151 -0.458375
v 0.011281 0.113736 -0.446193
v -0.009415 0.103938 -0.454709
v -0.021517 0.087956 -0.452704
v -0.022883 0.104834 -0.442566
v -0.017662 0.123686 -0.427830
v 0.004569 0.130482 -0.427934
v -0.002093 0.118260 -0.445904
v 0.000972 0.144950 -0.389055
v 0.016402 0.137927 -0.398133
v 0.023599 0.124174 -0.417897
v 0.030821 -0.040143 -0.443399
v 0.022883 -0.104834 -0.442566
v 0.017662 -0.123686 -0.427830
v 0.020758 -0.085529 -0.454284
v -0.000189 -0.079905 -0.465185
v 0.009415 -0.103938 -0.454709
v -0.004569 -0.130482 -0.427934
v 0.002093 -0.118260 -0.445904
v -0.000972 -0.144950 -0.389055
v -0.016402 -0.137927 -0.398133
v -0.023599 -0.124174 -0.417897
v -0.011281 -0.113736 -0.446193
v -0.022714 -0.083318 -0.453143
v -0.014675 -0.093056 -0.457442
v -0.029260 -0.104797 -0.432684
v -0.006020 -0.100151 -0.458375
v -0.129034 0.091695 -0.268683
v -0.153037 0.104103 -0.232204
v -0.194884 0.093880 -0.210776
v -0.185753 0.119406 -0.201599
v -0.131204 0.133930 -0.217095
v -0.191115 -0.090346 -0.212615
v -0.173548 -0.104103 -0.217301
v -0.140238 -0.093880 -0.250479
v -0.134332 -0.119406 -0.238959
v -0.165926 -0.133930 -0.191868
v -0.423515 0.082008 -0.162008
v -0.430519 0.093056 -0.155314
v -0.402465 0.104797 -0.161535
v -0.442358 0.079905 -0.143930
v -0.434080 0.100151 -0.147371
v -0.420869 0.113736 -0.148610
v -0.435364 0.103938 -0.131559
v -0.430916 0.077593 -0.108668
v -0.427977 0.104834 -0.114998
v -0.412349 0.123686 -0.115409
v -0.439860 0.083672 -0.124085
v -0.405578 0.130482 -0.136584
v -0.424727 0.118260 -0.135802
v -0.369713 0.144950 -0.121149
v -0.373578 0.137927 -0.138629
v -0.390152 0.124174 -0.151581
v -0.437343 -0.081191 -0.117144
v -0.430106 -0.101796 -0.114986
v -0.442328 -0.083366 -0.132602
v -0.440689 -0.083587 -0.145404
v -0.437801 -0.100151 -0.135920
v -0.427840 -0.113736 -0.127153
v -0.429544 -0.103938 -0.149467
v -0.423898 -0.087956 -0.160357
v -0.413834 -0.104834 -0.158523
v -0.401433 -0.123686 -0.149005
v -0.408402 -0.130482 -0.127894
v -0.423434 -0.118260 -0.139783
v -0.370313 -0.144950 -0.119300
v -0.383715 -0.137927 -0.107430
v -0.404737 -0.124174 -0.106694
v -0.295406 0.091695 0.039691
v -0.268130 0.104103 0.073792
v -0.260682 0.093880 0.120212
v -0.249133 0.119406 0.114364
v -0.247014 0.133930 0.057696
v -0.261267 -0.090346 0.116060
v -0.260295 -0.104103 0.097904
v -0.281556 -0.093880 0.055971
v -0.268774 -0.119406 0.053914
v -0.233752 -0.133930 0.098514
v -0.284952 0.082008 0.352724
v -0.280750 0.093056 0.361453
v -0.277998 0.104797 0.332850
v -0.273582 0.079905 0.376231
v -0.274296 0.100151 0.367295
v -0.271392 0.113736 0.354347
v -0.259654 0.103938 0.373402
v -0.236510 0.077593 0.376245
v -0.241622 0.104834 0.371494
v -0.237184 0.123686 0.356504
v -0.253936 0.083672 0.379988
v -0.255230 0.130482 0.343521
v -0.260403 0.118260 0.361975
v -0.229467 0.144950 0.314181
v -0.247286 0.137927 0.312455
v -0.264726 0.124174 0.324215
v -0.246557 -0.081191 0.379739
v -0.242268 -0.101796 0.373523
v -0.262799 -0.083365 0.379702
v -0.274468 -0.083587 0.374188
v -0.264556 -0.100151 0.374372
v -0.253139 -0.113736 0.367609
v -0.274888 -0.103938 0.362333
v -0.283500 -0.087956 0.353598
v -0.278646 -0.104834 0.344594
v -0.265761 -0.123686 0.335741
v -0.247838 -0.130482 0.348892
v -0.263789 -0.118260 0.359514
v -0.227894 -0.144950 0.315323
v -0.220747 -0.137927 0.331737
v -0.226542 -0.124174 0.351957
v -0.053537 0.091695 0.293213
v -0.012677 0.104103 0.277810
v 0.033773 0.093880 0.285071
v 0.031780 0.119406 0.272280
v -0.023444 0.130736 0.257211
v 0.029644 -0.090347 0.284344
v 0.012677 -0.104103 0.277810
v -0.033773 -0.093880 0.285071
v -0.031780 -0.119406 0.272280
v 0.023444 -0.130736 0.257211
v 0.247405 0.082008 0.380003
v 0.257006 0.093056 0.378704
v 0.230653 0.104797 0.367248
v 0.273275 0.079905 0.376454
v 0.264556 0.100151 0.374372
v 0.253139 0.113736 0.367609
v 0.274888 0.103938 0.362333
v 0.284745 0.077593 0.341200
v 0.278646 0.104834 0.344594
v 0.265761 0.123686 0.335741
v 0.282919 0.083672 0.358930
v 0.247838 0.130482 0.348892
v 0.263789 0.118260 0.359514
v 0.227894 0.144950 0.315323
v 0.220747 0.137927 0.331737
v 0.226542 0.124174 0.351957
v 0.284962 -0.081191 0.351835
v 0.280376 -0.101796 0.345836
v 0.279909 -0.083366 0.367271
v 0.271058 -0.083587 0.376665
v 0.274296 -0.100151 0.367295
v 0.271392 -0.113736 0.354347
v 0.259654 -0.103938 0.373402
v 0.248686 -0.087956 0.378892
v 0.241622 -0.104834 0.371494
v 0.237184 -0.123686 0.356504
v 0.255230 -0.130482 0.343521
v 0.260403 -0.118260 0.361975
v 0.229467 -0.144950 0.314181
v 0.247286 -0.137927 0.312455
v 0.264726 -0.124174 0.324215
v 0.262318 0.091695 0.141524
v 0.260295 0.104103 0.097904
v 0.281556 0.093880 0.055971
v 0.268774 0.119406 0.053914
v 0.233752 0.133930 0.098514
v 0.279587 -0.090346 0.059675
v 0.268130 -0.104103 0.073792
v 0.260682 -0.093880 0.120212
v 0.249133 -0.119406 0.114364
v 0.247014 -0.133930 0.057696
v 0.437857 0.082008 -0.117869
v 0.439588 0.093056 -0.127401
v 0.420549 0.104797 -0.105879
v 0.442476 0.079905 -0.143570
v 0.437801 0.100151 -0.135920
v 0.427840 0.113736 -0.127153
v 0.429544 0.103938 -0.149467
v 0.412492 0.077593 -0.165372
v 0.413834 0.104834 -0.158523
v 0.401433 0.123686 -0.149005
v 0.428790 0.083672 -0.158156
v 0.408402 0.130482 -0.127894
v 0.423434 0.118260 -0.139783
v 0.370313 0.144950 -0.119300
v 0.383715 0.137927 -0.107430
v 0.404737 0.124174 -0.106694
v 0.422674 -0.081191 -0.162292
v 0.415550 -0.101796 -0.159785
v 0.435792 -0.083365 -0.152717
v 0.441991 -0.083587 -0.141396
v 0.434080 -0.100151 -0.147371
v 0.420869 -0.113736 -0.148610
v 0.435364 -0.103938 -0.131559
v 0.437196 -0.087956 -0.119430
v 0.427977 -0.104834 -0.114998
v 0.412349 -0.123686 -0.115409
v 0.405578 -0.130482 -0.136584
v 0.424727 -0.118260 -0.135802
v 0.369713 -0.144950 -0.121149
v 0.373578 -0.137927 -0.138629
v 0.390152 -0.124174 -0.151581
v 0.140238 0.093880 -0.250479
v 0.134332 0.119406 -0.238959
v 0.165926 0.133930 -0.191868
v 0.215659 0.091695 -0.205746
v 0.173548 0.104103 -0.217301
v 0.143151 -0.090346 -0.247463
v 0.153037 -0.104103 -0.232204
v 0.194884 -0.093880 -0.210776
v 0.185753 -0.119406 -0.201599
v 0.131204 -0.133930 -0.217095
v 0.134118 -0.082526 -0.261765
v 0.290398 -0.082526 0.046664
v 0.045358 -0.082526 0.290604
v -0.262365 -0.082526 0.132940
v -0.207508 -0.082526 -0.208443
v -0.010129 0.043442 -0.464475
v -0.024987 0.042919 -0.452350
v -0.161349 -0.041738 -0.237698
v -0.131015 -0.043815 -0.269522
v -0.438612 -0.043442 -0.153164
v -0.421861 -0.040004 -0.163927
v -0.275924 -0.041738 0.079999
v -0.296817 -0.043816 0.041316
v -0.281206 -0.043441 0.369815
v -0.286266 -0.040004 0.350558
v -0.009181 -0.041738 0.287140
v -0.052428 -0.043815 0.295057
v 0.264817 -0.043441 0.381722
v 0.244939 -0.040004 0.380583
v 0.270249 -0.041738 0.097463
v 0.264415 -0.043815 0.141039
v 0.444872 -0.043442 -0.133898
v 0.437647 -0.040004 -0.115344
v 0.176205 -0.041738 -0.226905
v 0.215845 -0.043815 -0.207890
v 0.008422 0.149247 0.198908
v -0.008422 -0.149247 0.198909
vn -0.7394 -0.6731 0.0161
vn -0.6565 -0.7536 0.0337
vn 0.3504 -0.9366 -0.0108
vn 0.9915 -0.0202 -0.1288
vn 0.9244 -0.3296 -0.1919
vn -0.7481 0.6474 0.1461
vn -0.0592 -0.9981 0.0140
vn 0.9116 0.2944 -0.2870
vn 0.8918 0.2782 -0.3567
vn 0.8404 -0.3174 -0.4393
vn 0.3269 0.9340 -0.1441
vn -0.6215 0.7380 0.2628
vn -0.6642 0.6656 0.3403
vn 0.3051 -0.9356 -0.1779
vn 0.8499 -0.0215 -0.5265
vn 0.2762 0.9413 -0.1940
vn -0.5785 0.6447 0.4998
vn 0.5880 -0.3294 -0.7388
vn 0.5995 0.2763 -0.7511
vn -0.4777 0.6672 0.5716
vn -0.0289 0.9993 0.0220
vn -0.4048 -0.6583 0.6347
vn -0.2225 -0.7220 0.6551
vn -0.1709 0.6838 0.7093
vn -0.0146 0.9995 0.0287
vn 0.0544 -0.9379 -0.3425
vn 0.0219 -0.6766 0.7360
vn 0.0337 -0.7536 0.6565
vn -0.0108 -0.9366 -0.3504
vn -0.1288 -0.0202 -0.9915
vn -0.1919 -0.3296 -0.9244
vn 0.1461 0.6474 0.7481
vn 0.0140 -0.9981 0.0592
vn -0.2870 0.2944 -0.9116
vn -0.3567 0.2782 -0.8918
vn -0.4393 -0.3174 -0.8404
vn -0.1441 0.9340 -0.3269
vn 0.2628 0.7380 0.6215
vn 0.3403 0.6656 0.6642
vn -0.1779 -0.9356 -0.3051
vn -0.5265 -0.0215 -0.8499
vn -0.1940 0.9413 -0.2762
vn 0.4998 0.6447 0.5785
vn -0.7388 -0.3294 -0.5880
vn -0.7511 0.2763 -0.5995
vn 0.5716 0.6672 0.4777
vn 0.0220 0.9993 0.0289
vn 0.6347 -0.6583 0.4048
vn 0.6551 -0.7220 0.2225
vn 0.7093 0.6838 0.1709
vn 0.0286 0.9995 0.0145
vn -0.3425 -0.9379 -0.0544
vn 0.7394 -0.6731 -0.0161
vn 0.6565 -0.7536 -0.0337
vn -0.3504 -0.9366 0.0108
vn -0.9915 -0.0202 0.1288
vn -0.9244 -0.3296 0.1919
vn 0.7481 0.6474 -0.1461
vn 0.0592 -0.9981 -0.0140
vn -0.9116 0.2944 0.2870
vn -0.8918 0.2782 0.3567
vn -0.8404 -0.3174 0.4393
vn -0.3269 0.9340 0.1441
vn 0.6215 0.7380 -0.2628
vn 0.6642 0.6656 -0.3403
vn -0.3051 -0.9356 0.1779
vn -0.8499 -0.0215 0.5265
vn -0.2762 0.9413 0.1940
vn 0.5785 0.6447 -0.4998
vn -0.5880 -0.3294 0.7388
vn -0.5995 0.2763 0.7511
vn 0.4777 0.6672 -0.5716
vn 0.0289 0.9993 -0.0220
vn 0.4048 -0.6583 -0.6347
vn 0.2225 -0.7220 -0.6551
vn 0.1709 0.6838 -0.7093
vn 0.0148 0.9995 -0.0288
vn -0.0544 -0.9379 0.3425
vn -0.0161 -0.6731 -0.7394
vn -0.0337 -0.7536 -0.6565
vn 0.0108 -0.9366 0.3504
vn 0.1288 -0.0202 0.9915
vn 0.1919 -0.3296 0.9244
vn -0.1461 0.6474 -0.7481
vn -0.0140 -0.9981 -0.0592
vn 0.2870 0.2944 0.9116
vn 0.3567 0.2782 0.8918
vn 0.4393 -0.3174 0.8404
vn 0.1441 0.9340 0.3269
vn -0.2628 0.7380 -0.6215
vn -0.3403 0.6656 -0.6642
vn 0.1779 -0.9356 0.3051
vn 0.5265 -0.0215 0.8499
vn 0.1940 0.9413 0.2762
vn -0.4998 0.6447 -0.5785
vn 0.7388 -0.3294 0.5880
vn 0.7511 0.2763 0.5995
vn -0.5716 0.6672 -0.4777
vn -0.0220 0.9993 -0.0288
vn -0.6347 -0.6583 -0.4048
vn -0.6551 -0.7220 -0.2225
vn -0.7093 0.6838 -0.1709
vn -0.0286 0.9995 -0.0146
vn 0.3425 -0.9379 0.0544
vn -0.0392 -0.9992 -0.0113
vn -0.2766 -0.9582 0.0737
vn -0.5329 -0.8430 0.0727
vn -0.7822 -0.6210 0.0495
vn -0.4934 -0.8698 0.0014
vn 0.0257 -0.9996 -0.0076
vn 0.7250 -0.6884 -0.0212
vn 0.8633 -0.4973 -0.0864
vn 0.9966 -0.0796 0.0223
vn 0.9807 -0.1953 0.0058
vn 0.9835 -0.1538 -0.0949
vn 0.9987 -0.0240 -0.0460
vn 0.9870 0.1587 -0.0260
vn 0.9993 0.0341 0.0145
vn 0.9928 0.0817 -0.0881
vn 0.9750 0.1808 -0.1294
vn 0.9515 0.3069 -0.0203
vn 0.5359 0.8438 -0.0263
vn 0.7247 0.6885 0.0286
vn 0.8613 0.5070 -0.0334
vn 0.7173 0.6907 -0.0919
vn 0.3598 0.9328 0.0193
vn 0.1128 0.9936 0.0034
vn 0.2282 0.9734 -0.0192
vn -0.4912 0.8710 0.0110
vn -0.3134 0.9484 0.0471
vn -0.7839 0.6149 0.0863
vn -0.7531 0.6558 0.0536
vn -0.2626 0.9646 0.0224
vn -0.5360 0.8442 0.0040
vn -0.7578 -0.6316 0.1635
vn -0.4942 -0.8641 0.0956
vn 0.7160 -0.6799 -0.1581
vn 0.8561 -0.4964 -0.1437
vn 0.9467 -0.3194 -0.0411
vn 0.9633 -0.1914 -0.1884
vn 0.9815 -0.0774 -0.1751
vn 0.9805 0.0756 -0.1813
vn 0.8455 0.5120 -0.1512
vn 0.5344 0.8354 -0.1282
vn -0.4844 0.8651 0.1303
vn -0.6380 0.7696 0.0253
vn -0.7645 0.6164 0.1886
vn -0.5080 0.8526 0.1223
vn -0.1113 0.9934 0.0261
vn -0.7667 -0.6302 0.1221
vn -0.7142 -0.6718 0.1963
vn -0.3329 -0.9380 0.0964
vn 0.3332 -0.9415 -0.0506
vn 0.5079 -0.8506 -0.1363
vn 0.8252 -0.5046 -0.2539
vn 0.9705 -0.0465 -0.2365
vn 0.9473 0.2009 -0.2495
vn 0.9358 0.3154 -0.1572
vn 0.8339 0.4918 -0.2505
vn 0.6902 0.6976 -0.1922
vn 0.2016 0.9774 -0.0640
vn -0.2114 0.9745 0.0753
vn -0.2758 0.9548 0.1107
vn -0.2402 0.9648 0.1073
vn -0.5022 -0.8451 0.1834
vn -0.6440 -0.7545 0.1263
vn -0.4650 -0.8685 0.1713
vn -0.1910 -0.9778 0.0857
vn 0.4929 -0.8457 -0.2045
vn 0.6788 -0.6749 -0.2893
vn 0.9068 -0.1634 -0.3885
vn 0.9289 0.0883 -0.3597
vn 0.6876 0.6664 -0.2883
vn 0.5037 0.8447 -0.1811
vn 0.3552 0.9327 -0.0626
vn 0.0885 0.9948 -0.0504
vn -0.6718 0.7292 0.1304
vn -0.7545 0.6089 0.2449
vn -0.0879 -0.9941 0.0633
vn -0.2268 -0.9651 0.1312
vn -0.4992 -0.8253 0.2639
vn -0.6778 -0.6430 0.3564
vn -0.6159 -0.7596 0.2090
vn -0.2718 -0.9536 0.1298
vn 0.0282 -0.9994 -0.0213
vn 0.7984 -0.4760 -0.3688
vn 0.8884 -0.3223 -0.3270
vn 0.9390 -0.0211 -0.3431
vn 0.8965 0.0709 -0.4373
vn 0.8699 0.1867 -0.4566
vn 0.7844 0.4867 -0.3844
vn 0.4721 0.8444 -0.2533
vn 0.2007 0.9728 -0.1160
vn -0.0470 0.9989 0.0066
vn -0.6994 0.6727 0.2414
vn -0.5331 0.8157 0.2247
vn -0.0400 0.9992 0.0027
vn -0.0362 -0.9993 0.0107
vn 0.1151 -0.9919 -0.0528
vn 0.3392 -0.9327 -0.1227
vn 0.4538 -0.8414 -0.2935
vn 0.6264 -0.6828 -0.3760
vn 0.7566 -0.4876 -0.4356
vn 0.8692 -0.1506 -0.4709
vn 0.8993 -0.0262 -0.4366
vn 0.8394 0.0858 -0.5368
vn -0.1342 0.9864 0.0951
vn -0.2554 0.9539 0.1579
vn -0.6922 0.5969 0.4056
vn -0.4387 0.8563 0.2726
vn -0.4105 -0.8533 0.3215
vn -0.6580 -0.6123 0.4383
vn -0.5837 -0.7541 0.3012
vn -0.2593 -0.9459 0.1953
vn -0.1362 -0.9820 0.1307
vn 0.5680 -0.6980 -0.4361
vn 0.6926 -0.4750 -0.5429
vn 0.8266 -0.1654 -0.5379
vn 0.8021 -0.0792 -0.5919
vn 0.8134 0.3327 -0.4772
vn 0.5736 0.6749 -0.4642
vn 0.0511 0.9978 -0.0423
vn -0.3894 0.8678 0.3086
vn -0.6130 0.6251 0.4832
vn -0.6143 0.6655 0.4239
vn -0.0032 1.0000 0.0048
vn -0.1784 -0.9667 0.1836
vn 0.0795 -0.9942 -0.0720
vn 0.7768 -0.3221 -0.5411
vn 0.7476 -0.2028 -0.6324
vn 0.7365 -0.0961 -0.6695
vn 0.7712 0.1541 -0.6176
vn 0.7819 0.2642 -0.5646
vn 0.6490 0.4987 -0.5745
vn -0.2328 0.9487 0.2137
vn -0.1889 0.9618 0.1979
vn -0.0002 -1.0000 0.0056
vn -0.5323 -0.6193 0.5772
vn -0.5182 -0.7494 0.4122
vn -0.2282 -0.9435 0.2401
vn 0.1448 -0.9749 -0.1694
vn 0.3550 -0.8375 -0.4154
vn 0.5063 -0.6971 -0.5077
vn 0.6251 -0.4873 -0.6098
vn 0.7790 0.0020 -0.6270
vn 0.7008 -0.0049 -0.7133
vn 0.6888 0.1560 -0.7079
vn 0.5217 0.6845 -0.5092
vn 0.3656 0.8413 -0.3982
vn 0.0678 0.9941 -0.0848
vn -0.0590 0.9976 0.0355
vn -0.3483 0.8601 0.3727
vn -0.5346 0.7548 0.3800
vn -0.5464 0.6280 0.5542
vn -0.0500 -0.9951 0.0858
vn -0.4875 -0.6487 0.5843
vn -0.4849 -0.7407 0.4651
vn -0.3107 -0.8771 0.3663
vn -0.1050 -0.9851 0.1359
vn -0.0437 -0.9985 0.0315
vn 0.2570 -0.9368 -0.2375
vn 0.4332 -0.6807 -0.5907
vn 0.6895 -0.3124 -0.6534
vn 0.6301 0.0896 -0.7713
vn 0.6885 0.3140 -0.6537
vn 0.5798 0.4887 -0.6519
vn 0.4480 0.6916 -0.5666
vn 0.2677 0.9298 -0.2524
vn -0.1754 0.9488 0.2627
vn -0.2940 0.8620 0.4130
vn -0.0227 -0.9995 0.0218
vn -0.2894 -0.8618 0.4166
vn 0.0642 -0.9914 -0.1139
vn 0.4717 -0.4857 -0.7359
vn 0.5898 -0.1835 -0.7864
vn 0.6401 -0.0265 -0.7678
vn 0.5822 0.0251 -0.8126
vn 0.5358 0.0845 -0.8401
vn 0.3036 0.8370 -0.4553
vn 0.1100 0.9775 -0.1800
vn -0.4340 0.7587 0.4858
vn -0.4471 0.6235 0.6414
vn -0.1324 0.9639 0.2308
vn -0.2286 -0.8398 0.4925
vn -0.4015 -0.7201 0.5658
vn -0.0761 -0.9822 0.1719
vn 0.2076 -0.9319 -0.2976
vn 0.5297 -0.0287 -0.8477
vn 0.5276 0.2547 -0.8104
vn 0.4238 0.4787 -0.7689
vn 0.3634 0.6939 -0.6216
vn 0.2110 0.9369 -0.2787
vn -0.3746 0.6131 0.6956
vn -0.2082 0.8367 0.5065
vn -0.3310 -0.6439 0.6898
vn -0.0962 -0.9489 0.3005
vn 0.3052 -0.6930 -0.6531
vn 0.3314 -0.4883 -0.8073
vn 0.4746 -0.3203 -0.8198
vn 0.3940 -0.0869 -0.9150
vn 0.3363 0.4888 -0.8050
vn -0.0471 0.9965 0.0693
vn -0.2267 0.8558 0.4650
vn -0.3493 0.7498 0.5619
vn -0.2886 0.6371 0.7147
vn -0.1355 -0.8281 0.5440
vn -0.2706 -0.6332 0.7251
vn -0.3070 -0.7631 0.5687
vn -0.0318 -0.9982 0.0499
vn 0.1525 -0.9427 -0.2968
vn 0.1800 -0.8450 -0.5036
vn 0.2269 -0.6716 -0.7053
vn 0.4052 -0.2820 -0.8697
vn 0.3217 -0.1934 -0.9269
vn 0.2851 -0.0861 -0.9546
vn 0.4389 0.0240 -0.8982
vn 0.3383 0.0213 -0.9408
vn 0.3534 0.1688 -0.9201
vn 0.4078 0.3254 -0.8531
vn 0.2387 0.6763 -0.6969
vn 0.1653 0.9333 -0.3188
vn -0.0377 0.9865 0.1595
vn -0.1239 0.8832 0.4523
vn -0.3404 0.6599 0.6698
vn -0.0361 0.9936 0.1071
vn -0.1896 -0.6046 0.7736
vn -0.1045 -0.8684 0.4847
vn -0.0229 -0.9876 0.1551
vn 0.0159 -0.9973 -0.0712
vn 0.0804 -0.9753 -0.2057
vn 0.2220 -0.4996 -0.8373
vn 0.2615 0.0817 -0.9617
vn 0.2388 0.1916 -0.9520
vn 0.2045 0.5177 -0.8308
vn 0.1279 0.8314 -0.5408
vn -0.2497 0.7391 0.6256
vn -0.2121 0.6113 0.7624
vn -0.2246 0.6779 0.7000
vn -0.0594 0.9619 0.2668
vn -0.0118 -0.9953 0.0962
vn -0.1196 -0.6754 0.7277
vn -0.2360 -0.6605 0.7127
vn -0.0671 -0.6313 0.7726
vn 0.0150 -0.9770 -0.2126
vn 0.0919 -0.9400 -0.3286
vn 0.1055 -0.8471 -0.5208
vn 0.2708 -0.3167 -0.9090
vn 0.1955 -0.2573 -0.9464
vn 0.1742 -0.0859 -0.9809
vn 0.2409 -0.0303 -0.9701
vn 0.1828 0.0340 -0.9826
vn 0.1468 0.1587 -0.9763
vn 0.2825 0.3276 -0.9016
vn 0.1075 0.9305 -0.3501
vn 0.0390 0.9755 -0.2164
vn -0.1267 0.6392 0.7585
vn -0.0827 0.8263 0.5571
vn -0.0274 -0.8410 0.5404
vn -0.0241 -0.9446 0.3273
vn -0.0136 -0.9894 -0.1444
vn 0.0288 -0.8417 -0.5391
vn 0.0767 -0.6804 -0.7288
vn 0.0322 -0.4926 -0.8697
vn 0.0621 0.1514 -0.9865
vn 0.1715 0.3247 -0.9301
vn 0.0842 0.4862 -0.8698
vn 0.0536 0.8452 -0.5317
vn -0.0168 0.9984 0.0542
vn -0.0056 0.9820 0.1889
vn -0.0409 0.9338 0.3553
vn -0.1376 0.7236 0.6764
vn -0.0248 0.6251 0.7801
vn -0.0598 0.6780 0.7326
vn -0.0473 -0.6414 0.7657
vn 0.0514 -0.6201 0.7828
vn -0.0899 -0.7242 0.6837
vn 0.0014 -0.8698 0.4934
vn -0.0115 -0.9986 0.0512
vn -0.0076 -0.9996 -0.0257
vn -0.0212 -0.6884 -0.7250
vn 0.0835 -0.3257 -0.9418
vn 0.0058 -0.1953 -0.9807
vn 0.0223 -0.0796 -0.9966
vn 0.0145 0.0341 -0.9993
vn -0.0260 0.1587 -0.9870
vn 0.0734 0.3234 -0.9434
vn -0.0334 0.5070 -0.8613
vn 0.0286 0.6885 -0.7247
vn -0.0263 0.8438 -0.5359
vn -0.0192 0.9734 -0.2282
vn 0.0034 0.9936 -0.1128
vn 0.0471 0.9484 0.3134
vn 0.0110 0.8710 0.4912
vn -0.0656 0.8228 0.5645
vn 0.0536 0.6558 0.7531
vn 0.0040 0.8442 0.5360
vn 0.0224 0.9646 0.2626
vn -0.0116 -0.9992 0.0395
vn 0.0737 -0.9582 0.2766
vn 0.0727 -0.8430 0.5329
vn -0.0864 -0.4973 -0.8633
vn -0.0949 -0.1538 -0.9835
vn -0.0460 -0.0240 -0.9987
vn -0.0881 0.0817 -0.9928
vn -0.1294 0.1808 -0.9750
vn -0.0203 0.3069 -0.9515
vn -0.0919 0.6907 -0.7173
vn 0.0193 0.9328 -0.3598
vn 0.0863 0.6149 0.7839
vn 0.1635 -0.6316 0.7578
vn 0.0956 -0.8641 0.4942
vn -0.1581 -0.6799 -0.7160
vn -0.1437 -0.4964 -0.8561
vn -0.0411 -0.3194 -0.9467
vn -0.1884 -0.1914 -0.9633
vn -0.1751 -0.0774 -0.9815
vn -0.1813 0.0756 -0.9805
vn -0.1512 0.5120 -0.8455
vn -0.1282 0.8354 -0.5344
vn 0.1303 0.8651 0.4844
vn 0.0253 0.7696 0.6380
vn 0.1886 0.6164 0.7645
vn 0.1223 0.8526 0.5080
vn 0.0261 0.9934 0.1113
vn -0.0011 -0.9999 0.0164
vn 0.1221 -0.6302 0.7667
vn 0.1963 -0.6718 0.7142
vn 0.0964 -0.9380 0.3329
vn -0.0506 -0.9415 -0.3332
vn -0.1363 -0.8506 -0.5079
vn -0.2539 -0.5046 -0.8252
vn -0.2365 -0.0465 -0.9705
vn -0.2495 0.2009 -0.9473
vn -0.1572 0.3154 -0.9358
vn -0.2505 0.4918 -0.8339
vn -0.1922 0.6976 -0.6902
vn -0.0640 0.9774 -0.2016
vn 0.0753 0.9745 0.2114
vn 0.1107 0.9548 0.2758
vn 0.1073 0.9648 0.2402
vn 0.1834 -0.8451 0.5022
vn 0.1263 -0.7545 0.6440
vn 0.1713 -0.8685 0.4650
vn 0.0857 -0.9778 0.1910
vn -0.2045 -0.8457 -0.4929
vn -0.2893 -0.6749 -0.6788
vn -0.3885 -0.1634 -0.9068
vn -0.3597 0.0883 -0.9289
vn -0.2883 0.6664 -0.6876
vn -0.1811 0.8447 -0.5037
vn -0.0626 0.9327 -0.3552
vn -0.0504 0.9948 -0.0885
vn 0.1304 0.7292 0.6718
vn 0.2449 0.6089 0.7545
vn 0.0633 -0.9941 0.0879
vn 0.1312 -0.9651 0.2268
vn 0.2639 -0.8253 0.4992
vn 0.3564 -0.6430 0.6778
vn 0.2090 -0.7596 0.6159
vn 0.1298 -0.9536 0.2718
vn -0.0213 -0.9994 -0.0282
vn -0.3688 -0.4760 -0.7984
vn -0.3270 -0.3223 -0.8884
vn -0.3431 -0.0211 -0.9390
vn -0.4373 0.0709 -0.8965
vn -0.4566 0.1867 -0.8699
vn -0.3844 0.4867 -0.7844
vn -0.2533 0.8444 -0.4721
vn -0.1160 0.9728 -0.2007
vn 0.0066 0.9989 0.0470
vn 0.2414 0.6727 0.6994
vn 0.2247 0.8157 0.5331
vn 0.0027 0.9992 0.0400
vn 0.0108 -0.9993 0.0359
vn -0.0528 -0.9919 -0.1151
vn -0.1227 -0.9327 -0.3392
vn -0.2935 -0.8414 -0.4538
vn -0.3760 -0.6828 -0.6264
vn -0.4356 -0.4876 -0.7566
vn -0.4709 -0.1506 -0.8692
vn -0.4365 -0.0262 -0.8993
vn -0.5368 0.0858 -0.8394
vn 0.0951 0.9864 0.1342
vn 0.1579 0.9539 0.2554
vn 0.4056 0.5969 0.6922
vn 0.2726 0.8563 0.4387
vn 0.3215 -0.8533 0.4105
vn 0.4383 -0.6123 0.6580
vn 0.3012 -0.7541 0.5837
vn 0.1953 -0.9459 0.2593
vn 0.1307 -0.9820 0.1362
vn -0.4361 -0.6980 -0.5680
vn -0.5429 -0.4750 -0.6926
vn -0.5379 -0.1654 -0.8266
vn -0.5919 -0.0792 -0.8021
vn -0.4772 0.3327 -0.8134
vn -0.4642 0.6749 -0.5736
vn -0.0423 0.9978 -0.0511
vn 0.3086 0.8678 0.3894
vn 0.4832 0.6251 0.6130
vn 0.4239 0.6655 0.6143
vn 0.0044 1.0000 0.0028
vn 0.1836 -0.9667 0.1784
vn -0.0720 -0.9942 -0.0795
vn -0.5411 -0.3221 -0.7768
vn -0.6324 -0.2028 -0.7476
vn -0.6695 -0.0961 -0.7365
vn -0.6176 0.1541 -0.7712
vn -0.5646 0.2642 -0.7819
vn -0.5745 0.4987 -0.6490
vn 0.2137 0.9487 0.2328
vn 0.1979 0.9618 0.1889
vn 0.0061 -1.0000 0.0003
vn 0.5772 -0.6193 0.5323
vn 0.4122 -0.7494 0.5182
vn 0.2401 -0.9435 0.2282
vn -0.1694 -0.9749 -0.1448
vn -0.4154 -0.8375 -0.3550
vn -0.5077 -0.6971 -0.5063
vn -0.6098 -0.4873 -0.6251
vn -0.6270 0.0020 -0.7790
vn -0.7133 -0.0049 -0.7008
vn -0.7079 0.1560 -0.6888
vn -0.5092 0.6845 -0.5217
vn -0.3982 0.8413 -0.3656
vn -0.0848 0.9941 -0.0678
vn 0.0355 0.9976 0.0590
vn 0.3727 0.8601 0.3483
vn 0.3800 0.7548 0.5346
vn 0.5542 0.6280 0.5464
vn 0.0858 -0.9951 0.0500
vn 0.5843 -0.6487 0.4875
vn 0.4651 -0.7407 0.4849
vn 0.3663 -0.8771 0.3107
vn 0.1359 -0.9851 0.1050
vn 0.0315 -0.9985 0.0437
vn -0.2375 -0.9368 -0.2570
vn -0.5907 -0.6807 -0.4332
vn -0.6534 -0.3124 -0.6895
vn -0.7713 0.0896 -0.6301
vn -0.6537 0.3140 -0.6885
vn -0.6519 0.4887 -0.5798
vn -0.5666 0.6916 -0.4480
vn -0.2524 0.9298 -0.2677
vn 0.2627 0.9488 0.1754
vn 0.4130 0.8620 0.2940
vn 0.0217 -0.9995 0.0227
vn 0.4166 -0.8618 0.2894
vn -0.1139 -0.9914 -0.0642
vn -0.7359 -0.4857 -0.4717
vn -0.7864 -0.1835 -0.5898
vn -0.7678 -0.0265 -0.6401
vn -0.8126 0.0251 -0.5822
vn -0.8401 0.0845 -0.5358
vn -0.4553 0.8370 -0.3036
vn -0.1800 0.9775 -0.1100
vn 0.4858 0.7587 0.4340
vn 0.6414 0.6235 0.4471
vn 0.2308 0.9639 0.1324
vn 0.4925 -0.8398 0.2286
vn 0.5658 -0.7201 0.4015
vn 0.1719 -0.9822 0.0761
vn -0.2976 -0.9319 -0.2076
vn -0.8477 -0.0287 -0.5297
vn -0.8104 0.2547 -0.5276
vn -0.7689 0.4787 -0.4238
vn -0.6216 0.6939 -0.3634
vn -0.2787 0.9369 -0.2110
vn 0.6956 0.6131 0.3746
vn 0.5065 0.8367 0.2082
vn 0.6898 -0.6439 0.3310
vn 0.3005 -0.9489 0.0962
vn -0.6531 -0.6930 -0.3052
vn -0.8073 -0.4883 -0.3314
vn -0.8198 -0.3203 -0.4746
vn -0.9150 -0.0869 -0.3940
vn -0.8050 0.4888 -0.3363
vn 0.0693 0.9965 0.0471
vn 0.4650 0.8558 0.2267
vn 0.5619 0.7498 0.3493
vn 0.7147 0.6371 0.2886
vn 0.5540 -0.8217 0.1338
vn 0.7251 -0.6332 0.2706
vn 0.5687 -0.7631 0.3070
vn 0.0499 -0.9982 0.0318
vn -0.2968 -0.9427 -0.1525
vn -0.5036 -0.8450 -0.1800
vn -0.7053 -0.6716 -0.2269
vn -0.8697 -0.2820 -0.4052
vn -0.9269 -0.1934 -0.3217
vn -0.9546 -0.0861 -0.2851
vn -0.8982 0.0240 -0.4389
vn -0.9408 0.0213 -0.3383
vn -0.9201 0.1688 -0.3534
vn -0.8531 0.3254 -0.4078
vn -0.6969 0.6763 -0.2387
vn -0.3188 0.9333 -0.1653
vn 0.1595 0.9865 0.0377
vn 0.4523 0.8832 0.1239
vn 0.6698 0.6599 0.3404
vn 0.1071 0.9936 0.0361
vn 0.7721 -0.6072 0.1875
vn 0.4847 -0.8684 0.1045
vn 0.1551 -0.9876 0.0229
vn -0.0712 -0.9973 -0.0159
vn -0.2057 -0.9753 -0.0804
vn -0.8373 -0.4996 -0.2220
vn -0.9617 0.0817 -0.2615
vn -0.9520 0.1916 -0.2388
vn -0.8308 0.5177 -0.2045
vn -0.5408 0.8314 -0.1279
vn 0.6256 0.7391 0.2497
vn 0.7624 0.6113 0.2121
vn 0.7000 0.6779 0.2246
vn 0.2668 0.9619 0.0594
vn 0.0962 -0.9953 0.0118
vn 0.7319 -0.6750 0.0935
vn 0.7137 -0.6603 0.2337
vn 0.7711 -0.6335 0.0628
vn -0.2126 -0.9770 -0.0150
vn -0.3286 -0.9400 -0.0919
vn -0.5208 -0.8471 -0.1055
vn -0.9090 -0.3167 -0.2708
vn -0.9464 -0.2573 -0.1955
vn -0.9809 -0.0859 -0.1742
vn -0.9701 -0.0303 -0.2409
vn -0.9826 0.0340 -0.1828
vn -0.9763 0.1587 -0.1468
vn -0.9016 0.3276 -0.2825
vn -0.3501 0.9305 -0.1075
vn -0.2164 0.9755 -0.0390
vn 0.7585 0.6392 0.1267
vn 0.5571 0.8263 0.0827
vn 0.5554 -0.8312 0.0256
vn 0.3273 -0.9446 0.0241
vn -0.1444 -0.9894 0.0136
vn -0.5391 -0.8417 -0.0288
vn -0.7288 -0.6804 -0.0767
vn -0.8697 -0.4926 -0.0322
vn -0.9865 0.1514 -0.0621
vn -0.9301 0.3247 -0.1715
vn -0.8698 0.4862 -0.0842
vn -0.5317 0.8452 -0.0536
vn 0.0542 0.9984 0.0168
vn 0.1889 0.9820 0.0056
vn 0.3553 0.9338 0.0409
vn 0.6764 0.7236 0.1376
vn 0.7801 0.6251 0.0248
vn 0.7326 0.6780 0.0598
vn 0.7822 -0.6210 -0.0495
vn 0.6837 -0.7242 0.0899
vn 0.4934 -0.8698 -0.0014
vn 0.0512 -0.9986 0.0115
vn -0.0257 -0.9996 0.0076
vn -0.7250 -0.6884 0.0212
vn -0.9418 -0.3257 -0.0835
vn -0.9807 -0.1953 -0.0058
vn -0.9966 -0.0796 -0.0223
vn -0.9993 0.0341 -0.0145
vn -0.9870 0.1587 0.0260
vn -0.9434 0.3234 -0.0734
vn -0.8613 0.5070 0.0334
vn -0.7247 0.6885 -0.0286
vn -0.5359 0.8438 0.0263
vn -0.2282 0.9734 0.0192
vn -0.1128 0.9936 -0.0034
vn 0.3134 0.9484 -0.0471
vn 0.4912 0.8710 -0.0110
vn 0.5645 0.8228 0.0656
vn 0.7531 0.6558 -0.0536
vn 0.5360 0.8442 -0.0040
vn 0.2626 0.9646 -0.0224
vn 0.0395 -0.9992 0.0116
vn 0.2766 -0.9582 -0.0737
vn 0.5329 -0.8430 -0.0727
vn -0.8633 -0.4973 0.0864
vn -0.9835 -0.1538 0.0949
vn -0.9987 -0.0240 0.0460
vn -0.9928 0.0817 0.0881
vn -0.9750 0.1808 0.1294
vn -0.9515 0.3069 0.0203
vn -0.7173 0.6907 0.0919
vn -0.3598 0.9328 -0.0193
vn 0.7839 0.6149 -0.0863
vn 0.7578 -0.6316 -0.1635
vn 0.4942 -0.8641 -0.0956
vn -0.7160 -0.6799 0.1581
vn -0.8561 -0.4964 0.1437
vn -0.9467 -0.3194 0.0411
vn -0.9633 -0.1914 0.1884
vn -0.9815 -0.0774 0.1751
vn -0.9805 0.0756 0.1813
vn -0.8455 0.5120 0.1512
vn -0.5344 0.8354 0.1282
vn 0.4844 0.8651 -0.1303
vn 0.6380 0.7696 -0.0253
vn 0.7645 0.6164 -0.1886
vn 0.5080 0.8526 -0.1223
vn 0.1113 0.9934 -0.0261
vn 0.0165 -0.9999 0.0011
vn 0.7667 -0.6302 -0.1221
vn 0.7142 -0.6718 -0.1963
vn 0.3329 -0.9380 -0.0964
vn -0.3332 -0.9415 0.0506
vn -0.5079 -0.8506 0.1363
vn -0.8252 -0.5046 0.2539
vn -0.9705 -0.0465 0.2365
vn -0.9473 0.2009 0.2495
vn -0.9358 0.3154 0.1572
vn -0.8339 0.4918 0.2505
vn -0.6902 0.6976 0.1922
vn -0.2016 0.9774 0.0640
vn 0.2114 0.9745 -0.0753
vn 0.2758 0.9548 -0.1107
vn 0.2402 0.9648 -0.1073
vn 0.5022 -0.8451 -0.1834
vn 0.6440 -0.7545 -0.1263
vn 0.4650 -0.8685 -0.1713
vn 0.1910 -0.9778 -0.0857
vn -0.4929 -0.8457 0.2045
vn -0.6788 -0.6749 0.2893
vn -0.9068 -0.1634 0.3885
vn -0.9289 0.0883 0.3597
vn -0.6876 0.6664 0.2883
vn -0.5037 0.8447 0.1811
vn -0.3552 0.9327 0.0626
vn -0.0885 0.9948 0.0504
vn 0.6718 0.7292 -0.1304
vn 0.7545 0.6089 -0.2449
vn 0.0879 -0.9941 -0.0633
vn 0.2268 -0.9651 -0.1312
vn 0.4992 -0.8253 -0.2639
vn 0.6778 -0.6430 -0.3564
vn 0.6159 -0.7596 -0.2090
vn 0.2718 -0.9536 -0.1298
vn -0.0282 -0.9994 0.0213
vn -0.7984 -0.4760 0.3688
vn -0.8884 -0.3223 0.3270
vn -0.9390 -0.0211 0.3431
vn -0.8965 0.0709 0.4373
vn -0.8699 0.1867 0.4566
vn -0.7844 0.4867 0.3844
vn -0.4721 0.8444 0.2533
vn -0.2007 0.9728 0.1160
vn 0.0470 0.9989 -0.0066
vn 0.6994 0.6727 -0.2414
vn 0.5331 0.8157 -0.2247
vn 0.0400 0.9992 -0.0027
vn 0.0359 -0.9993 -0.0108
vn -0.1151 -0.9919 0.0528
vn -0.3392 -0.9327 0.1227
vn -0.4538 -0.8414 0.2935
vn -0.6264 -0.6828 0.3760
vn -0.7566 -0.4876 0.4356
vn -0.8692 -0.1506 0.4709
vn -0.8993 -0.0262 0.4366
vn -0.8394 0.0858 0.5368
vn 0.1342 0.9864 -0.0951
vn 0.2554 0.9539 -0.1579
vn 0.6922 0.5969 -0.4056
vn 0.4387 0.8563 -0.2726
vn 0.4105 -0.8533 -0.3215
vn 0.6580 -0.6123 -0.4383
vn 0.5837 -0.7541 -0.3012
vn 0.2593 -0.9459 -0.1953
vn 0.1362 -0.9820 -0.1307
vn -0.5680 -0.6980 0.4361
vn -0.6926 -0.4750 0.5429
vn -0.8266 -0.1654 0.5379
vn -0.8021 -0.0792 0.5919
vn -0.8134 0.3327 0.4772
vn -0.5736 0.6749 0.4642
vn -0.0511 0.9978 0.0423
vn 0.3894 0.8678 -0.3086
vn 0.6130 0.6251 -0.4832
vn 0.6143 0.6655 -0.4239
vn 0.0021 1.0000 -0.0064
vn 0.1784 -0.9667 -0.1836
vn -0.0795 -0.9942 0.0720
vn -0.7768 -0.3221 0.5411
vn -0.7476 -0.2028 0.6324
vn -0.7365 -0.0961 0.6695
vn -0.7712 0.1541 0.6176
vn -0.7819 0.2642 0.5646
vn -0.6490 0.4987 0.5745
vn 0.2328 0.9487 -0.2137
vn 0.1889 0.9618 -0.1979
vn 0.0031 -1.0000 -0.0044
vn 0.5323 -0.6193 -0.5772
vn 0.5182 -0.7494 -0.4122
vn 0.2282 -0.9435 -0.2401
vn -0.1448 -0.9749 0.1694
vn -0.3550 -0.8375 0.4154
vn -0.5063 -0.6971 0.5077
vn -0.6251 -0.4873 0.6098
vn -0.7790 0.0020 0.6270
vn -0.7008 -0.0049 0.7133
vn -0.6888 0.1560 0.7079
vn -0.5217 0.6845 0.5092
vn -0.3656 0.8413 0.3982
vn -0.0678 0.9941 0.0848
vn 0.0590 0.9976 -0.0355
vn 0.3483 0.8601 -0.3727
vn 0.5346 0.7548 -0.3800
vn 0.5464 0.6280 -0.5542
vn 0.0500 -0.9951 -0.0858
vn 0.4875 -0.6487 -0.5843
vn 0.4849 -0.7407 -0.4651
vn 0.3107 -0.8771 -0.3663
vn 0.1050 -0.9851 -0.1359
vn 0.0437 -0.9985 -0.0315
vn -0.2570 -0.9368 0.2375
vn -0.4332 -0.6807 0.5907
vn -0.6895 -0.3124 0.6534
vn -0.6301 0.0896 0.7713
vn -0.6885 0.3140 0.6537
vn -0.5798 0.4887 0.6519
vn -0.4480 0.6916 0.5666
vn -0.2677 0.9298 0.2524
vn 0.1754 0.9488 -0.2627
vn 0.2940 0.8620 -0.4130
vn 0.0230 -0.9995 -0.0219
vn 0.2894 -0.8618 -0.4166
vn -0.0642 -0.9914 0.1139
vn -0.4717 -0.4857 0.7359
vn -0.5898 -0.1835 0.7864
vn -0.6401 -0.0265 0.7678
vn -0.5822 0.0251 0.8126
vn -0.5358 0.0845 0.8401
vn -0.3036 0.8370 0.4553
vn -0.1100 0.9775 0.1800
vn 0.4340 0.7587 -0.4858
vn 0.4471 0.6235 -0.6414
vn 0.1324 0.9639 -0.2308
vn 0.2286 -0.8398 -0.4925
vn 0.4015 -0.7201 -0.5658
vn 0.0761 -0.9822 -0.1719
vn -0.2076 -0.9319 0.2976
vn -0.5297 -0.0287 0.8477
vn -0.5276 0.2547 0.8104
vn -0.4238 0.4787 0.7689
vn -0.3634 0.6939 0.6216
vn -0.2110 0.9369 0.2787
vn 0.3746 0.6131 -0.6956
vn 0.2082 0.8367 -0.5065
vn 0.3310 -0.6439 -0.6898
vn 0.0962 -0.9489 -0.3005
vn -0.3052 -0.6930 0.6531
vn -0.3314 -0.4883 0.8073
vn -0.4746 -0.3203 0.8198
vn -0.3940 -0.0869 0.9150
vn -0.3363 0.4888 0.8050
vn 0.0471 0.9965 -0.0693
vn 0.2267 0.8558 -0.4650
vn 0.3493 0.7498 -0.5619
vn 0.2886 0.6371 -0.7147
vn 0.1338 -0.8217 -0.5540
vn 0.2706 -0.6332 -0.7251
vn 0.3070 -0.7631 -0.5687
vn 0.0318 -0.9982 -0.0499
vn -0.1525 -0.9427 0.2968
vn -0.1800 -0.8450 0.5036
vn -0.2269 -0.6716 0.7053
vn -0.4052 -0.2820 0.8697
vn -0.3217 -0.1934 0.9269
vn -0.2851 -0.0861 0.9546
vn -0.4389 0.0240 0.8982
vn -0.3383 0.0213 0.9408
vn -0.3534 0.1688 0.9201
vn -0.4078 0.3254 0.8531
vn -0.2387 0.6763 0.6969
vn -0.1653 0.9333 0.3188
vn 0.0377 0.9865 -0.1595
vn 0.1239 0.8832 -0.4523
vn 0.3404 0.6599 -0.6698
vn 0.0361 0.9936 -0.1071
vn 0.1875 -0.6072 -0.7721
vn 0.1045 -0.8684 -0.4847
vn 0.0229 -0.9876 -0.1551
vn -0.0159 -0.9973 0.0712
vn -0.0804 -0.9753 0.2057
vn -0.2220 -0.4996 0.8373
vn -0.2615 0.0817 0.9617
vn -0.2388 0.1916 0.9520
vn -0.2045 0.5177 0.8308
vn -0.1279 0.8314 0.5408
vn 0.2497 0.7391 -0.6256
vn 0.2121 0.6113 -0.7624
vn 0.2246 0.6779 -0.7000
vn 0.0594 0.9619 -0.2668
vn -0.0030 -1.0000 -0.0048
vn 0.0118 -0.9953 -0.0962
vn 0.0935 -0.6750 -0.7319
vn 0.2337 -0.6603 -0.7137
vn 0.0628 -0.6335 -0.7711
vn -0.0150 -0.9770 0.2126
vn -0.0919 -0.9400 0.3286
vn -0.1055 -0.8471 0.5208
vn -0.2708 -0.3167 0.9090
vn -0.1955 -0.2573 0.9464
vn -0.1742 -0.0859 0.9809
vn -0.2409 -0.0303 0.9701
vn -0.1828 0.0340 0.9826
vn -0.1468 0.1587 0.9763
vn -0.2825 0.3276 0.9016
vn -0.1075 0.9305 0.3501
vn -0.0390 0.9755 0.2164
vn 0.1267 0.6392 -0.7585
vn 0.0827 0.8263 -0.5571
vn 0.0256 -0.8312 -0.5554
vn 0.0241 -0.9446 -0.3273
vn 0.0136 -0.9894 0.1444
vn -0.0288 -0.8417 0.5391
vn -0.0767 -0.6804 0.7288
vn -0.0322 -0.4926 0.8697
vn -0.0621 0.1514 0.9865
vn -0.1715 0.3247 0.9301
vn -0.0842 0.4862 0.8698
vn -0.0536 0.8452 0.5317
vn 0.0168 0.9984 -0.0542
vn 0.0056 0.9820 -0.1889
vn 0.0409 0.9338 -0.3553
vn 0.1376 0.7236 -0.6764
vn 0.0248 0.6251 -0.7801
vn 0.0598 0.6780 -0.7326
vn -0.0495 -0.6210 -0.7822
vn 0.0899 -0.7242 -0.6837
vn -0.0014 -0.8698 -0.4934
vn 0.0115 -0.9986 -0.0512
vn 0.0076 -0.9996 0.0257
vn 0.0212 -0.6884 0.7250
vn -0.0835 -0.3257 0.9418
vn -0.0058 -0.1953 0.9807
vn -0.0223 -0.0796 0.9966
vn -0.0145 0.0341 0.9993
vn 0.0260 0.1587 0.9870
vn -0.0734 0.3234 0.9434
vn 0.0334 0.5070 0.8613
vn -0.0286 0.6885 0.7247
vn 0.0263 0.8438 0.5359
vn 0.0192 0.9734 0.2282
vn -0.0034 0.9936 0.1128
vn -0.0471 0.9484 -0.3134
vn -0.0110 0.8710 -0.4912
vn 0.0656 0.8228 -0.5645
vn -0.0536 0.6558 -0.7531
vn -0.0040 0.8442 -0.5360
vn -0.0224 0.9646 -0.2626
vn 0.0116 -0.9992 -0.0395
vn -0.0737 -0.9582 -0.2766
vn -0.0727 -0.8430 -0.5329
vn 0.0864 -0.4973 0.8633
vn 0.0949 -0.1538 0.9835
vn 0.0460 -0.0240 0.9987
vn 0.0881 0.0817 0.9928
vn 0.1294 0.1808 0.9750
vn 0.0203 0.3069 0.9515
vn 0.0919 0.6907 0.7173
vn -0.0193 0.9328 0.3598
vn -0.0863 0.6149 -0.7839
vn -0.1635 -0.6316 -0.7578
vn -0.0956 -0.8641 -0.4942
vn 0.1581 -0.6799 0.7160
vn 0.1437 -0.4964 0.8561
vn 0.0411 -0.3194 0.9467
vn 0.1884 -0.1914 0.9633
vn 0.1751 -0.0774 0.9815
vn 0.1813 0.0756 0.9805
vn 0.1512 0.5120 0.8455
vn 0.1282 0.8354 0.5344
vn -0.1303 0.8651 -0.4844
vn -0.0253 0.7696 -0.6380
vn -0.1886 0.6164 -0.7645
vn -0.1223 0.8526 -0.5080
vn -0.0261 0.9934 -0.1113
vn 0.0010 -0.9999 -0.0162
vn -0.1221 -0.6302 -0.7667
vn -0.1963 -0.6718 -0.7142
vn -0.0964 -0.9380 -0.3329
vn 0.0506 -0.9415 0.3332
vn 0.1363 -0.8506 0.5079
vn 0.2539 -0.5046 0.8252
vn 0.2365 -0.0465 0.9705
vn 0.2495 0.2009 0.9473
vn 0.1572 0.3154 0.9358
vn 0.2505 0.4918 0.8339
vn 0.1922 0.6976 0.6902
vn 0.0640 0.9774 0.2016
vn -0.0753 0.9745 -0.2114
vn -0.1107 0.9548 -0.2758
vn -0.1073 0.9648 -0.2402
vn -0.1834 -0.8451 -0.5022
vn -0.1263 -0.7545 -0.6440
vn -0.1713 -0.8685 -0.4650
vn -0.0857 -0.9778 -0.1910
vn 0.2045 -0.8457 0.4929
vn 0.2893 -0.6749 0.6788
vn 0.3885 -0.1634 0.9068
vn 0.3597 0.0883 0.9289
vn 0.2883 0.6664 0.6876
vn 0.1811 0.8447 0.5037
vn 0.0626 0.9327 0.3552
vn 0.0504 0.9948 0.0885
vn -0.1304 0.7292 -0.6718
vn -0.2449 0.6089 -0.7545
vn -0.0633 -0.9941 -0.0879
vn -0.1312 -0.9651 -0.2268
vn -0.2639 -0.8253 -0.4992
vn -0.3564 -0.6430 -0.6778
vn -0.2090 -0.7596 -0.6159
vn -0.1298 -0.9536 -0.2718
vn 0.0213 -0.9994 0.0282
vn 0.3688 -0.4760 0.7984
vn 0.3270 -0.3223 0.8884
vn 0.3431 -0.0211 0.9390
vn 0.4373 0.0709 0.8965
vn 0.4566 0.1867 0.8699
vn 0.3844 0.4867 0.7844
vn 0.2533 0.8444 0.4721
vn 0.1160 0.9728 0.2007
vn -0.0066 0.9989 -0.0470
vn -0.2414 0.6727 -0.6994
vn -0.2247 0.8157 -0.5331
vn -0.0026 0.9992 -0.0404
vn -0.0108 -0.9993 -0.0359
vn 0.0528 -0.9919 0.1151
vn 0.1227 -0.9327 0.3392
vn 0.2935 -0.8414 0.4538
vn 0.3760 -0.6828 0.6264
vn 0.4356 -0.4876 0.7566
vn 0.4709 -0.1506 0.8692
vn 0.4365 -0.0262 0.8993
vn 0.5368 0.0858 0.8394
vn -0.0951 0.9864 -0.1342
vn -0.1579 0.9539 -0.2554
vn -0.4056 0.5969 -0.6922
vn -0.2726 0.8563 -0.4387
vn -0.3215 -0.8533 -0.4105
vn -0.4383 -0.6123 -0.6580
vn -0.3012 -0.7541 -0.5837
vn -0.1953 -0.9459 -0.2593
vn -0.1307 -0.9820 -0.1362
vn 0.4361 -0.6980 0.5680
vn 0.5429 -0.4750 0.6926
vn 0.5379 -0.1654 0.8266
vn 0.5919 -0.0792 0.8021
vn 0.4772 0.3327 0.8134
vn 0.4642 0.6749 0.5736
vn 0.0423 0.9978 0.0511
vn -0.3086 0.8678 -0.3894
vn -0.4832 0.6251 -0.6130
vn -0.4239 0.6655 -0.6143
vn -0.0046 1.0000 -0.0033
vn -0.1836 -0.9667 -0.1784
vn 0.0720 -0.9942 0.0795
vn 0.5411 -0.3221 0.7768
vn 0.6324 -0.2028 0.7476
vn 0.6695 -0.0961 0.7365
vn 0.6176 0.1541 0.7712
vn 0.5646 0.2642 0.7819
vn 0.5745 0.4987 0.6490
vn -0.2137 0.9487 -0.2328
vn -0.1979 0.9618 -0.1889
vn -0.0124 -0.9999 -0.0004
vn -0.5772 -0.6193 -0.5323
vn -0.4122 -0.7494 -0.5182
vn -0.2401 -0.9435 -0.2282
vn 0.1694 -0.9749 0.1448
vn 0.4154 -0.8375 0.3550
vn 0.5077 -0.6971 0.5063
vn 0.6098 -0.4873 0.6251
vn 0.6270 0.0020 0.7790
vn 0.7133 -0.0049 0.7008
vn 0.7079 0.1560 0.6888
vn 0.5092 0.6845 0.5217
vn 0.3982 0.8413 0.3656
vn 0.0848 0.9941 0.0678
vn -0.0355 0.9976 -0.0590
vn -0.3727 0.8601 -0.3483
vn -0.3800 0.7548 -0.5346
vn -0.5542 0.6280 -0.5464
vn -0.0858 -0.9951 -0.0500
vn -0.5843 -0.6487 -0.4875
vn -0.4651 -0.7407 -0.4849
vn -0.3663 -0.8771 -0.3107
vn -0.1359 -0.9851 -0.1050
vn -0.0315 -0.9985 -0.0437
vn 0.2375 -0.9368 0.2570
vn 0.5907 -0.6807 0.4332
vn 0.6534 -0.3124 0.6895
vn 0.7713 0.0896 0.6301
vn 0.6537 0.3140 0.6885
vn 0.6519 0.4887 0.5798
vn 0.5666 0.6916 0.4480
vn 0.2524 0.9298 0.2677
vn -0.2627 0.9488 -0.1754
vn -0.4130 0.8620 -0.2940
vn -0.0221 -0.9995 -0.0231
vn -0.4166 -0.8618 -0.2894
vn 0.1139 -0.9914 0.0642
vn 0.7359 -0.4857 0.4717
vn 0.7864 -0.1835 0.5898
vn 0.7678 -0.0265 0.6401
vn 0.8126 0.0251 0.5822
vn 0.8401 0.0845 0.5358
vn 0.4553 0.8370 0.3036
vn 0.1800 0.9775 0.1100
vn -0.4858 0.7587 -0.4340
vn -0.6414 0.6235 -0.4471
vn -0.2308 0.9639 -0.1324
vn -0.4925 -0.8398 -0.2286
vn -0.5658 -0.7201 -0.4015
vn -0.1719 -0.9822 -0.0761
vn 0.2976 -0.9319 0.2076
vn 0.8477 -0.0287 0.5297
vn 0.8104 0.2547 0.5276
vn 0.7689 0.4787 0.4238
vn 0.6216 0.6939 0.3634
vn 0.2787 0.9369 0.2110
vn -0.6956 0.6131 -0.3746
vn -0.5065 0.8367 -0.2082
vn -0.6898 -0.6439 -0.3310
vn -0.3005 -0.9489 -0.0962
vn 0.6531 -0.6930 0.3052
vn 0.8073 -0.4883 0.3314
vn 0.8198 -0.3203 0.4746
vn 0.9150 -0.0869 0.3940
vn 0.8050 0.4888 0.3363
vn -0.0693 0.9965 -0.0471
vn -0.4650 0.8558 -0.2267
vn -0.5619 0.7498 -0.3493
vn -0.7147 0.6371 -0.2886
vn -0.5540 -0.8217 -0.1338
vn -0.7251 -0.6332 -0.2706
vn -0.5687 -0.7631 -0.3070
vn -0.0499 -0.9982 -0.0318
vn 0.2968 -0.9427 0.1525
vn 0.5036 -0.8450 0.1800
vn 0.7053 -0.6716 0.2269
vn 0.8697 -0.2820 0.4052
vn 0.9269 -0.1934 0.3217
vn 0.9546 -0.0861 0.2851
vn 0.8982 0.0240 0.4389
vn 0.9408 0.0213 0.3383
vn 0.9201 0.1688 0.3534
vn 0.8531 0.3254 0.4078
vn 0.6969 0.6763 0.2387
vn 0.3188 0.9333 0.1653
vn -0.1595 0.9865 -0.0377
vn -0.4523 0.8832 -0.1239
vn -0.6698 0.6599 -0.3404
vn -0.1071 0.9936 -0.0361
vn -0.7721 -0.6072 -0.1875
vn -0.4847 -0.8684 -0.1045
vn -0.1551 -0.9876 -0.0229
vn 0.0712 -0.9973 0.0159
vn 0.2057 -0.9753 0.0804
vn 0.8373 -0.4996 0.2220
vn 0.9617 0.0817 0.2615
vn 0.9520 0.1916 0.2388
vn 0.8308 0.5177 0.2045
vn 0.5408 0.8314 0.1279
vn -0.6256 0.7391 -0.2497
vn -0.7624 0.6113 -0.2121
vn -0.7000 0.6779 -0.2246
vn -0.2668 0.9619 -0.0594
vn -0.0962 -0.9953 -0.0118
vn -0.7319 -0.6750 -0.0935
vn -0.7137 -0.6603 -0.2337
vn -0.7711 -0.6335 -0.0628
vn 0.2126 -0.9770 0.0150
vn 0.3286 -0.9400 0.0919
vn 0.5208 -0.8471 0.1055
vn 0.9090 -0.3167 0.2708
vn 0.9464 -0.2573 0.1955
vn 0.9809 -0.0859 0.1742
vn 0.9701 -0.0303 0.2409
vn 0.9826 0.0340 0.1828
vn 0.9763 0.1587 0.1468
vn 0.9016 0.3276 0.2825
vn 0.3501 0.9305 0.1075
vn 0.2164 0.9755 0.0390
vn -0.7585 0.6392 -0.1267
vn -0.5571 0.8263 -0.0827
vn -0.5554 -0.8312 -0.0256
vn -0.3273 -0.9446 -0.0241
vn 0.1444 -0.9894 -0.0136
vn 0.5391 -0.8417 0.0288
vn 0.7288 -0.6804 0.0767
vn 0.8697 -0.4926 0.0322
vn 0.9865 0.1514 0.0621
vn 0.9301 0.3247 0.1715
vn 0.8698 0.4862 0.0842
vn 0.5317 0.8452 0.0536
vn -0.0542 0.9984 -0.0168
vn -0.1889 0.9820 -0.0056
vn -0.3553 0.9338 -0.0409
vn -0.6764 0.7236 -0.1376
vn -0.7801 0.6251 -0.0248
vn -0.7326 0.6780 -0.0598
vn -0.6837 -0.7242 -0.0899
vn -0.0512 -0.9986 -0.0115
vn 0.9418 -0.3257 0.0835
vn 0.9434 0.3234 0.0734
vn -0.5645 0.8228 -0.0656
vn -0.0963 -0.9952 0.0148
vn -0.2848 -0.9582 0.0277
vn 0.5547 -0.8299 -0.0596
vn 0.2073 -0.9768 -0.0539
vn 0.0631 0.9979 -0.0141
vn 0.9606 0.0752 -0.2676
vn -0.7340 -0.6263 0.2627
vn 0.9429 -0.1595 -0.2925
vn -0.6761 -0.6728 0.3003
vn -0.4393 0.8672 0.2343
vn -0.6954 0.6424 0.3222
vn -0.4376 -0.8644 0.2478
vn 0.1680 -0.9794 -0.1122
vn 0.6342 0.6730 -0.3807
vn -0.0852 0.9940 0.0691
vn -0.6189 -0.6604 0.4251
vn -0.3946 -0.8759 0.2775
vn 0.7085 0.5004 -0.4977
vn 0.4336 0.8402 -0.3256
vn -0.5913 -0.6238 0.5111
vn 0.4189 -0.8377 -0.3503
vn 0.1478 0.9782 -0.1456
vn -0.4122 0.8290 0.3780
vn -0.3776 -0.8296 0.4113
vn -0.5466 -0.6689 0.5038
vn 0.7413 0.0736 -0.6672
vn -0.1266 0.9830 0.1328
vn 0.0180 -0.9996 -0.0236
vn 0.5654 -0.5025 -0.6541
vn 0.6681 -0.1596 -0.7268
vn -0.4385 -0.6271 0.6438
vn -0.1570 -0.9548 0.2523
vn 0.5825 -0.0826 -0.8086
vn 0.4976 0.4958 -0.7118
vn -0.0827 0.9831 0.1631
vn -0.2745 0.8852 0.3757
vn -0.4249 0.6515 0.6285
vn -0.1175 -0.9652 0.2338
vn -0.2243 -0.8536 0.4701
vn 0.2637 -0.8379 -0.4779
vn 0.3676 -0.6859 -0.6280
vn 0.4976 -0.1827 -0.8480
vn 0.0441 0.9951 -0.0888
vn -0.3495 -0.6239 0.6990
vn 0.4826 -0.0896 -0.8712
vn 0.4576 0.1467 -0.8770
vn 0.2280 0.8299 -0.5092
vn 0.0160 0.9980 -0.0616
vn 0.0704 0.9798 -0.1873
vn -0.1055 0.9480 0.3004
vn -0.0609 -0.9703 0.2342
vn 0.1570 -0.6808 -0.7155
vn 0.1421 -0.4897 -0.8603
vn 0.1155 0.6727 -0.7308
vn -0.0102 -0.9679 0.2510
vn 0.0990 -0.1532 -0.9832
vn 0.1002 0.0043 -0.9950
vn 0.0041 0.9999 0.0132
vn 0.0164 -0.9855 0.1690
vn 0.0148 -0.9952 0.0963
vn 0.0277 -0.9582 0.2848
vn -0.0596 -0.8299 -0.5547
vn -0.0539 -0.9768 -0.2073
vn -0.0141 0.9979 -0.0631
vn -0.2676 0.0752 -0.9606
vn 0.2627 -0.6263 0.7340
vn -0.2925 -0.1595 -0.9429
vn 0.3003 -0.6728 0.6761
vn 0.2343 0.8672 0.4393
vn 0.3222 0.6424 0.6954
vn 0.2478 -0.8644 0.4376
vn -0.1122 -0.9794 -0.1680
vn -0.3807 0.6730 -0.6342
vn 0.0691 0.9940 0.0852
vn 0.4251 -0.6604 0.6189
vn 0.2775 -0.8759 0.3946
vn -0.4977 0.5004 -0.7085
vn -0.3256 0.8402 -0.4336
vn 0.5111 -0.6238 0.5913
vn -0.3503 -0.8377 -0.4189
vn -0.1456 0.9782 -0.1478
vn 0.3780 0.8290 0.4122
vn 0.4113 -0.8296 0.3776
vn 0.5038 -0.6689 0.5466
vn -0.6672 0.0736 -0.7413
vn 0.1328 0.9830 0.1266
vn -0.0236 -0.9996 -0.0180
vn -0.6541 -0.5025 -0.5654
vn -0.7268 -0.1596 -0.6681
vn 0.6438 -0.6271 0.4385
vn 0.2523 -0.9548 0.1570
vn -0.8086 -0.0826 -0.5825
vn -0.7118 0.4958 -0.4976
vn 0.1631 0.9831 0.0827
vn 0.3757 0.8852 0.2745
vn 0.6285 0.6515 0.4249
vn 0.2338 -0.9652 0.1175
vn 0.4701 -0.8536 0.2243
vn -0.4779 -0.8379 -0.2637
vn -0.6280 -0.6859 -0.3676
vn -0.8480 -0.1827 -0.4976
vn -0.0888 0.9951 -0.0441
vn 0.6990 -0.6239 0.3495
vn -0.8712 -0.0896 -0.4826
vn -0.8770 0.1467 -0.4576
vn -0.5092 0.8299 -0.2280
vn -0.0616 0.9980 -0.0160
vn -0.1873 0.9798 -0.0704
vn 0.3004 0.9480 0.1055
vn 0.2342 -0.9703 0.0609
vn -0.7155 -0.6808 -0.1570
vn -0.8603 -0.4897 -0.1421
vn -0.7308 0.6727 -0.1155
vn 0.2510 -0.9679 0.0102
vn -0.9832 -0.1532 -0.0990
vn -0.9950 0.0043 -0.1002
vn 0.0130 0.9999 -0.0041
vn 0.1690 -0.9855 -0.0164
vn 0.0963 -0.9952 -0.0148
vn 0.2848 -0.9582 -0.0277
vn -0.5547 -0.8299 0.0596
vn -0.2073 -0.9768 0.0539
vn -0.0631 0.9979 0.0141
vn -0.9606 0.0752 0.2676
vn 0.7340 -0.6263 -0.2627
vn -0.9429 -0.1595 0.2925
vn 0.6761 -0.6728 -0.3003
vn 0.4393 0.8672 -0.2343
vn 0.6954 0.6424 -0.3222
vn 0.4376 -0.8644 -0.2478
vn -0.1680 -0.9794 0.1122
vn -0.6342 0.6730 0.3807
vn 0.0852 0.9940 -0.0691
vn 0.6189 -0.6604 -0.4251
vn 0.3946 -0.8759 -0.2775
vn -0.7085 0.5004 0.4977
vn -0.4336 0.8402 0.3256
vn 0.5913 -0.6238 -0.5111
vn -0.4189 -0.8377 0.3503
vn -0.1478 0.9782 0.1456
vn 0.4122 0.8290 -0.3780
vn 0.3776 -0.8296 -0.4113
vn 0.5466 -0.6689 -0.5038
vn -0.7413 0.0736 0.6672
vn 0.1266 0.9830 -0.1328
vn -0.0180 -0.9996 0.0236
vn -0.5654 -0.5025 0.6541
vn -0.6681 -0.1596 0.7268
vn 0.4385 -0.6271 -0.6438
vn 0.1570 -0.9548 -0.2523
vn -0.5825 -0.0826 0.8086
vn -0.4976 0.4958 0.7118
vn 0.0827 0.9831 -0.1631
vn 0.2745 0.8852 -0.3757
vn 0.4249 0.6515 -0.6285
vn 0.1175 -0.9652 -0.2338
vn 0.2243 -0.8536 -0.4701
vn -0.2637 -0.8379 0.4779
vn -0.3676 -0.6859 0.6280
vn -0.4976 -0.1827 0.8480
vn -0.0441 0.9951 0.0888
vn 0.3495 -0.6239 -0.6990
vn -0.4826 -0.0896 0.8712
vn -0.4576 0.1467 0.8770
vn -0.2280 0.8299 0.5092
vn -0.0160 0.9980 0.0616
vn -0.0704 0.9798 0.1873
vn 0.1055 0.9480 -0.3004
vn 0.0609 -0.9703 -0.2342
vn -0.1570 -0.6808 0.7155
vn -0.1421 -0.4897 0.8603
vn -0.1155 0.6727 0.7308
vn 0.0102 -0.9679 -0.2510
vn -0.0990 -0.1532 0.9832
vn -0.1002 0.0043 0.9950
vn -0.0053 0.9999 -0.0155
vn -0.0164 -0.9855 -0.1690
vn -0.0148 -0.9952 -0.0963
vn -0.0277 -0.9582 -0.2848
vn 0.0596 -0.8299 0.5547
vn 0.0539 -0.9768 0.2073
vn 0.0141 0.9979 0.0631
vn 0.2676 0.0752 0.9606
vn -0.2627 -0.6263 -0.7340
vn 0.2925 -0.1595 0.9429
vn -0.3003 -0.6728 -0.6761
vn -0.2343 0.8672 -0.4393
vn -0.3222 0.6424 -0.6954
vn -0.2478 -0.8644 -0.4376
vn 0.1122 -0.9794 0.1680
vn 0.3807 0.6730 0.6342
vn -0.0691 0.9940 -0.0852
vn -0.4251 -0.6604 -0.6189
vn -0.2775 -0.8759 -0.3946
vn 0.4977 0.5004 0.7085
vn 0.3256 0.8402 0.4336
vn -0.5111 -0.6238 -0.5913
vn 0.3503 -0.8377 0.4189
vn 0.1456 0.9782 0.1478
vn -0.3780 0.8290 -0.4122
vn -0.4113 -0.8296 -0.3776
vn -0.5038 -0.6689 -0.5466
vn 0.6672 0.0736 0.7413
vn -0.1328 0.9830 -0.1266
vn 0.0236 -0.9996 0.0180
vn 0.6541 -0.5025 0.5654
vn 0.7268 -0.1596 0.6681
vn -0.6438 -0.6271 -0.4385
vn -0.2523 -0.9548 -0.1570
vn 0.8086 -0.0826 0.5825
vn 0.7118 0.4958 0.4976
vn -0.1631 0.9831 -0.0827
vn -0.3757 0.8852 -0.2745
vn -0.6285 0.6515 -0.4249
vn -0.2338 -0.9652 -0.1175
vn -0.4701 -0.8536 -0.2243
vn 0.4779 -0.8379 0.2637
vn 0.6280 -0.6859 0.3676
vn 0.8480 -0.1827 0.4976
vn 0.0888 0.9951 0.0441
vn -0.6990 -0.6239 -0.3495
vn 0.8712 -0.0896 0.4826
vn 0.8770 0.1467 0.4576
vn 0.5092 0.8299 0.2280
vn 0.0616 0.9980 0.0160
vn 0.1873 0.9798 0.0704
vn -0.3004 0.9480 -0.1055
vn -0.2342 -0.9703 -0.0609
vn 0.7155 -0.6808 0.1570
vn 0.8603 -0.4897 0.1421
vn 0.7308 0.6727 0.1155
vn -0.2510 -0.9679 -0.0102
vn 0.9832 -0.1532 0.0990
vn 0.9950 0.0043 0.1002
vn -0.0132 0.9999 0.0041
vn -0.1690 -0.9855 0.0164
vn 0.1133 0.9893 -0.0917
vn -0.3082 0.8832 -0.3534
vn -0.1133 -0.9893 -0.0917
vn 0.3993 -0.0018 -0.9168
vn 0.3082 -0.8832 -0.3534
vn -0.0892 0.9898 -0.1109
vn -0.6819 0.1328 -0.7193
vn -0.5994 0.6029 -0.5265
vn -0.3017 0.0275 -0.9530
vn -0.3728 0.7306 -0.5720
vn -0.4946 0.0333 -0.8685
vn -0.1829 0.9007 -0.3941
vn -0.0793 -0.9898 -0.1187
vn -0.3243 -0.5744 -0.7516
vn -0.4288 -0.7306 -0.5313
vn -0.3183 -0.9007 -0.2958
vn -0.0522 0.9893 -0.1363
vn -0.9950 0.0008 0.1002
vn -0.4314 0.8832 0.1840
vn -0.1223 -0.9893 0.0791
vn -0.2408 -0.8832 -0.4024
vn -0.1378 0.9890 0.0537
vn -0.8948 0.1328 0.4263
vn -0.6860 0.6029 0.4074
vn -0.9996 0.0275 -0.0076
vn -0.6592 0.7306 0.1778
vn -0.9788 0.0333 0.2020
vn -0.4313 0.9007 0.0522
vn -0.1456 -0.9883 0.0455
vn -0.8150 -0.5744 0.0762
vn -0.6378 -0.7306 0.2436
vn -0.3796 -0.9007 0.2113
vn -0.1482 0.9889 0.0063
vn -0.2121 0.0008 0.9772
vn 0.0391 0.8855 0.4630
vn 0.0372 -0.9890 0.1434
vn -0.4571 -0.8832 0.1047
vn 0.1289 0.1328 0.9827
vn 0.1760 0.5924 0.7861
vn -0.3161 0.0275 0.9483
vn -0.0428 0.7449 0.6658
vn -0.1104 0.0333 0.9933
vn 0.0448 0.9506 0.3071
vn -0.0915 0.8973 0.4317
vn -0.1799 -0.5636 0.8062
vn 0.0428 -0.7449 0.6658
vn -0.0448 -0.9506 0.3071
vn 0.0915 -0.8973 0.4317
vn -0.0372 0.9890 0.1434
vn 0.8639 0.0008 0.5037
vn 0.4571 0.8832 0.1047
vn 0.1482 -0.9889 0.0063
vn -0.0391 -0.8855 0.4630
vn 0.1456 0.9883 0.0455
vn 0.9745 0.1328 0.1811
vn 0.7944 0.6029 0.0736
vn 0.8042 0.0275 0.5937
vn 0.6378 0.7306 0.2436
vn 0.9106 0.0333 0.4119
vn 0.3796 0.9007 0.2113
vn 0.1378 -0.9890 0.0537
vn 0.7042 -0.5744 0.4174
vn 0.6592 -0.7306 0.1778
vn 0.4313 -0.9007 0.0522
vn 0.1223 0.9893 0.0791
vn 0.7460 0.0008 -0.6659
vn 0.2408 0.8832 -0.4024
vn 0.0522 -0.9893 -0.1363
vn 0.4314 -0.8832 0.1840
vn 0.0793 0.9898 -0.1187
vn 0.8135 0.0275 -0.5808
vn 0.4288 0.7306 -0.5313
vn 0.6732 0.0333 -0.7387
vn 0.3183 0.9007 -0.2958
vn 0.4733 0.1328 -0.8708
vn 0.3155 0.6029 -0.7328
vn 0.0892 -0.9898 -0.1109
vn 0.6146 -0.5744 -0.5407
vn 0.3728 -0.7306 -0.5720
vn 0.1829 -0.9007 -0.3941
vn 0.7363 0.1161 -0.6666
vn 0.7042 0.3836 -0.5975
vn 0.3917 0.1497 -0.9078
vn -0.1585 0.1635 -0.9737
vn 0.2343 0.4243 -0.8747
vn 0.4273 0.6287 -0.6497
vn -0.3604 0.4702 -0.8056
vn -0.6861 0.1830 -0.7041
vn -0.6931 0.4410 -0.5702
vn -0.5144 0.7111 -0.4793
vn 0.1416 0.8623 -0.4862
vn -0.1213 0.7223 -0.6808
vn -0.0052 0.9762 -0.2166
vn 0.4041 0.8615 -0.3073
vn 0.6077 0.6701 -0.4261
vn 0.8156 -0.0196 -0.5783
vn 0.7042 -0.4112 -0.5788
vn 0.5144 -0.7111 -0.4793
vn 0.6663 -0.1583 -0.7287
vn -0.0041 -0.1328 -0.9911
vn 0.3593 -0.4654 -0.8089
vn -0.1416 -0.8623 -0.4862
vn 0.1213 -0.7223 -0.6808
vn 0.0052 -0.9762 -0.2166
vn -0.4041 -0.8615 -0.3073
vn -0.6012 -0.6759 -0.4263
vn -0.4498 -0.6160 -0.6468
vn -0.7078 -0.1201 -0.6961
vn -0.5340 -0.2686 -0.8017
vn -0.7561 -0.4049 -0.5141
vn -0.1764 -0.4389 -0.8810
vn -0.8143 0.2056 -0.5428
vn -0.5637 0.4415 -0.6981
vn -0.3733 0.2595 -0.8907
vn -0.2762 0.6297 -0.7261
vn -0.3903 0.8480 -0.3586
vn -0.3874 -0.3001 -0.8717
vn -0.5307 -0.4748 -0.7021
vn -0.7323 -0.2567 -0.6307
vn -0.6052 -0.6297 -0.4871
vn -0.2205 -0.8480 -0.4820
vn -0.4423 0.1140 -0.8896
vn -0.5945 0.2666 -0.7586
vn -0.2558 0.4042 -0.8782
vn -0.9367 0.1335 -0.3236
vn -0.7834 0.4389 -0.4400
vn -0.4761 0.6160 -0.6276
vn -0.8800 0.4650 0.0972
vn -0.7943 0.1006 0.5992
vn -0.7654 0.4297 0.4791
vn -0.6148 0.7111 0.3411
vn -0.9289 0.1665 0.3307
vn -0.4186 0.8623 -0.2849
vn -0.6850 0.7223 -0.0950
vn -0.2076 0.9762 -0.0620
vn -0.1674 0.8615 -0.4793
vn -0.2197 0.6759 -0.7035
vn -0.8638 -0.1212 0.4891
vn -0.7851 -0.3846 0.4854
vn -0.9847 -0.1500 0.0884
vn -0.8771 -0.1635 -0.4516
vn -0.9043 -0.4243 -0.0475
vn -0.7500 -0.6287 0.2056
vn -0.6548 -0.4702 -0.5917
vn -0.4592 -0.1681 -0.8723
vn -0.3329 -0.4158 -0.8463
vn -0.2969 -0.7111 -0.6373
vn -0.5061 -0.8623 -0.0156
vn -0.6100 -0.7223 -0.3258
vn -0.2044 -0.9762 -0.0719
vn -0.4171 -0.8615 0.2894
vn -0.5931 -0.6701 0.4463
vn -0.7675 0.2059 0.6071
vn -0.8381 0.4415 0.3204
vn -0.9624 0.2595 0.0798
vn -0.7759 0.6297 0.0384
vn -0.4617 0.8480 0.2603
vn -0.9487 -0.3001 0.0991
vn -0.8317 -0.4748 0.2877
vn -0.8261 -0.2571 0.5015
vn -0.6505 -0.6296 0.4249
vn -0.5265 -0.8480 0.0607
vn -0.9827 0.1140 0.1457
vn -0.9052 0.2666 0.3310
vn -0.9142 0.4042 -0.0281
vn -0.5972 0.1335 0.7909
vn -0.6606 0.4389 0.6091
vn -0.7440 0.6160 0.2589
vn -0.1795 0.4650 0.8669
vn 0.3244 0.1006 0.9405
vn 0.2191 0.4297 0.8760
vn 0.1345 0.7112 0.6900
vn 0.0274 0.1665 0.9857
vn -0.4003 0.8623 0.3101
vn -0.3020 0.7223 0.6221
vn -0.1308 0.9774 0.1659
vn -0.5076 0.8615 0.0110
vn -0.7370 0.6759 -0.0085
vn 0.1982 -0.1212 0.9726
vn 0.2190 -0.3846 0.8967
vn -0.2203 -0.1500 0.9638
vn -0.7006 -0.1635 0.6946
vn -0.3246 -0.4243 0.8454
vn -0.0362 -0.6287 0.7768
vn -0.7651 -0.4702 0.4399
vn -0.9715 -0.1681 0.1672
vn -0.9078 -0.4158 0.0550
vn -0.6979 -0.7111 0.0855
vn -0.1712 -0.8623 0.4766
vn -0.4983 -0.7223 0.4795
vn -0.1315 -0.9762 0.1724
vn 0.1463 -0.8615 0.4861
vn 0.2412 -0.6701 0.7020
vn 0.3402 0.2059 0.9175
vn 0.0457 0.4415 0.8961
vn -0.2215 0.2595 0.9400
vn -0.2033 0.6297 0.7498
vn 0.1301 0.8020 0.5830
vn -0.1989 -0.3001 0.9329
vn 0.0166 -0.4748 0.8799
vn 0.2217 -0.2571 0.9406
vn 0.2031 -0.6296 0.7499
vn -0.1301 -0.8020 0.5830
vn -0.1651 0.1140 0.9797
vn 0.0351 0.2666 0.9632
vn -0.3092 0.4042 0.8608
vn 0.5676 0.1335 0.8124
vn 0.3752 0.4389 0.8165
vn 0.0163 0.6160 0.7876
vn 0.7690 0.4650 0.4386
vn 0.9948 0.1006 -0.0179
vn 0.9008 0.4297 0.0623
vn 0.6979 0.7111 0.0855
vn 0.9459 0.1665 0.2785
vn 0.1712 0.8623 0.4766
vn 0.4983 0.7223 0.4795
vn 0.1315 0.9762 0.1724
vn -0.1463 0.8615 0.4861
vn -0.2358 0.6759 0.6983
vn 0.9863 -0.1212 0.1121
vn 0.9205 -0.3846 0.0688
vn 0.8486 -0.1500 0.5073
vn 0.4441 -0.1635 0.8809
vn 0.7037 -0.4243 0.5699
vn 0.7276 -0.6287 0.2745
vn 0.1819 -0.4702 0.8636
vn -0.1412 -0.1681 0.9756
vn -0.2282 -0.4158 0.8804
vn -0.1345 -0.7112 0.6900
vn 0.4003 -0.8623 0.3101
vn 0.3020 -0.7223 0.6221
vn 0.1308 -0.9774 0.1659
vn 0.5076 -0.8615 0.0110
vn 0.7421 -0.6701 -0.0125
vn 0.9778 0.2059 -0.0401
vn 0.8664 0.4415 0.2335
vn 0.8255 0.2595 0.5012
vn 0.6503 0.6297 0.4250
vn 0.5265 0.8480 0.0607
vn 0.8258 -0.3001 0.4775
vn 0.8420 -0.4748 0.2561
vn 0.9631 -0.2571 0.0799
vn 0.7760 -0.6296 0.0386
vn 0.4617 -0.8480 0.2603
vn 0.8807 0.1140 0.4597
vn 0.9269 0.2666 0.2643
vn 0.7231 0.4042 0.5601
vn 0.9480 0.1335 -0.2888
vn 0.8924 0.4389 -0.1045
vn 0.7541 0.6160 0.2279
vn 0.6548 0.4650 -0.5958
vn 0.2904 0.1006 -0.9516
vn 0.3376 0.4297 -0.8375
vn 0.2969 0.7111 -0.6373
vn 0.5572 0.1665 -0.8136
vn 0.5061 0.8623 -0.0156
vn 0.6100 0.7223 -0.3258
vn 0.2044 0.9762 -0.0719
vn 0.4171 0.8615 0.2894
vn 0.5913 0.6759 0.4400
vn 0.4114 -0.1212 -0.9034
vn 0.3499 -0.3846 -0.8542
vn 0.7447 -0.1500 -0.6503
vn 0.9751 -0.1635 -0.1502
vn 0.7595 -0.4243 -0.4931
vn 0.4859 -0.6287 -0.6072
vn 0.8775 -0.4702 0.0939
vn 0.8842 -0.1681 0.4357
vn 0.7668 -0.4158 0.4891
vn 0.6148 -0.7111 0.3411
vn 0.4186 -0.8623 -0.2849
vn 0.6850 -0.7223 -0.0950
vn 0.2076 -0.9762 -0.0620
vn 0.1674 -0.8615 -0.4793
vn 0.2175 -0.6701 -0.7097
vn 0.7316 0.2598 -0.6303
vn 0.6051 0.6296 -0.4873
vn 0.2205 0.8480 -0.4820
vn 0.2640 0.2059 -0.9423
vn 0.4898 0.4415 -0.7518
vn 0.7094 -0.2997 -0.6379
vn 0.5037 -0.4748 -0.7217
vn 0.3736 -0.2571 -0.8913
vn 0.2765 -0.6296 -0.7261
vn 0.3903 -0.8480 -0.3586
vn 0.8168 -0.1087 -0.5666
vn 0.7911 -0.1110 0.6015
vn -0.3276 -0.1110 0.9383
vn -0.9936 -0.1110 -0.0216
vn -0.2865 -0.1110 -0.9516
vn -0.3352 0.0189 -0.9419
vn -0.7628 0.0218 -0.6463
vn -0.6239 -0.0315 -0.7809
vn -0.8106 -0.0254 -0.5851
vn -0.7913 -0.0196 -0.6111
vn -0.3775 -0.0204 -0.9258
vn -0.9355 -0.0315 0.3520
vn -0.8067 -0.0251 0.5904
vn -0.8257 -0.0196 0.5638
vn -0.9971 -0.0204 0.0729
vn 0.0457 -0.0315 0.9985
vn 0.3123 -0.0251 0.9497
vn 0.2810 -0.0196 0.9595
vn -0.2388 -0.0204 0.9709
vn 0.9637 -0.0315 0.2650
vn 0.9997 -0.0251 -0.0035
vn 0.9994 -0.0196 0.0292
vn 0.8496 -0.0204 0.5271
vn 0.5499 -0.0315 -0.8347
vn 0.3056 -0.0251 -0.9518
vn -0.0059 0.9982 0.0592
vn 0.0059 -0.9982 0.0592
s 1
f 1064//1064 198//198 105//105
f 105//105 1206//1206 1167//1167
f 198//198 1206//1206 105//105
f 109//109 1207//1207 1186//1186
f 3//3 1208//1208 1188//1188
f 112//112 139//139 1190//1190
f 111//111 112//112 1190//1190
f 114//114 115//115 113//113
f 139//139 115//115 114//114
f 119//119 117//117 118//118
f 4//4 119//119 116//116
f 119//119 120//120 117//117
f 125//125 122//122 123//123
f 122//122 175//175 126//126
f 127//127 1210//1210 1430//1430
f 1210//1210 194//194 1430//1430
f 146//146 131//131 1199//1199
f 131//131 132//132 1199//1199
f 107//107 150//150 1//1
f 135//135 166//166 108//108
f 136//136 1207//1207 109//109
f 166//166 136//136 109//109
f 1187//1187 1209//1209 1171//1171
f 1208//1208 137//137 111//111
f 137//137 112//112 111//111
f 153//153 1208//1208 3//3
f 138//138 5//5 112//112
f 115//115 4//4 116//116
f 4//4 142//142 119//119
f 142//142 120//120 119//119
f 143//143 125//125 124//124
f 125//125 144//144 122//122
f 158//158 143//143 124//124
f 144//144 175//175 122//122
f 128//128 1210//1210 127//127
f 130//130 145//145 129//129
f 129//129 177//177 146//146
f 147//147 6//6 131//131
f 148//148 133//133 134//134
f 107//107 151//151 150//150
f 151//151 135//135 150//150
f 167//167 152//152 136//136
f 153//153 154//154 1208//1208
f 140//140 156//156 141//141
f 141//141 156//156 4//4
f 156//156 142//142 4//4
f 157//157 8//8 158//158
f 157//157 158//158 120//120
f 159//159 125//125 143//143
f 159//159 160//160 125//125
f 160//160 144//144 125//125
f 175//175 161//161 128//128
f 162//162 130//130 1196//1196
f 162//162 163//163 130//130
f 163//163 145//145 130//130
f 148//148 164//164 133//133
f 164//164 149//149 133//133
f 106//106 165//165 107//107
f 1212//1212 183//183 166//166
f 151//151 1212//1212 135//135
f 184//184 168//168 152//152
f 168//168 7//7 1441//1441
f 185//185 199//199 110//110
f 110//110 199//199 1187//1187
f 170//170 155//155 137//137
f 200//200 169//169 154//154
f 1213//1213 188//188 156//156
f 140//140 1213//1213 156//156
f 9//9 8//8 157//157
f 160//160 174//174 144//144
f 159//159 173//173 160//160
f 161//161 176//176 1210//1210
f 11//11 161//161 175//175
f 195//195 148//148 6//6
f 195//195 196//196 148//148
f 237//237 1064//1064 891//891
f 198//198 179//179 1206//1206
f 180//180 181//181 106//106
f 182//182 213//213 1212//1212
f 1212//1212 213//213 183//183
f 168//168 260//260 7//7
f 170//170 186//186 155//155
f 187//187 171//171 1213//1213
f 10//10 171//171 187//187
f 204//204 205//205 171//171
f 191//191 173//173 159//159
f 9//9 159//159 8//8
f 173//173 192//192 174//174
f 193//193 176//176 161//161
f 176//176 222//222 1210//1210
f 1210//1210 251//251 194//194
f 1215//1215 12//12 145//145
f 1216//1216 195//195 178//178
f 149//149 21//21 197//197
f 1440//1440 226//226 1053//1053
f 21//21 1440//1440 197//197
f 271//271 179//179 198//198
f 1221//1221 182//182 1214//1214
f 213//213 1217//1217 167//167
f 199//199 1218//1218 1209//1209
f 170//170 203//203 186//186
f 202//202 203//203 170//170
f 14//14 201//201 169//169
f 206//206 190//190 189//189
f 15//15 206//206 189//189
f 191//191 1219//1219 173//173
f 1219//1219 192//192 173//173
f 220//220 191//191 9//9
f 207//207 208//208 163//163
f 251//251 207//207 162//162
f 209//209 13//13 1216//1216
f 12//12 209//209 1216//1216
f 210//210 164//164 196//196
f 1220//1220 21//21 149//149
f 1221//1221 212//212 182//182
f 212//212 213//213 182//182
f 1222//1222 214//214 184//184
f 214//214 168//168 184//184
f 213//213 1222//1222 1217//1217
f 239//239 1222//1222 213//213
f 216//216 217//217 202//202
f 217//217 229//229 203//203
f 203//203 229//229 10//10
f 229//229 218//218 204//204
f 219//219 15//15 218//218
f 218//218 15//15 204//204
f 233//233 220//220 190//190
f 233//233 1223//1223 220//220
f 1223//1223 221//221 1219//1219
f 221//221 1224//1224 1219//1219
f 1224//1224 16//16 192//192
f 16//16 193//193 11//11
f 223//223 253//253 1215//1215
f 253//253 209//209 12//12
f 225//225 210//210 13//13
f 210//210 236//236 164//164
f 179//179 227//227 180//180
f 1221//1221 1225//1225 212//212
f 1225//1225 239//239 212//212
f 185//185 228//228 199//199
f 241//241 261//261 1218//1218
f 1226//1226 216//216 201//201
f 261//261 1226//1226 201//201
f 245//245 232//232 206//206
f 232//232 265//265 233//233
f 232//232 233//233 206//206
f 16//16 1227//1227 193//193
f 1228//1228 236//236 210//210
f 1229//1229 1230//1230 211//211
f 211//211 1230//1230 1221//1221
f 238//238 257//257 1225//1225
f 258//258 214//214 1222//1222
f 240//240 215//215 214//214
f 243//243 244//244 217//217
f 242//242 243//243 1226//1226
f 231//231 246//246 245//245
f 246//246 1231//1231 245//245
f 246//246 247//247 1231//1231
f 247//247 265//265 232//232
f 249//249 268//268 1224//1224
f 268//268 1227//1227 16//16
f 222//222 302//302 251//251
f 250//250 222//222 176//176
f 1232//1232 235//235 207//207
f 235//235 252//252 223//223
f 252//252 281//281 223//223
f 21//21 25//25 1440//1440
f 255//255 227//227 179//179
f 1236//1236 285//285 238//238
f 238//238 285//285 257//257
f 285//285 258//258 257//257
f 259//259 309//309 215//215
f 260//260 1233//1233 185//185
f 309//309 1233//1233 260//260
f 243//243 1234//1234 244//244
f 287//287 242//242 261//261
f 262//262 1234//1234 243//243
f 1235//1235 276//276 246//246
f 264//264 247//247 246//246
f 247//247 19//19 265//265
f 266//266 267//267 248//248
f 267//267 249//249 248//248
f 19//19 266//266 265//265
f 266//266 248//248 234//234
f 20//20 1228//1228 17//17
f 20//20 270//270 1228//1228
f 256//256 1236//1236 238//238
f 258//258 1237//1237 240//240
f 1233//1233 273//273 228//228
f 274//274 18//18 1234//1234
f 1238//1238 276//276 1235//1235
f 275//275 1238//1238 1235//1235
f 277//277 278//278 264//264
f 278//278 289//289 264//264
f 19//19 1239//1239 266//266
f 302//302 1240//1240 1232//1232
f 1241//1241 304//304 281//281
f 1241//1241 281//281 252//252
f 282//282 1242//1242 254//254
f 281//281 282//282 254//254
f 270//270 283//283 236//236
f 237//237 425//425 271//271
f 284//284 22//22 272//272
f 255//255 1243//1243 227//227
f 1249//1249 308//308 285//285
f 1249//1249 285//285 1236//1236
f 1244//1244 1237//1237 258//258
f 285//285 1244//1244 258//258
f 330//330 310//310 241//241
f 241//241 310//310 287//287
f 287//287 1245//1245 242//242
f 274//274 299//299 18//18
f 299//299 1247//1247 275//275
f 288//288 278//278 277//277
f 316//316 278//278 288//288
f 290//290 291//291 1239//1239
f 289//289 1239//1239 19//19
f 319//319 290//290 289//289
f 279//279 321//321 292//292
f 1248//1248 222//222 250//250
f 304//304 293//293 282//282
f 282//282 293//293 1242//1242
f 283//283 325//325 1220//1220
f 1242//1242 270//270 20//20
f 1242//1242 294//294 270//270
f 325//325 25//25 1220//1220
f 284//284 295//295 22//22
f 299//299 313//313 1247//1247
f 300//300 316//316 1250//1250
f 1250//1250 316//316 288//288
f 1251//1251 319//319 289//289
f 316//316 1251//1251 278//278
f 301//301 320//320 291//291
f 320//320 1252//1252 291//291
f 1252//1252 321//321 279//279
f 291//291 1252//1252 279//279
f 1253//1253 368//368 302//302
f 303//303 336//336 304//304
f 303//303 304//304 1241//1241
f 269//269 303//303 1241//1241
f 336//336 305//305 293//293
f 293//293 324//324 1242//1242
f 324//324 294//294 1242//1242
f 306//306 342//342 284//284
f 342//342 307//307 1249//1249
f 307//307 23//23 1249//1249
f 1249//1249 23//23 308//308
f 23//23 1244//1244 308//308
f 286//286 378//378 309//309
f 312//312 298//298 297//297
f 345//345 311//311 310//310
f 298//298 347//347 313//313
f 314//314 300//300 313//313
f 347//347 314//314 313//313
f 300//300 317//317 316//316
f 317//317 318//318 316//316
f 318//318 319//319 1251//1251
f 1254//1254 1248//1248 280//280
f 322//322 1255//1255 1240//1240
f 368//368 322//322 1240//1240
f 1255//1255 303//303 269//269
f 305//305 338//338 324//324
f 294//294 339//339 283//283
f 340//340 1256//1256 255//255
f 326//326 23//23 307//307
f 328//328 378//378 286//286
f 329//329 330//330 273//273
f 378//378 329//329 1233//1233
f 350//350 317//317 315//315
f 314//314 315//315 300//300
f 332//332 318//318 317//317
f 332//332 333//333 318//318
f 333//333 353//353 318//318
f 334//334 320//320 301//301
f 320//320 335//335 1252//1252
f 353//353 334//334 301//301
f 354//354 355//355 1254//1254
f 323//323 371//371 336//336
f 371//371 337//337 336//336
f 24//24 357//357 294//294
f 306//306 341//341 342//342
f 343//343 376//376 326//326
f 326//326 376//376 23//23
f 329//329 344//344 330//330
f 344//344 26//26 345//345
f 1257//1257 1258//1258 331//331
f 345//345 346//346 311//311
f 26//26 346//346 345//345
f 348//348 349//349 315//315
f 347//347 348//348 314//314
f 349//349 351//351 350//350
f 348//348 315//315 314//314
f 332//332 352//352 333//333
f 335//335 408//408 354//354
f 322//322 370//370 1255//1255
f 394//394 371//371 323//323
f 337//337 356//356 24//24
f 371//371 356//356 337//337
f 25//25 1263//1263 226//226
f 340//340 1260//1260 1256//1256
f 374//374 343//343 341//341
f 376//376 377//377 327//327
f 359//359 328//328 296//296
f 327//327 359//359 296//296
f 360//360 344//344 329//329
f 26//26 361//361 346//346
f 363//363 381//381 1258//1258
f 1258//1258 381//381 348//348
f 346//346 362//362 1257//1257
f 348//348 1261//1261 349//349
f 349//349 1262//1262 351//351
f 1262//1262 364//364 352//352
f 386//386 366//366 365//365
f 367//367 408//408 335//335
f 355//355 391//391 1253//1253
f 1253//1253 470//470 368//368
f 369//369 370//370 322//322
f 368//368 369//369 322//322
f 394//394 356//356 371//371
f 394//394 372//372 356//356
f 358//358 27//27 374//374
f 375//375 343//343 374//374
f 359//359 1264//1264 328//328
f 379//379 360//360 329//329
f 344//344 29//29 26//26
f 380//380 363//363 362//362
f 363//363 414//414 381//381
f 414//414 382//382 381//381
f 384//384 364//364 1262//1262
f 364//364 406//406 386//386
f 364//364 386//386 352//352
f 390//390 391//391 355//355
f 369//369 392//392 370//370
f 393//393 421//421 394//394
f 372//372 395//395 373//373
f 397//397 325//325 339//339
f 397//397 424//424 325//325
f 424//424 473//473 325//325
f 425//425 474//474 398//398
f 398//398 1265//1265 340//340
f 474//474 1265//1265 398//398
f 377//377 1266//1266 359//359
f 29//29 1267//1267 361//361
f 401//401 414//414 363//363
f 380//380 401//401 363//363
f 382//382 402//402 383//383
f 414//414 402//402 382//382
f 404//404 385//385 384//384
f 30//30 404//404 403//403
f 404//404 405//405 385//385
f 407//407 389//389 388//388
f 389//389 451//451 408//408
f 391//391 1269//1269 1253//1253
f 1269//1269 470//470 1253//1253
f 421//421 409//409 372//372
f 409//409 395//395 372//372
f 400//400 426//426 27//27
f 410//410 442//442 375//375
f 411//411 1266//1266 377//377
f 442//442 411//411 377//377
f 360//360 1268//1268 344//344
f 1267//1267 412//412 380//380
f 412//412 401//401 380//380
f 429//429 1267//1267 29//29
f 413//413 31//31 401//401
f 402//402 30//30 403//403
f 30//30 417//417 404//404
f 417//417 405//405 404//404
f 418//418 407//407 387//387
f 407//407 419//419 389//389
f 434//434 418//418 387//387
f 419//419 451//451 389//389
f 390//390 1269//1269 391//391
f 392//392 420//420 393//393
f 393//393 453//453 421//421
f 422//422 32//32 409//409
f 423//423 397//397 396//396
f 400//400 427//427 426//426
f 427//427 410//410 426//426
f 443//443 428//428 411//411
f 429//429 430//430 1267//1267
f 415//415 432//432 416//416
f 416//416 432//432 30//30
f 432//432 417//417 30//30
f 433//433 34//34 434//434
f 433//433 434//434 405//405
f 435//435 407//407 418//418
f 435//435 436//436 407//407
f 436//436 419//419 407//407
f 451//451 437//437 390//390
f 438//438 392//392 369//369
f 438//438 439//439 392//392
f 439//439 420//420 392//392
f 423//423 440//440 397//397
f 440//440 424//424 397//397
f 237//237 547//547 425//425
f 399//399 441//441 400//400
f 1271//1271 459//459 442//442
f 427//427 1271//1271 410//410
f 460//460 444//444 428//428
f 444//444 33//33 1264//1264
f 461//461 475//475 379//379
f 379//379 475//475 360//360
f 446//446 431//431 412//412
f 476//476 445//445 430//430
f 1272//1272 464//464 432//432
f 415//415 1272//1272 432//432
f 35//35 34//34 433//433
f 436//436 450//450 419//419
f 435//435 449//449 436//436
f 437//437 452//452 1269//1269
f 37//37 437//437 451//451
f 471//471 423//423 32//32
f 471//471 472//472 423//423
f 474//474 455//455 1265//1265
f 456//456 457//457 399//399
f 458//458 489//489 1271//1271
f 1271//1271 489//489 459//459
f 444//444 536//536 33//33
f 446//446 462//462 431//431
f 463//463 447//447 1272//1272
f 36//36 447//447 463//463
f 480//480 481//481 447//447
f 467//467 449//449 435//435
f 35//35 435//435 34//34
f 449//449 468//468 450//450
f 469//469 452//452 437//437
f 452//452 498//498 1269//1269
f 1269//1269 527//527 470//470
f 1274//1274 38//38 420//420
f 1275//1275 471//471 454//454
f 424//424 47//47 473//473
f 1263//1263 502//502 226//226
f 47//47 1263//1263 473//473
f 547//547 455//455 474//474
f 1280//1280 458//458 1273//1273
f 489//489 1276//1276 443//443
f 475//475 1277//1277 1268//1268
f 446//446 479//479 462//462
f 478//478 479//479 446//446
f 40//40 477//477 445//445
f 482//482 466//466 465//465
f 41//41 482//482 465//465
f 467//467 1278//1278 449//449
f 1278//1278 468//468 449//449
f 496//496 467//467 35//35
f 483//483 484//484 439//439
f 527//527 483//483 438//438
f 485//485 39//39 1275//1275
f 38//38 485//485 1275//1275
f 486//486 440//440 472//472
f 1279//1279 47//47 424//424
f 1280//1280 488//488 458//458
f 488//488 489//489 458//458
f 1281//1281 490//490 460//460
f 490//490 444//444 460//460
f 489//489 1281//1281 1276//1276
f 515//515 1281//1281 489//489
f 492//492 493//493 478//478
f 493//493 505//505 479//479
f 479//479 505//505 36//36
f 505//505 494//494 480//480
f 495//495 41//41 494//494
f 494//494 41//41 480//480
f 509//509 496//496 466//466
f 509//509 1282//1282 496//496
f 1282//1282 497//497 1278//1278
f 497//497 1283//1283 1278//1278
f 1283//1283 42//42 468//468
f 42//42 469//469 37//37
f 499//499 529//529 1274//1274
f 529//529 485//485 38//38
f 501//501 486//486 39//39
f 486//486 512//512 440//440
f 455//455 503//503 456//456
f 1280//1280 1284//1284 488//488
f 1284//1284 515//515 488//488
f 461//461 504//504 475//475
f 517//517 537//537 1277//1277
f 1285//1285 492//492 477//477
f 537//537 1285//1285 477//477
f 521//521 508//508 482//482
f 508//508 541//541 509//509
f 508//508 509//509 482//482
f 42//42 1286//1286 469//469
f 1287//1287 512//512 486//486
f 1288//1288 1289//1289 487//487
f 487//487 1289//1289 1280//1280
f 514//514 533//533 1284//1284
f 534//534 490//490 1281//1281
f 516//516 491//491 490//490
f 519//519 520//520 493//493
f 518//518 519//519 1285//1285
f 507//507 522//522 521//521
f 522//522 1290//1290 521//521
f 522//522 523//523 1290//1290
f 523//523 541//541 508//508
f 525//525 544//544 1283//1283
f 544//544 1286//1286 42//42
f 498//498 578//578 527//527
f 526//526 498//498 452//452
f 1291//1291 511//511 483//483
f 511//511 528//528 499//499
f 528//528 557//557 499//499
f 47//47 51//51 1263//1263
f 531//531 503//503 455//455
f 1295//1295 561//561 514//514
f 514//514 561//561 533//533
f 561//561 534//534 533//533
f 535//535 585//585 491//491
f 536//536 1292//1292 461//461
f 585//585 1292//1292 536//536
f 519//519 1293//1293 520//520
f 563//563 518//518 537//537
f 538//538 1293//1293 519//519
f 1294//1294 552//552 522//522
f 540//540 523//523 522//522
f 523//523 45//45 541//541
f 542//542 543//543 524//524
f 543//543 525//525 524//524
f 45//45 542//542 541//541
f 542//542 524//524 510//510
f 46//46 1287//1287 43//43
f 46//46 546//546 1287//1287
f 532//532 1295//1295 514//514
f 534//534 1296//1296 516//516
f 1292//1292 549//549 504//504
f 550//550 44//44 1293//1293
f 1297//1297 552//552 1294//1294
f 551//551 1297//1297 1294//1294
f 553//553 554//554 540//540
f 554//554 565//565 540//540
f 45//45 1298//1298 542//542
f 578//578 1299//1299 1291//1291
f 1300//1300 580//580 557//557
f 1300//1300 557//557 528//528
f 558//558 1301//1301 530//530
f 557//557 558//558 530//530
f 546//546 559//559 512//512
f 513//513 700//700 547//547
f 560//560 48//48 548//548
f 531//531 1302//1302 503//503
f 1308//1308 584//584 561//561
f 1308//1308 561//561 1295//1295
f 1303//1303 1296//1296 534//534
f 561//561 1303//1303 534//534
f 606//606 586//586 517//517
f 517//517 586//586 563//563
f 563//563 1304//1304 518//518
f 550//550 575//575 44//44
f 575//575 1306//1306 551//551
f 564//564 554//554 553//553
f 592//592 554//554 564//564
f 566//566 567//567 1298//1298
f 565//565 1298//1298 45//45
f 595//595 566//566 565//565
f 555//555 597//597 568//568
f 1307//1307 498//498 526//526
f 580//580 569//569 558//558
f 558//558 569//569 1301//1301
f 559//559 601//601 1279//1279
f 1301//1301 546//546 46//46
f 1301//1301 570//570 546//546
f 601//601 51//51 1279//1279
f 560//560 571//571 48//48
f 575//575 589//589 1306//1306
f 576//576 592//592 1309//1309
f 1309//1309 592//592 564//564
f 1310//1310 595//595 565//565
f 592//592 1310//1310 554//554
f 577//577 596//596 567//567
f 596//596 1311//1311 567//567
f 1311//1311 597//597 555//555
f 567//567 1311//1311 555//555
f 1312//1312 644//644 578//578
f 579//579 612//612 580//580
f 579//579 580//580 1300//1300
f 545//545 579//579 1300//1300
f 612//612 581//581 569//569
f 569//569 600//600 1301//1301
f 600//600 570//570 1301//1301
f 582//582 618//618 560//560
f 618//618 583//583 1308//1308
f 583//583 49//49 1308//1308
f 1308//1308 49//49 584//584
f 49//49 1303//1303 584//584
f 562//562 653//653 585//585
f 588//588 574//574 573//573
f 621//621 587//587 586//586
f 574//574 623//623 589//589
f 590//590 576//576 589//589
f 623//623 590//590 589//589
f 576//576 593//593 592//592
f 593//593 594//594 592//592
f 594//594 595//595 1310//1310
f 1313//1313 1307//1307 556//556
f 598//598 1314//1314 1299//1299
f 644//644 598//598 1299//1299
f 1314//1314 579//579 545//545
f 581//581 614//614 600//600
f 570//570 615//615 559//559
f 616//616 1315//1315 531//531
f 602//602 49//49 583//583
f 604//604 653//653 562//562
f 605//605 606//606 549//549
f 653//653 605//605 1292//1292
f 626//626 593//593 591//591
f 590//590 591//591 576//576
f 608//608 594//594 593//593
f 608//608 609//609 594//594
f 609//609 629//629 594//594
f 610//610 596//596 577//577
f 596//596 611//611 1311//1311
f 629//629 610//610 577//577
f 630//630 631//631 1313//1313
f 599//599 647//647 612//612
f 647//647 613//613 612//612
f 50//50 633//633 570//570
f 582//582 617//617 618//618
f 619//619 651//651 602//602
f 602//602 651//651 49//49
f 605//605 620//620 606//606
f 620//620 52//52 621//621
f 1316//1316 1317//1317 607//607
f 621//621 622//622 587//587
f 52//52 622//622 621//621
f 624//624 625//625 591//591
f 623//623 624//624 590//590
f 625//625 627//627 626//626
f 624//624 591//591 590//590
f 608//608 628//628 609//609
f 611//611 683//683 630//630
f 598//598 646//646 1314//1314
f 669//669 647//647 599//599
f 613//613 632//632 50//50
f 647//647 632//632 613//613
f 51//51 1322//1322 502//502
f 616//616 1319//1319 1315//1315
f 651//651 652//652 603//603
f 635//635 604//604 572//572
f 603//603 635//635 572//572
f 636//636 620//620 605//605
f 52//52 637//637 622//622
f 639//639 656//656 1317//1317
f 1317//1317 656//656 624//624
f 622//622 638//638 1316//1316
f 624//624 1320//1320 625//625
f 625//625 1321//1321 627//627
f 1321//1321 640//640 628//628
f 661//661 642//642 641//641
f 643//643 683//683 611//611
f 631//631 666//666 1312//1312
f 1312//1312 745//745 644//644
f 645//645 646//646 598//598
f 644//644 645//645 598//598
f 669//669 632//632 647//647
f 669//669 648//648 632//632
f 634//634 53//53 617//617
f 650//650 619//619 617//617
f 635//635 1323//1323 604//604
f 654//654 636//636 605//605
f 620//620 55//55 52//52
f 655//655 639//639 638//638
f 639//639 689//689 656//656
f 689//689 657//657 656//656
f 659//659 640//640 1321//1321
f 640//640 681//681 661//661
f 640//640 661//661 628//628
f 665//665 666//666 631//631
f 645//645 667//667 646//646
f 668//668 696//696 669//669
f 648//648 670//670 649//649
f 672//672 601//601 615//615
f 672//672 699//699 601//601
f 699//699 748//748 601//601
f 700//700 749//749 673//673
f 673//673 1324//1324 616//616
f 749//749 1324//1324 673//673
f 652//652 1325//1325 635//635
f 55//55 1326//1326 637//637
f 676//676 689//689 639//639
f 655//655 676//676 639//639
f 657//657 677//677 658//658
f 689//689 677//677 657//657
f 679//679 660//660 659//659
f 56//56 679//679 678//678
f 679//679 680//680 660//660
f 682//682 664//664 663//663
f 664//664 726//726 683//683
f 666//666 1328//1328 1312//1312
f 1328//1328 745//745 1312//1312
f 696//696 684//684 648//648
f 684//684 670//670 648//648
f 675//675 701//701 53//53
f 685//685 717//717 650//650
f 686//686 1325//1325 652//652
f 717//717 686//686 652//652
f 636//636 1327//1327 620//620
f 1326//1326 687//687 655//655
f 687//687 676//676 655//655
f 704//704 1326//1326 55//55
f 688//688 57//57 676//676
f 677//677 56//56 678//678
f 56//56 692//692 679//679
f 692//692 680//680 679//679
f 693//693 682//682 662//662
f 682//682 694//694 664//664
f 709//709 693//693 662//662
f 694//694 726//726 664//664
f 665//665 1328//1328 666//666
f 667//667 695//695 668//668
f 668//668 728//728 696//696
f 697//697 58//58 684//684
f 698//698 672//672 671//671
f 675//675 702//702 701//701
f 702//702 685//685 701//701
f 718//718 703//703 686//686
f 704//704 705//705 1326//1326
f 690//690 707//707 691//691
f 691//691 707//707 56//56
f 707//707 692//692 56//56
f 708//708 60//60 709//709
f 708//708 709//709 680//680
f 710//710 682//682 693//693
f 710//710 711//711 682//682
f 711//711 694//694 682//682
f 726//726 712//712 665//665
f 713//713 667//667 645//645
f 713//713 714//714 667//667
f 714//714 695//695 667//667
f 698//698 715//715 672//672
f 715//715 699//699 672//672
f 513//513 822//822 700//700
f 674//674 716//716 675//675
f 1330//1330 734//734 717//717
f 702//702 1330//1330 685//685
f 735//735 719//719 703//703
f 719//719 59//59 1323//1323
f 736//736 750//750 654//654
f 654//654 750//750 636//636
f 721//721 706//706 687//687
f 751//751 720//720 705//705
f 1331//1331 739//739 707//707
f 690//690 1331//1331 707//707
f 61//61 60//60 708//708
f 711//711 725//725 694//694
f 710//710 724//724 711//711
f 712//712 727//727 1328//1328
f 63//63 712//712 726//726
f 746//746 698//698 58//58
f 746//746 747//747 698//698
f 749//749 730//730 1324//1324
f 731//731 732//732 674//674
f 733//733 764//764 1330//1330
f 1330//1330 764//764 734//734
f 719//719 811//811 59//59
f 721//721 737//737 706//706
f 738//738 722//722 1331//1331
f 62//62 722//722 738//738
f 755//755 756//756 722//722
f 742//742 724//724 710//710
f 61//61 710//710 60//60
f 724//724 743//743 725//725
f 744//744 727//727 712//712
f 727//727 773//773 1328//1328
f 1328//1328 802//802 745//745
f 1333//1333 64//64 695//695
f 1334//1334 746//746 729//729
f 699//699 73//73 748//748
f 1322//1322 777//777 502//502
f 73//73 1322//1322 748//748
f 822//822 730//730 749//749
f 1339//1339 733//733 1332//1332
f 764//764 1335//1335 718//718
f 750//750 1336//1336 1327//1327
f 721//721 754//754 737//737
f 753//753 754//754 721//721
f 66//66 752//752 720//720
f 757//757 741//741 740//740
f 67//67 757//757 740//740
f 742//742 1337//1337 724//724
f 1337//1337 743//743 724//724
f 771//771 742//742 61//61
f 758//758 759//759 714//714
f 802//802 758//758 713//713
f 760//760 65//65 1334//1334
f 64//64 760//760 1334//1334
f 761//761 715//715 747//747
f 1338//1338 73//73 699//699
f 1339//1339 763//763 733//733
f 763//763 764//764 733//733
f 1340//1340 765//765 735//735
f 765//765 719//719 735//735
f 764//764 1340//1340 1335//1335
f 790//790 1340//1340 764//764
f 767//767 768//768 753//753
f 768//768 780//780 754//754
f 754//754 780//780 62//62
f 780//780 769//769 755//755
f 770//770 67//67 769//769
f 769//769 67//67 755//755
f 784//784 771//771 741//741
f 784//784 1341//1341 771//771
f 1341//1341 772//772 1337//1337
f 772//772 1342//1342 1337//1337
f 1342//1342 68//68 743//743
f 68//68 744//744 63//63
f 774//774 804//804 1333//1333
f 804//804 760//760 64//64
f 776//776 761//761 65//65
f 761//761 787//787 715//715
f 730//730 778//778 731//731
f 1339//1339 1343//1343 763//763
f 1343//1343 790//790 763//763
f 736//736 779//779 750//750
f 792//792 812//812 1336//1336
f 1344//1344 767//767 752//752
f 812//812 1344//1344 752//752
f 796//796 783//783 757//757
f 783//783 816//816 784//784
f 783//783 784//784 757//757
f 68//68 1345//1345 744//744
f 1346//1346 787//787 761//761
f 1347//1347 1348//1348 762//762
f 762//762 1348//1348 1339//1339
f 789//789 808//808 1343//1343
f 809//809 765//765 1340//1340
f 791//791 766//766 765//765
f 794//794 795//795 768//768
f 793//793 794//794 1344//1344
f 782//782 797//797 796//796
f 797//797 1349//1349 796//796
f 797//797 798//798 1349//1349
f 798//798 816//816 783//783
f 800//800 819//819 1342//1342
f 819//819 1345//1345 68//68
f 773//773 853//853 802//802
f 801//801 773//773 727//727
f 1350//1350 786//786 758//758
f 786//786 803//803 774//774
f 803//803 832//832 774//774
f 73//73 77//77 1322//1322
f 806//806 778//778 730//730
f 1354//1354 836//836 789//789
f 789//789 836//836 808//808
f 836//836 809//809 808//808
f 810//810 860//860 766//766
f 811//811 1351//1351 736//736
f 860//860 1351//1351 811//811
f 794//794 1352//1352 795//795
f 838//838 793//793 812//812
f 813//813 1352//1352 794//794
f 1353//1353 827//827 797//797
f 815//815 798//798 797//797
f 798//798 71//71 816//816
f 817//817 818//818 799//799
f 818//818 800//800 799//799
f 71//71 817//817 816//816
f 817//817 799//799 785//785
f 72//72 1346//1346 69//69
f 72//72 821//821 1346//1346
f 807//807 1354//1354 789//789
f 809//809 1355//1355 791//791
f 1351//1351 824//824 779//779
f 825//825 70//70 1352//1352
f 1356//1356 827//827 1353//1353
f 826//826 1356//1356 1353//1353
f 828//828 829//829 815//815
f 829//829 840//840 815//815
f 71//71 1357//1357 817//817
f 853//853 1358//1358 1350//1350
f 1359//1359 855//855 832//832
f 1359//1359 832//832 803//803
f 833//833 1360//1360 805//805
f 832//832 833//833 805//805
f 821//821 834//834 787//787
f 788//788 976//976 822//822
f 835//835 74//74 823//823
f 806//806 1361//1361 778//778
f 1367//1367 859//859 836//836
f 1367//1367 836//836 1354//1354
f 1362//1362 1355//1355 809//809
f 836//836 1362//1362 809//809
f 881//881 861//861 792//792
f 792//792 861//861 838//838
f 838//838 1363//1363 793//793
f 825//825 850//850 70//70
f 850//850 1365//1365 826//826
f 839//839 829//829 828//828
f 867//867 829//829 839//839
f 841//841 842//842 1357//1357
f 840//840 1357//1357 71//71
f 870//870 841//841 840//840
f 830//830 872//872 843//843
f 1366//1366 773//773 801//801
f 855//855 844//844 833//833
f 833//833 844//844 1360//1360
f 834//834 876//876 1338//1338
f 1360//1360 821//821 72//72
f 1360//1360 845//845 821//821
f 876//876 77//77 1338//1338
f 835//835 846//846 74//74
f 850//850 864//864 1365//1365
f 851//851 867//867 1368//1368
f 1368//1368 867//867 839//839
f 1369//1369 870//870 840//840
f 867//867 1369//1369 829//829
f 852//852 871//871 842//842
f 871//871 1370//1370 842//842
f 1370//1370 872//872 830//830
f 842//842 1370//1370 830//830
f 1371//1371 920//920 853//853
f 854//854 887//887 855//855
f 854//854 855//855 1359//1359
f 820//820 854//854 1359//1359
f 887//887 856//856 844//844
f 844//844 875//875 1360//1360
f 875//875 845//845 1360//1360
f 857//857 894//894 835//835
f 894//894 858//858 1367//1367
f 858//858 75//75 1367//1367
f 1367//1367 75//75 859//859
f 75//75 1362//1362 859//859
f 837//837 929//929 860//860
f 863//863 849//849 848//848
f 897//897 862//862 861//861
f 849//849 899//899 864//864
f 865//865 851//851 864//864
f 899//899 865//865 864//864
f 851//851 868//868 867//867
f 868//868 869//869 867//867
f 869//869 870//870 1369//1369
f 1372//1372 1366//1366 831//831
f 873//873 1373//1373 1358//1358
f 920//920 873//873 1358//1358
f 1373//1373 854//854 820//820
f 856//856 889//889 875//875
f 845//845 890//890 834//834
f 892//892 1374//1374 806//806
f 877//877 75//75 858//858
f 879//879 929//929 837//837
f 880//880 881//881 824//824
f 929//929 880//880 1351//1351
f 902//902 868//868 866//866
f 865//865 866//866 851//851
f 883//883 869//869 868//868
f 883//883 884//884 869//869
f 884//884 905//905 869//869
f 885//885 871//871 852//852
f 871//871 886//886 1370//1370
f 905//905 885//885 852//852
f 906//906 907//907 1372//1372
f 874//874 923//923 887//887
f 923//923 888//888 887//887
f 76//76 909//909 845//845
f 857//857 893//893 894//894
f 895//895 927//927 877//877
f 877//877 927//927 75//75
f 880//880 896//896 881//881
f 896//896 78//78 897//897
f 1375//1375 1376//1376 882//882
f 897//897 898//898 862//862
f 78//78 898//898 897//897
f 900//900 901//901 866//866
f 899//899 900//900 865//865
f 901//901 903//903 902//902
f 900//900 866//866 865//865
f 883//883 904//904 884//884
f 886//886 959//959 906//906
f 873//873 922//922 1373//1373
f 945//945 923//923 874//874
f 888//888 908//908 76//76
f 923//923 908//908 888//888
f 892//892 1378//1378 1374//1374
f 927//927 928//928 878//878
f 911//911 879//879 847//847
f 878//878 911//911 847//847
f 912//912 896//896 880//880
f 78//78 913//913 898//898
f 915//915 932//932 1376//1376
f 1376//1376 932//932 900//900
f 898//898 914//914 1375//1375
f 900//900 1379//1379 901//901
f 901//901 1380//1380 903//903
f 1380//1380 916//916 904//904
f 937//937 918//918 917//917
f 919//919 959//959 886//886
f 907//907 942//942 1371//1371
f 1371//1371 1021//1021 920//920
f 921//921 922//922 873//873
f 920//920 921//921 873//873
f 945//945 908//908 923//923
f 945//945 924//924 908//908
f 910//910 79//79 893//893
f 926//926 895//895 893//893
f 911//911 1382//1382 879//879
f 930//930 912//912 880//880
f 896//896 81//81 78//78
f 931//931 915//915 914//914
f 915//915 965//965 932//932
f 965//965 933//933 932//932
f 935//935 916//916 1380//1380
f 916//916 957//957 937//937
f 916//916 937//937 904//904
f 941//941 942//942 907//907
f 921//921 943//943 922//922
f 944//944 972//972 945//945
f 924//924 946//946 925//925
f 948//948 876//876 890//890
f 948//948 975//975 876//876
f 975//975 1024//1024 876//876
f 976//976 1025//1025 949//949
f 949//949 1383//1383 892//892
f 1025//1025 1383//1383 949//949
f 928//928 1384//1384 911//911
f 81//81 1385//1385 913//913
f 952//952 965//965 915//915
f 931//931 952//952 915//915
f 933//933 953//953 934//934
f 965//965 953//953 933//933
f 955//955 936//936 935//935
f 82//82 955//955 954//954
f 955//955 956//956 936//936
f 958//958 940//940 939//939
f 940//940 1002//1002 959//959
f 942//942 1387//1387 1371//1371
f 1387//1387 1021//1021 1371//1371
f 972//972 960//960 924//924
f 960//960 946//946 924//924
f 951//951 977//977 79//79
f 961//961 993//993 926//926
f 962//962 1384//1384 928//928
f 993//993 962//962 928//928
f 912//912 1386//1386 896//896
f 1385//1385 963//963 931//931
f 963//963 952//952 931//931
f 980//980 1385//1385 81//81
f 964//964 83//83 952//952
f 953//953 82//82 954//954
f 82//82 968//968 955//955
f 968//968 956//956 955//955
f 969//969 958//958 938//938
f 958//958 970//970 940//940
f 985//985 969//969 938//938
f 970//970 1002//1002 940//940
f 941//941 1387//1387 942//942
f 943//943 971//971 944//944
f 944//944 1004//1004 972//972
f 973//973 84//84 960//960
f 974//974 948//948 947//947
f 951//951 978//978 977//977
f 978//978 961//961 977//977
f 994//994 979//979 962//962
f 980//980 981//981 1385//1385
f 966//966 983//983 967//967
f 967//967 983//983 82//82
f 983//983 968//968 82//82
f 984//984 86//86 985//985
f 984//984 985//985 956//956
f 986//986 958//958 969//969
f 986//986 987//987 958//958
f 987//987 970//970 958//958
f 1002//1002 988//988 941//941
f 989//989 943//943 921//921
f 989//989 990//990 943//943
f 990//990 971//971 943//943
f 974//974 991//991 948//948
f 991//991 975//975 948//948
f 891//891 1098//1098 976//976
f 950//950 992//992 951//951
f 1389//1389 1010//1010 993//993
f 978//978 1389//1389 961//961
f 1011//1011 995//995 979//979
f 995//995 85//85 1382//1382
f 1012//1012 1026//1026 930//930
f 930//930 1026//1026 912//912
f 997//997 982//982 963//963
f 1027//1027 996//996 981//981
f 1390//1390 1015//1015 983//983
f 966//966 1390//1390 983//983
f 87//87 86//86 984//984
f 987//987 1001//1001 970//970
f 986//986 1000//1000 987//987
f 988//988 1003//1003 1387//1387
f 89//89 988//988 1002//1002
f 1022//1022 974//974 84//84
f 1022//1022 1023//1023 974//974
f 1025//1025 1006//1006 1383//1383
f 1007//1007 1008//1008 950//950
f 1009//1009 1040//1040 1389//1389
f 1389//1389 1040//1040 1010//1010
f 995//995 1087//1087 85//85
f 997//997 1013//1013 982//982
f 1014//1014 998//998 1390//1390
f 88//88 998//998 1014//1014
f 1031//1031 1032//1032 998//998
f 1018//1018 1000//1000 986//986
f 87//87 986//986 86//86
f 1000//1000 1019//1019 1001//1001
f 1020//1020 1003//1003 988//988
f 1003//1003 1049//1049 1387//1387
f 1387//1387 1078//1078 1021//1021
f 1392//1392 90//90 971//971
f 1393//1393 1022//1022 1005//1005
f 975//975 99//99 1024//1024
f 99//99 1381//1381 1024//1024
f 1098//1098 1006//1006 1025//1025
f 1398//1398 1009//1009 1391//1391
f 1040//1040 1394//1394 994//994
f 1026//1026 1395//1395 1386//1386
f 997//997 1030//1030 1013//1013
f 1029//1029 1030//1030 997//997
f 92//92 1028//1028 996//996
f 1033//1033 1017//1017 1016//1016
f 93//93 1033//1033 1016//1016
f 1018//1018 1396//1396 1000//1000
f 1396//1396 1019//1019 1000//1000
f 1047//1047 1018//1018 87//87
f 1034//1034 1035//1035 990//990
f 1078//1078 1034//1034 989//989
f 1036//1036 91//91 1393//1393
f 90//90 1036//1036 1393//1393
f 1037//1037 991//991 1023//1023
f 1397//1397 99//99 975//975
f 1398//1398 1039//1039 1009//1009
f 1039//1039 1040//1040 1009//1009
f 1399//1399 1041//1041 1011//1011
f 1041//1041 995//995 1011//1011
f 1040//1040 1399//1399 1394//1394
f 1066//1066 1399//1399 1040//1040
f 1043//1043 1044//1044 1029//1029
f 1044//1044 1056//1056 1030//1030
f 1030//1030 1056//1056 88//88
f 1056//1056 1045//1045 1031//1031
f 1046//1046 93//93 1045//1045
f 1045//1045 93//93 1031//1031
f 1060//1060 1047//1047 1017//1017
f 1060//1060 1400//1400 1047//1047
f 1400//1400 1048//1048 1396//1396
f 1048//1048 1401//1401 1396//1396
f 1401//1401 94//94 1019//1019
f 94//94 1020//1020 89//89
f 1050//1050 1080//1080 1392//1392
f 1080//1080 1036//1036 90//90
f 1052//1052 1037//1037 91//91
f 1037//1037 1063//1063 991//991
f 1381//1381 1053//1053 777//777
f 1006//1006 1054//1054 1007//1007
f 1398//1398 1402//1402 1039//1039
f 1402//1402 1066//1066 1039//1039
f 1012//1012 1055//1055 1026//1026
f 1068//1068 1088//1088 1395//1395
f 1403//1403 1043//1043 1028//1028
f 1088//1088 1403//1403 1028//1028
f 1072//1072 1059//1059 1033//1033
f 1059//1059 1092//1092 1060//1060
f 1059//1059 1060//1060 1033//1033
f 94//94 1404//1404 1020//1020
f 1405//1405 1063//1063 1037//1037
f 1406//1406 1407//1407 1038//1038
f 1038//1038 1407//1407 1398//1398
f 1065//1065 1084//1084 1402//1402
f 1085//1085 1041//1041 1399//1399
f 1067//1067 1042//1042 1041//1041
f 1070//1070 1071//1071 1044//1044
f 1069//1069 1070//1070 1403//1403
f 1058//1058 1073//1073 1072//1072
f 1073//1073 1408//1408 1072//1072
f 1073//1073 1074//1074 1408//1408
f 1074//1074 1092//1092 1059//1059
f 1076//1076 1095//1095 1401//1401
f 1095//1095 1404//1404 94//94
f 1049//1049 1129//1129 1078//1078
f 1077//1077 1049//1049 1003//1003
f 1409//1409 1062//1062 1034//1034
f 1062//1062 1079//1079 1050//1050
f 1079//1079 1108//1108 1050//1050
f 99//99 103//103 1381//1381
f 1082//1082 1054//1054 1006//1006
f 1413//1413 1112//1112 1065//1065
f 1065//1065 1112//1112 1084//1084
f 1112//1112 1085//1085 1084//1084
f 1086//1086 1136//1136 1042//1042
f 1087//1087 1410//1410 1012//1012
f 1136//1136 1410//1410 1087//1087
f 1070//1070 1411//1411 1071//1071
f 1114//1114 1069//1069 1088//1088
f 1089//1089 1411//1411 1070//1070
f 1412//1412 1103//1103 1073//1073
f 1091//1091 1074//1074 1073//1073
f 1074//1074 97//97 1092//1092
f 1093//1093 1094//1094 1075//1075
f 1094//1094 1076//1076 1075//1075
f 97//97 1093//1093 1092//1092
f 1093//1093 1075//1075 1061//1061
f 98//98 1405//1405 95//95
f 98//98 1097//1097 1405//1405
f 1083//1083 1413//1413 1065//1065
f 1085//1085 1414//1414 1067//1067
f 1410//1410 1100//1100 1055//1055
f 1101//1101 96//96 1411//1411
f 1415//1415 1103//1103 1412//1412
f 1102//1102 1415//1415 1412//1412
f 1104//1104 1105//1105 1091//1091
f 1105//1105 1116//1116 1091//1091
f 97//97 1416//1416 1093//1093
f 1129//1129 1417//1417 1409//1409
f 1418//1418 1131//1131 1108//1108
f 1418//1418 1108//1108 1079//1079
f 1109//1109 1419//1419 1081//1081
f 1108//1108 1109//1109 1081//1081
f 1097//1097 1110//1110 1063//1063
f 1111//1111 100//100 1099//1099
f 1082//1082 1420//1420 1054//1054
f 1426//1426 1135//1135 1112//1112
f 1426//1426 1112//1112 1413//1413
f 1421//1421 1414//1414 1085//1085
f 1112//1112 1421//1421 1085//1085
f 1157//1157 1137//1137 1068//1068
f 1068//1068 1137//1137 1114//1114
f 1114//1114 1422//1422 1069//1069
f 1101//1101 1126//1126 96//96
f 1126//1126 1424//1424 1102//1102
f 1115//1115 1105//1105 1104//1104
f 1143//1143 1105//1105 1115//1115
f 1117//1117 1118//1118 1416//1416
f 1116//1116 1416//1416 97//97
f 1146//1146 1117//1117 1116//1116
f 1106//1106 1148//1148 1119//1119
f 1425//1425 1049//1049 1077//1077
f 1131//1131 1120//1120 1109//1109
f 1109//1109 1120//1120 1419//1419
f 1110//1110 1152//1152 1397//1397
f 1419//1419 1097//1097 98//98
f 1419//1419 1121//1121 1097//1097
f 1152//1152 103//103 1397//1397
f 1111//1111 1122//1122 100//100
f 1126//1126 1140//1140 1424//1424
f 1127//1127 1143//1143 1427//1427
f 1427//1427 1143//1143 1115//1115
f 1428//1428 1146//1146 1116//1116
f 1143//1143 1428//1428 1105//1105
f 1128//1128 1147//1147 1118//1118
f 1147//1147 1429//1429 1118//1118
f 1429//1429 1148//1148 1106//1106
f 1118//1118 1429//1429 1106//1106
f 1430//1430 1195//1195 1129//1129
f 1130//1130 1163//1163 1131//1131
f 1130//1130 1131//1131 1418//1418
f 1096//1096 1130//1130 1418//1418
f 1163//1163 1132//1132 1120//1120
f 1120//1120 1151//1151 1419//1419
f 1151//1151 1121//1121 1419//1419
f 1133//1133 1169//1169 1111//1111
f 1169//1169 1134//1134 1426//1426
f 1134//1134 101//101 1426//1426
f 1426//1426 101//101 1135//1135
f 101//101 1421//1421 1135//1135
f 1113//1113 1202//1202 1136//1136
f 1139//1139 1125//1125 1124//1124
f 1172//1172 1138//1138 1137//1137
f 1125//1125 1174//1174 1140//1140
f 1141//1141 1127//1127 1140//1140
f 1174//1174 1141//1141 1140//1140
f 1127//1127 1144//1144 1143//1143
f 1144//1144 1145//1145 1143//1143
f 1145//1145 1146//1146 1428//1428
f 1431//1431 1425//1425 1107//1107
f 1149//1149 1432//1432 1417//1417
f 1195//1195 1149//1149 1417//1417
f 1432//1432 1130//1130 1096//1096
f 1132//1132 1165//1165 1151//1151
f 1121//1121 1166//1166 1110//1110
f 1167//1167 1433//1433 1082//1082
f 1153//1153 101//101 1134//1134
f 1155//1155 1202//1202 1113//1113
f 1156//1156 1157//1157 1100//1100
f 1202//1202 1156//1156 1410//1410
f 1177//1177 1144//1144 1142//1142
f 1141//1141 1142//1142 1127//1127
f 1159//1159 1145//1145 1144//1144
f 1159//1159 1160//1160 1145//1145
f 1160//1160 1180//1180 1145//1145
f 1161//1161 1147//1147 1128//1128
f 1147//1147 1162//1162 1429//1429
f 1180//1180 1161//1161 1128//1128
f 1181//1181 1182//1182 1431//1431
f 1150//1150 1198//1198 1163//1163
f 1198//1198 1164//1164 1163//1163
f 102//102 1184//1184 1121//1121
f 1133//1133 1168//1168 1169//1169
f 1170//1170 1201//1201 1153//1153
f 1153//1153 1201//1201 101//101
f 1156//1156 1171//1171 1157//1157
f 1171//1171 104//104 1172//1172
f 1434//1434 1435//1435 1158//1158
f 1172//1172 1173//1173 1138//1138
f 104//104 1173//1173 1172//1172
f 1175//1175 1176//1176 1142//1142
f 1174//1174 1175//1175 1141//1141
f 1176//1176 1178//1178 1177//1177
f 1175//1175 1142//1142 1141//1141
f 1159//1159 1179//1179 1160//1160
f 1162//1162 126//126 1181//1181
f 1149//1149 1197//1197 1432//1432
f 1205//1205 1198//1198 1150//1150
f 1164//1164 1183//1183 102//102
f 1198//1198 1183//1183 1164//1164
f 103//103 1440//1440 1053//1053
f 1167//1167 1437//1437 1433//1433
f 1201//1201 109//109 1154//1154
f 1186//1186 1155//1155 1123//1123
f 1154//1154 1186//1186 1123//1123
f 1187//1187 1171//1171 1156//1156
f 104//104 1188//1188 1173//1173
f 1190//1190 1203//1203 1435//1435
f 1435//1435 1203//1203 1175//1175
f 1173//1173 1189//1189 1434//1434
f 1175//1175 1438//1438 1176//1176
f 1176//1176 1439//1439 1178//1178
f 1439//1439 1191//1191 1179//1179
f 1204//1204 1193//1193 1192//1192
f 1194//1194 126//126 1162//1162
f 1182//1182 127//127 1430//1430
f 1430//1430 194//194 1195//1195
f 1196//1196 1197//1197 1149//1149
f 1195//1195 1196//1196 1149//1149
f 1205//1205 1183//1183 1198//1198
f 1205//1205 1199//1199 1183//1183
f 1185//1185 1//1 1168//1168
f 108//108 1170//1170 1168//1168
f 1186//1186 1441//1441 1155//1155
f 110//110 1187//1187 1156//1156
f 1171//1171 3//3 104//104
f 111//111 1190//1190 1189//1189
f 1190//1190 139//139 1203//1203
f 139//139 114//114 1203//1203
f 118//118 1191//1191 1439//1439
f 1191//1191 121//121 1204//1204
f 1191//1191 1204//1204 1179//1179
f 128//128 127//127 1182//1182
f 1196//1196 130//130 1197//1197
f 129//129 146//146 1205//1205
f 1199//1199 132//132 1200//1200
f 133//133 1152//1152 1166//1166
f 133//133 149//149 1152//1152
f 149//149 197//197 1152//1152
f 1522//1522 1524//1524 1523//1523
f 1523//1523 1527//1527 1536//1536
f 1526//1526 1533//1533 1527//1527
f 1528//1528 1533//1533 1526//1526
f 1733//1733 1529//1529 1732//1732
f 1529//1529 1528//1528 1525//1525
f 1536//1536 1532//1532 1535//1535
f 1532//1532 1443//1443 1534//1534
f 1527//1527 1533//1533 1532//1532
f 1540//1540 1542//1542 1541//1541
f 1540//1540 1541//1541 1445//1445
f 1547//1547 1543//1543 1546//1546
f 1543//1543 1446//1446 1545//1545
f 1548//1548 1544//1544 1543//1543
f 1549//1549 1550//1550 1551//1551
f 1551//1551 1548//1548 1547//1547
f 1552//1552 1544//1544 1548//1548
f 1542//1542 1544//1544 1552//1552
f 1448//1448 1555//1555 1554//1554
f 1554//1554 1449//1449 1553//1553
f 1453//1453 1451//1451 1556//1556
f 1555//1555 1452//1452 1450//1450
f 1451//1451 1554//1554 1556//1556
f 1557//1557 1453//1453 1447//1447
f 1557//1557 1449//1449 1451//1451
f 1734//1734 1558//1558 1731//1731
f 1734//1734 1560//1560 1558//1558
f 1558//1558 1560//1560 1559//1559
f 1559//1559 1455//1455 1558//1558
f 1457//1457 1456//1456 1561//1561
f 1560//1560 1734//1734 1735//1735
f 1456//1456 1559//1559 1561//1561
f 1562//1562 1457//1457 1454//1454
f 1562//1562 1455//1455 1456//1456
f 1563//1563 1564//1564 1565//1565
f 1565//1565 1568//1568 1578//1578
f 1567//1567 1575//1575 1568//1568
f 1569//1569 1575//1575 1567//1567
f 1570//1570 1571//1571 1573//1573
f 1573//1573 1569//1569 1566//1566
f 1573//1573 1566//1566 1459//1459
f 1578//1578 1574//1574 1577//1577
f 1574//1574 1460//1460 1576//1576
f 1568//1568 1575//1575 1574//1574
f 1579//1579 1581//1581 1580//1580
f 1580//1580 1584//1584 1593//1593
f 1583//1583 1590//1590 1584//1584
f 1585//1585 1590//1590 1583//1583
f 1737//1737 1586//1586 1736//1736
f 1586//1586 1585//1585 1582//1582
f 1593//1593 1589//1589 1592//1592
f 1589//1589 1462//1462 1591//1591
f 1584//1584 1590//1590 1589//1589
f 1464//1464 1596//1596 1595//1595
f 1595//1595 1465//1465 1594//1594
f 1469//1469 1467//1467 1597//1597
f 1596//1596 1468//1468 1466//1466
f 1467//1467 1595//1595 1597//1597
f 1598//1598 1469//1469 1463//1463
f 1598//1598 1465//1465 1467//1467
f 1738//1738 1599//1599 1730//1730
f 1738//1738 1601//1601 1599//1599
f 1599//1599 1601//1601 1600//1600
f 1600//1600 1471//1471 1599//1599
f 1473//1473 1472//1472 1602//1602
f 1601//1601 1738//1738 1739//1739
f 1472//1472 1600//1600 1602//1602
f 1603//1603 1473//1473 1470//1470
f 1603//1603 1471//1471 1472//1472
f 1604//1604 1605//1605 1606//1606
f 1606//1606 1609//1609 1619//1619
f 1608//1608 1616//1616 1609//1609
f 1610//1610 1616//1616 1608//1608
f 1611//1611 1612//1612 1614//1614
f 1614//1614 1610//1610 1607//1607
f 1614//1614 1607//1607 1475//1475
f 1619//1619 1615//1615 1618//1618
f 1615//1615 1476//1476 1617//1617
f 1609//1609 1616//1616 1615//1615
f 1620//1620 1622//1622 1621//1621
f 1621//1621 1625//1625 1634//1634
f 1624//1624 1631//1631 1625//1625
f 1626//1626 1631//1631 1624//1624
f 1741//1741 1627//1627 1740//1740
f 1627//1627 1626//1626 1623//1623
f 1634//1634 1630//1630 1633//1633
f 1630//1630 1478//1478 1632//1632
f 1625//1625 1631//1631 1630//1630
f 1479//1479 1637//1637 1636//1636
f 1636//1636 1480//1480 1635//1635
f 1485//1485 1482//1482 1638//1638
f 1637//1637 1483//1483 1481//1481
f 1482//1482 1636//1636 1638//1638
f 1639//1639 1480//1480 1482//1482
f 1742//1742 1640//1640 1729//1729
f 1742//1742 1642//1642 1640//1640
f 1640//1640 1642//1642 1641//1641
f 1641//1641 1486//1486 1640//1640
f 1489//1489 1487//1487 1643//1643
f 1642//1642 1742//1742 1743//1743
f 1487//1487 1641//1641 1643//1643
f 1644//1644 1486//1486 1487//1487
f 1645//1645 1646//1646 1647//1647
f 1647//1647 1650//1650 1660//1660
f 1649//1649 1657//1657 1650//1650
f 1651//1651 1657//1657 1649//1649
f 1652//1652 1653//1653 1655//1655
f 1655//1655 1651//1651 1648//1648
f 1655//1655 1648//1648 1491//1491
f 1660//1660 1656//1656 1659//1659
f 1656//1656 1492//1492 1658//1658
f 1650//1650 1657//1657 1656//1656
f 1661//1661 1663//1663 1662//1662
f 1662//1662 1666//1666 1675//1675
f 1665//1665 1672//1672 1666//1666
f 1667//1667 1672//1672 1665//1665
f 1745//1745 1668//1668 1744//1744
f 1668//1668 1667//1667 1664//1664
f 1675//1675 1671//1671 1674//1674
f 1671//1671 1494//1494 1673//1673
f 1666//1666 1672//1672 1671//1671
f 1496//1496 1678//1678 1677//1677
f 1677//1677 1497//1497 1676//1676
f 1501//1501 1499//1499 1679//1679
f 1678//1678 1500//1500 1498//1498
f 1499//1499 1677//1677 1679//1679
f 1680//1680 1501//1501 1495//1495
f 1680//1680 1497//1497 1499//1499
f 1746//1746 1681//1681 1728//1728
f 1746//1746 1683//1683 1681//1681
f 1681//1681 1683//1683 1682//1682
f 1682//1682 1503//1503 1681//1681
f 1505//1505 1504//1504 1684//1684
f 1683//1683 1746//1746 1747//1747
f 1504//1504 1682//1682 1684//1684
f 1685//1685 1505//1505 1502//1502
f 1685//1685 1503//1503 1504//1504
f 1686//1686 1687//1687 1688//1688
f 1688//1688 1691//1691 1701//1701
f 1690//1690 1698//1698 1691//1691
f 1692//1692 1698//1698 1690//1690
f 1693//1693 1694//1694 1696//1696
f 1696//1696 1692//1692 1689//1689
f 1696//1696 1689//1689 1507//1507
f 1701//1701 1697//1697 1700//1700
f 1697//1697 1508//1508 1699//1699
f 1691//1691 1698//1698 1697//1697
f 1702//1702 1704//1704 1703//1703
f 1703//1703 1707//1707 1716//1716
f 1706//1706 1713//1713 1707//1707
f 1708//1708 1713//1713 1706//1706
f 1749//1749 1709//1709 1748//1748
f 1709//1709 1708//1708 1705//1705
f 1716//1716 1712//1712 1715//1715
f 1712//1712 1510//1510 1714//1714
f 1707//1707 1713//1713 1712//1712
f 1515//1515 1513//1513 1718//1718
f 1717//1717 1514//1514 1512//1512
f 1513//1513 1721//1721 1718//1718
f 1719//1719 1515//1515 1511//1511
f 1719//1719 1517//1517 1513//1513
f 1516//1516 1717//1717 1721//1721
f 1721//1721 1517//1517 1720//1720
f 1750//1750 1722//1722 1727//1727
f 1750//1750 1724//1724 1722//1722
f 1722//1722 1724//1724 1723//1723
f 1723//1723 1519//1519 1722//1722
f 1521//1521 1520//1520 1725//1725
f 1724//1724 1750//1750 1751//1751
f 1520//1520 1723//1723 1725//1725
f 1726//1726 1521//1521 1518//1518
f 1726//1726 1519//1519 1520//1520
f 1512//1512 1522//1522 1717//1717
f 1717//1717 1523//1523 1718//1718
f 1553//1553 1529//1529 1733//1733
f 1553//1553 1530//1530 1529//1529
f 1449//1449 1531//1531 1530//1530
f 1557//1557 1443//1443 1531//1531
f 1447//1447 1442//1442 1534//1534
f 1450//1450 1563//1563 1555//1555
f 1555//1555 1565//1565 1556//1556
f 1594//1594 1571//1571 1570//1570
f 1465//1465 1572//1572 1571//1571
f 1598//1598 1460//1460 1572//1572
f 1463//1463 1458//1458 1576//1576
f 1466//1466 1604//1604 1596//1596
f 1596//1596 1606//1606 1597//1597
f 1635//1635 1612//1612 1611//1611
f 1480//1480 1613//1613 1612//1612
f 1639//1639 1476//1476 1613//1613
f 1484//1484 1617//1617 1476//1476
f 1752//1752 1474//1474 1617//1617
f 1481//1481 1645//1645 1637//1637
f 1637//1637 1647//1647 1638//1638
f 1484//1484 1490//1490 1752//1752
f 1676//1676 1653//1653 1652//1652
f 1497//1497 1654//1654 1653//1653
f 1680//1680 1492//1492 1654//1654
f 1495//1495 1490//1490 1658//1658
f 1498//1498 1686//1686 1678//1678
f 1678//1678 1688//1688 1679//1679
f 1720//1720 1694//1694 1693//1693
f 1517//1517 1695//1695 1694//1694
f 1719//1719 1508//1508 1695//1695
f 1511//1511 1506//1506 1699//1699
f 1727//1727 1540//1540 1537//1537
f 1519//1519 1539//1539 1538//1538
f 1726//1726 1446//1446 1539//1539
f 1518//1518 1444//1444 1545//1545
f 1751//1751 1702//1702 1724//1724
f 1724//1724 1703//1703 1725//1725
f 1728//1728 1709//1709 1749//1749
f 1503//1503 1711//1711 1710//1710
f 1685//1685 1510//1510 1711//1711
f 1502//1502 1509//1509 1714//1714
f 1747//1747 1661//1661 1683//1683
f 1683//1683 1662//1662 1684//1684
f 1729//1729 1668//1668 1745//1745
f 1486//1486 1670//1670 1669//1669
f 1644//1644 1494//1494 1670//1670
f 1488//1488 1673//1673 1494//1494
f 1753//1753 1493//1493 1673//1673
f 1743//1743 1620//1620 1642//1642
f 1642//1642 1621//1621 1643//1643
f 1488//1488 1477//1477 1753//1753
f 1730//1730 1627//1627 1741//1741
f 1471//1471 1629//1629 1628//1628
f 1603//1603 1478//1478 1629//1629
f 1470//1470 1477//1477 1632//1632
f 1739//1739 1579//1579 1601//1601
f 1601//1601 1580//1580 1602//1602
f 1731//1731 1586//1586 1737//1737
f 1455//1455 1588//1588 1587//1587
f 1562//1562 1462//1462 1588//1588
f 1454//1454 1461//1461 1591//1591
f 1735//1735 1549//1549 1560//1560
f 1560//1560 1551//1551 1561//1561
f 1537//1537 1540//1540 1522//1522
f 1522//1522 1540//1540 1445//1445
f 1549//1549 1733//1733 1732//1732
f 1731//1731 1452//1452 1734//1734
f 1734//1734 1448//1448 1735//1735
f 1570//1570 1573//1573 1579//1579
f 1579//1579 1573//1573 1459//1459
f 1563//1563 1737//1737 1736//1736
f 1730//1730 1468//1468 1738//1738
f 1738//1738 1464//1464 1739//1739
f 1611//1611 1614//1614 1620//1620
f 1620//1620 1614//1614 1475//1475
f 1604//1604 1741//1741 1740//1740
f 1729//1729 1483//1483 1742//1742
f 1742//1742 1479//1479 1743//1743
f 1652//1652 1655//1655 1661//1661
f 1661//1661 1655//1655 1491//1491
f 1645//1645 1745//1745 1744//1744
f 1728//1728 1500//1500 1746//1746
f 1746//1746 1496//1496 1747//1747
f 1693//1693 1696//1696 1702//1702
f 1702//1702 1696//1696 1507//1507
f 1686//1686 1749//1749 1748//1748
f 1727//1727 1514//1514 1750//1750
f 1750//1750 1516//1516 1751//1751
f 1549//1549 1735//1735 1733//1733
f 1579//1579 1739//1739 1570//1570
f 1620//1620 1743//1743 1611//1611
f 1661//1661 1747//1747 1652//1652
f 1702//1702 1751//1751 1693//1693
f 1206//1206 106//106 1437//1437
f 1437//1437 107//107 1185//1185
f 1437//1437 106//106 107//107
f 1185//1185 107//107 1//1
f 1167//1167 1206//1206 1437//1437
f 1186//1186 1207//1207 1441//1441
f 1188//1188 1208//1208 111//111
f 113//113 115//115 116//116
f 116//116 119//119 118//118
f 153//153 3//3 1171//1171 1209//1209
f 124//124 125//125 123//123
f 121//121 158//158 124//124
f 126//126 175//175 128//128
f 150//150 135//135 108//108
f 108//108 166//166 2//2
f 1//1 150//150 108//108
f 2//2 166//166 109//109
f 140//140 115//115 139//139 5//5
f 137//137 138//138 112//112
f 112//112 5//5 139//139
f 140//140 141//141 115//115
f 115//115 141//141 4//4
f 1213//1213 140//140 5//5 187//187
f 129//129 145//145 177//177
f 131//131 6//6 132//132
f 146//146 177//177 131//131
f 132//132 148//148 134//134
f 132//132 6//6 148//148
f 136//136 152//152 1207//1207
f 1207//1207 152//152 1441//1441
f 166//166 167//167 136//136
f 1209//1209 200//200 153//153
f 137//137 155//155 138//138
f 153//153 200//200 154//154
f 138//138 155//155 5//5
f 1208//1208 154//154 137//137
f 142//142 157//157 120//120
f 142//142 1211//1211 157//157
f 156//156 1211//1211 142//142
f 158//158 159//159 143//143
f 158//158 8//8 159//159
f 128//128 161//161 1210//1210
f 194//194 162//162 1196//1196
f 177//177 147//147 131//131
f 147//147 178//178 6//6
f 1064//1064 271//271 198//198
f 165//165 1214//1214 151//151
f 107//107 165//165 151//151
f 151//151 1214//1214 1212//1212
f 135//135 1212//1212 166//166
f 152//152 168//168 1441//1441
f 166//166 183//183 167//167
f 167//167 184//184 152//152
f 7//7 185//185 110//110
f 1187//1187 199//199 1209//1209
f 154//154 169//169 137//137
f 169//169 170//170 137//137
f 155//155 187//187 5//5
f 9//9 157//157 1211//1211 172//172
f 1213//1213 171//171 188//188
f 147//147 177//177 12//12 178//178
f 156//156 188//188 1211//1211
f 188//188 172//172 1211//1211
f 160//160 173//173 174//174
f 144//144 174//174 11//11
f 144//144 11//11 175//175
f 145//145 12//12 177//177
f 190//190 9//9 172//172 189//189
f 178//178 195//195 6//6
f 148//148 196//196 164//164
f 106//106 181//181 165//165
f 179//179 180//180 106//106
f 165//165 181//181 1214//1214
f 1206//1206 179//179 106//106
f 1214//1214 182//182 1212//1212
f 183//183 213//213 167//167
f 7//7 260//260 185//185
f 186//186 10//10 187//187
f 155//155 186//186 187//187
f 171//171 205//205 188//188
f 188//188 189//189 172//172
f 188//188 205//205 189//189
f 170//170 169//169 201//201 202//202
f 9//9 191//191 159//159
f 174//174 192//192 11//11
f 11//11 193//193 161//161
f 1210//1210 222//222 251//251
f 163//163 1215//1215 145//145
f 194//194 251//251 162//162
f 12//12 1216//1216 178//178
f 1216//1216 13//13 195//195
f 195//195 13//13 196//196
f 181//181 1221//1221 1214//1214
f 167//167 1217//1217 184//184
f 1218//1218 14//14 200//200
f 1209//1209 1218//1218 200//200
f 234//234 1223//1223 233//233 265//265
f 200//200 14//14 169//169
f 186//186 203//203 10//10
f 204//204 15//15 205//205
f 10//10 204//204 171//171
f 205//205 15//15 189//189
f 190//190 220//220 9//9
f 162//162 207//207 163//163
f 163//163 208//208 1215//1215
f 13//13 210//210 196//196
f 164//164 1220//1220 149//149
f 180//180 211//211 181//181
f 181//181 211//211 1221//1221
f 212//212 239//239 213//213
f 214//214 215//215 168//168
f 168//168 215//215 260//260
f 1217//1217 1222//1222 184//184
f 202//202 217//217 203//203
f 201//201 216//216 202//202
f 10//10 229//229 204//204
f 206//206 233//233 190//190
f 1219//1219 1224//1224 192//192
f 220//220 1223//1223 191//191
f 192//192 16//16 11//11
f 191//191 1223//1223 1219//1219
f 208//208 223//223 1215//1215
f 1215//1215 253//253 12//12
f 209//209 224//224 225//225
f 253//253 224//224 209//209
f 209//209 225//225 13//13
f 164//164 236//236 1220//1220
f 180//180 227//227 211//211
f 199//199 228//228 1218//1218
f 228//228 241//241 1218//1218
f 1218//1218 261//261 14//14
f 14//14 261//261 201//201
f 217//217 263//263 229//229
f 218//218 230//230 219//219
f 230//230 231//231 219//219
f 219//219 231//231 245//245
f 229//229 230//230 218//218
f 229//229 263//263 230//230
f 219//219 245//245 15//15
f 15//15 245//245 206//206
f 245//245 1231//1231 232//232
f 1222//1222 239//239 257//257 258//258
f 1223//1223 234//234 221//221
f 193//193 1227//1227 176//176
f 207//207 235//235 208//208
f 208//208 235//235 223//223
f 224//224 17//17 225//225
f 225//225 1228//1228 210//210
f 225//225 17//17 1228//1228
f 1064//1064 237//237 271//271
f 227//227 1229//1229 211//211
f 1229//1229 256//256 1230//1230
f 1230//1230 238//238 1225//1225
f 1225//1225 257//257 239//239
f 1221//1221 1230//1230 1225//1225
f 258//258 240//240 214//214
f 1224//1224 221//221 248//248 249//249
f 261//261 242//242 1226//1226
f 217//217 244//244 263//263
f 216//216 243//243 217//217
f 1226//1226 243//243 216//216
f 263//263 1235//1235 230//230
f 230//230 1235//1235 231//231
f 1231//1231 247//247 232//232
f 234//234 248//248 221//221
f 224//224 253//253 281//281 254//254
f 1224//1224 268//268 16//16
f 1227//1227 250//250 176//176
f 251//251 1232//1232 207//207
f 251//251 302//302 1232//1232
f 223//223 281//281 253//253
f 263//263 244//244 1234//1234 18//18
f 254//254 17//17 224//224
f 1440//1440 25//25 226//226
f 271//271 255//255 179//179
f 1230//1230 256//256 238//238
f 240//240 259//259 215//215
f 215//215 309//309 260//260
f 241//241 287//287 261//261
f 185//185 1233//1233 228//228
f 242//242 262//262 243//243
f 256//256 1229//1229 272//272 22//22
f 263//263 18//18 1235//1235
f 18//18 275//275 1235//1235
f 231//231 1235//1235 246//246
f 247//247 264//264 19//19
f 246//246 276//276 264//264
f 265//265 266//266 234//234
f 249//249 292//292 268//268
f 268//268 292//292 1227//1227
f 1232//1232 269//269 235//235
f 235//235 269//269 252//252
f 254//254 1242//1242 20//20
f 254//254 20//20 17//17
f 1228//1228 270//270 236//236
f 227//227 272//272 1229//1229
f 262//262 242//242 1245//1245 1246//1246
f 256//256 22//22 1236//1236
f 240//240 1237//1237 259//259
f 228//228 273//273 241//241
f 262//262 274//274 1234//1234
f 1238//1238 277//277 276//276
f 264//264 289//289 19//19
f 276//276 277//277 264//264
f 266//266 1239//1239 267//267
f 267//267 279//279 249//249
f 1239//1239 291//291 267//267
f 267//267 291//291 279//279
f 249//249 279//279 292//292
f 1227//1227 280//280 250//250
f 292//292 280//280 1227//1227
f 1232//1232 1240//1240 269//269
f 269//269 1241//1241 252//252
f 281//281 304//304 282//282
f 236//236 283//283 1220//1220
f 271//271 425//425 398//398
f 271//271 398//398 255//255
f 1243//1243 284//284 272//272
f 227//227 1243//1243 272//272
f 285//285 308//308 1244//1244
f 1237//1237 286//286 259//259
f 259//259 286//286 309//309
f 273//273 330//330 241//241
f 287//287 310//310 1245//1245
f 262//262 1246//1246 274//274
f 1238//1238 275//275 1247//1247 1250//1250
f 1249//1249 1236//1236 22//22 295//295
f 1238//1238 1250//1250 288//288
f 18//18 299//299 275//275
f 1238//1238 288//288 277//277
f 278//278 1251//1251 289//289
f 289//289 290//290 1239//1239
f 292//292 321//321 280//280
f 280//280 1248//1248 250//250
f 270//270 294//294 283//283
f 1220//1220 25//25 21//21
f 298//298 274//274 1246//1246 297//297
f 1244//1244 296//296 1237//1237
f 1237//1237 296//296 286//286
f 1245//1245 297//297 1246//1246
f 299//299 274//274 298//298 313//313
f 1250//1250 1247//1247 313//313 300//300
f 347//347 331//331 1258//1258 348//348
f 290//290 301//301 291//291
f 319//319 301//301 290//290
f 222//222 1253//1253 302//302
f 1248//1248 1253//1253 222//222
f 302//302 368//368 1240//1240
f 304//304 336//336 293//293
f 293//293 305//305 324//324
f 1243//1243 306//306 284//284
f 284//284 342//342 295//295
f 295//295 342//342 1249//1249
f 309//309 378//378 1233//1233
f 330//330 345//345 310//310
f 1245//1245 311//311 297//297
f 311//311 312//312 297//297
f 310//310 311//311 1245//1245
f 300//300 315//315 317//317
f 318//318 353//353 319//319
f 316//316 318//318 1251//1251
f 319//319 353//353 301//301
f 1252//1252 354//354 321//321
f 321//321 1254//1254 280//280
f 321//321 354//354 1254//1254
f 1255//1255 323//323 303//303
f 303//303 323//323 336//336
f 1240//1240 1255//1255 269//269
f 324//324 338//338 294//294
f 283//283 339//339 325//325
f 398//398 340//340 255//255
f 1243//1243 1256//1256 306//306
f 255//255 1256//1256 1243//1243
f 342//342 326//326 307//307
f 1244//1244 327//327 296//296
f 296//296 328//328 286//286
f 23//23 327//327 1244//1244
f 1233//1233 329//329 273//273
f 312//312 331//331 298//298
f 298//298 331//331 347//347
f 317//317 350//350 332//332
f 1252//1252 335//335 354//354
f 1254//1254 355//355 1253//1253
f 1254//1254 1253//1253 1248//1248
f 305//305 337//337 338//338
f 336//336 337//337 305//305
f 338//338 24//24 294//294
f 294//294 357//357 339//339
f 342//342 341//341 326//326
f 341//341 343//343 326//326
f 23//23 376//376 327//327
f 330//330 344//344 345//345
f 312//312 311//311 346//346 1257//1257
f 312//312 1257//1257 331//331
f 394//394 323//323 1255//1255 370//370
f 315//315 349//349 350//350
f 351//351 352//352 332//332
f 350//350 351//351 332//332
f 333//333 352//352 365//365
f 333//333 365//365 353//353
f 353//353 365//365 334//334
f 320//320 1259//1259 335//335
f 334//334 1259//1259 320//320
f 354//354 408//408 355//355
f 28//28 376//376 343//343 375//375
f 337//337 24//24 338//338
f 1260//1260 358//358 306//306
f 358//358 374//374 341//341
f 306//306 358//358 341//341
f 1256//1256 1260//1260 306//306
f 327//327 377//377 359//359
f 346//346 361//361 362//362
f 362//362 363//363 1258//1258
f 1257//1257 362//362 1258//1258
f 1261//1261 1262//1262 349//349
f 348//348 381//381 1261//1261
f 352//352 386//386 365//365
f 351//351 1262//1262 352//352
f 365//365 366//366 334//334
f 1259//1259 367//367 335//335
f 334//334 366//366 1259//1259
f 368//368 470//470 369//369
f 356//356 372//372 373//373
f 356//356 373//373 24//24
f 24//24 373//373 357//357
f 325//325 473//473 25//25
f 25//25 473//473 1263//1263
f 27//27 375//375 374//374
f 1259//1259 366//366 387//387 388//388
f 376//376 28//28 377//377
f 1264//1264 33//33 378//378
f 328//328 1264//1264 378//378
f 378//378 379//379 329//329
f 378//378 33//33 379//379
f 361//361 380//380 362//362
f 26//26 29//29 361//361
f 1261//1261 382//382 383//383
f 381//381 382//382 1261//1261
f 383//383 403//403 384//384
f 383//383 384//384 1262//1262
f 1261//1261 383//383 1262//1262
f 384//384 385//385 364//364
f 364//364 385//385 406//406
f 367//367 1259//1259 388//388 389//389
f 339//339 357//357 396//396 397//397
f 386//386 387//387 366//366
f 386//386 406//406 387//387
f 367//367 389//389 408//408
f 408//408 390//390 355//355
f 370//370 392//392 393//393
f 370//370 393//393 394//394
f 394//394 421//421 372//372
f 434//434 406//406 385//385 405//405
f 373//373 396//396 357//357
f 373//373 395//395 396//396
f 1265//1265 399//399 1260//1260
f 1260//1260 400//400 358//358
f 1260//1260 399//399 400//400
f 358//358 400//400 27//27
f 340//340 1265//1265 1260//1260
f 359//359 1266//1266 1264//1264
f 361//361 1267//1267 380//380
f 383//383 402//402 403//403
f 403//403 404//404 384//384
f 429//429 29//29 344//344 1268//1268
f 387//387 407//407 388//388
f 406//406 434//434 387//387
f 408//408 451//451 390//390
f 426//426 410//410 375//375
f 375//375 442//442 28//28
f 27//27 426//426 375//375
f 28//28 442//442 377//377
f 415//415 402//402 414//414 31//31
f 412//412 413//413 401//401
f 401//401 31//31 414//414
f 415//415 416//416 402//402
f 402//402 416//416 30//30
f 1272//1272 415//415 31//31 463//463
f 393//393 420//420 453//453
f 409//409 32//32 395//395
f 421//421 453//453 409//409
f 395//395 423//423 396//396
f 395//395 32//32 423//423
f 411//411 428//428 1266//1266
f 1266//1266 428//428 1264//1264
f 442//442 443//443 411//411
f 1268//1268 476//476 429//429
f 412//412 431//431 413//413
f 429//429 476//476 430//430
f 413//413 431//431 31//31
f 1267//1267 430//430 412//412
f 417//417 433//433 405//405
f 417//417 1270//1270 433//433
f 432//432 1270//1270 417//417
f 434//434 435//435 418//418
f 434//434 34//34 435//435
f 390//390 437//437 1269//1269
f 470//470 438//438 369//369
f 453//453 422//422 409//409
f 422//422 454//454 32//32
f 425//425 547//547 474//474
f 441//441 1273//1273 427//427
f 400//400 441//441 427//427
f 427//427 1273//1273 1271//1271
f 410//410 1271//1271 442//442
f 428//428 444//444 1264//1264
f 442//442 459//459 443//443
f 443//443 460//460 428//428
f 33//33 461//461 379//379
f 360//360 475//475 1268//1268
f 430//430 445//445 412//412
f 445//445 446//446 412//412
f 431//431 463//463 31//31
f 35//35 433//433 1270//1270 448//448
f 1272//1272 447//447 464//464
f 422//422 453//453 38//38 454//454
f 432//432 464//464 1270//1270
f 464//464 448//448 1270//1270
f 436//436 449//449 450//450
f 419//419 450//450 37//37
f 419//419 37//37 451//451
f 420//420 38//38 453//453
f 466//466 35//35 448//448 465//465
f 454//454 471//471 32//32
f 423//423 472//472 440//440
f 399//399 457//457 441//441
f 455//455 456//456 399//399
f 441//441 457//457 1273//1273
f 1265//1265 455//455 399//399
f 1273//1273 458//458 1271//1271
f 459//459 489//489 443//443
f 33//33 536//536 461//461
f 462//462 36//36 463//463
f 431//431 462//462 463//463
f 447//447 481//481 464//464
f 464//464 465//465 448//448
f 464//464 481//481 465//465
f 446//446 445//445 477//477 478//478
f 35//35 467//467 435//435
f 450//450 468//468 37//37
f 37//37 469//469 437//437
f 1269//1269 498//498 527//527
f 439//439 1274//1274 420//420
f 470//470 527//527 438//438
f 38//38 1275//1275 454//454
f 1275//1275 39//39 471//471
f 471//471 39//39 472//472
f 457//457 1280//1280 1273//1273
f 443//443 1276//1276 460//460
f 1277//1277 40//40 476//476
f 1268//1268 1277//1277 476//476
f 510//510 1282//1282 509//509 541//541
f 476//476 40//40 445//445
f 462//462 479//479 36//36
f 480//480 41//41 481//481
f 36//36 480//480 447//447
f 481//481 41//41 465//465
f 466//466 496//496 35//35
f 438//438 483//483 439//439
f 439//439 484//484 1274//1274
f 39//39 486//486 472//472
f 440//440 1279//1279 424//424
f 456//456 487//487 457//457
f 457//457 487//487 1280//1280
f 488//488 515//515 489//489
f 490//490 491//491 444//444
f 444//444 491//491 536//536
f 1276//1276 1281//1281 460//460
f 478//478 493//493 479//479
f 477//477 492//492 478//478
f 36//36 505//505 480//480
f 482//482 509//509 466//466
f 1278//1278 1283//1283 468//468
f 496//496 1282//1282 467//467
f 468//468 42//42 37//37
f 467//467 1282//1282 1278//1278
f 484//484 499//499 1274//1274
f 1274//1274 529//529 38//38
f 485//485 500//500 501//501
f 529//529 500//500 485//485
f 485//485 501//501 39//39
f 440//440 512//512 1279//1279
f 456//456 503//503 487//487
f 475//475 504//504 1277//1277
f 504//504 517//517 1277//1277
f 1277//1277 537//537 40//40
f 40//40 537//537 477//477
f 493//493 539//539 505//505
f 494//494 506//506 495//495
f 506//506 507//507 495//495
f 495//495 507//507 521//521
f 505//505 506//506 494//494
f 505//505 539//539 506//506
f 495//495 521//521 41//41
f 41//41 521//521 482//482
f 521//521 1290//1290 508//508
f 1281//1281 515//515 533//533 534//534
f 1282//1282 510//510 497//497
f 469//469 1286//1286 452//452
f 483//483 511//511 484//484
f 484//484 511//511 499//499
f 500//500 43//43 501//501
f 501//501 1287//1287 486//486
f 501//501 43//43 1287//1287
f 237//237 513//513 547//547
f 503//503 1288//1288 487//487
f 1288//1288 532//532 1289//1289
f 1289//1289 514//514 1284//1284
f 1284//1284 533//533 515//515
f 1280//1280 1289//1289 1284//1284
f 534//534 516//516 490//490
f 1283//1283 497//497 524//524 525//525
f 537//537 518//518 1285//1285
f 493//493 520//520 539//539
f 492//492 519//519 493//493
f 1285//1285 519//519 492//492
f 539//539 1294//1294 506//506
f 506//506 1294//1294 507//507
f 1290//1290 523//523 508//508
f 510//510 524//524 497//497
f 500//500 529//529 557//557 530//530
f 1283//1283 544//544 42//42
f 1286//1286 526//526 452//452
f 527//527 1291//1291 483//483
f 527//527 578//578 1291//1291
f 499//499 557//557 529//529
f 539//539 520//520 1293//1293 44//44
f 530//530 43//43 500//500
f 1263//1263 51//51 502//502
f 547//547 531//531 455//455
f 1289//1289 532//532 514//514
f 516//516 535//535 491//491
f 491//491 585//585 536//536
f 517//517 563//563 537//537
f 461//461 1292//1292 504//504
f 518//518 538//538 519//519
f 532//532 1288//1288 548//548 48//48
f 539//539 44//44 1294//1294
f 44//44 551//551 1294//1294
f 507//507 1294//1294 522//522
f 523//523 540//540 45//45
f 522//522 552//552 540//540
f 541//541 542//542 510//510
f 525//525 568//568 544//544
f 544//544 568//568 1286//1286
f 1291//1291 545//545 511//511
f 511//511 545//545 528//528
f 530//530 1301//1301 46//46
f 530//530 46//46 43//43
f 1287//1287 546//546 512//512
f 237//237 788//788 513//513
f 503//503 548//548 1288//1288
f 538//538 518//518 1304//1304 1305//1305
f 532//532 48//48 1295//1295
f 516//516 1296//1296 535//535
f 504//504 549//549 517//517
f 538//538 550//550 1293//1293
f 1297//1297 553//553 552//552
f 540//540 565//565 45//45
f 552//552 553//553 540//540
f 542//542 1298//1298 543//543
f 543//543 555//555 525//525
f 1298//1298 567//567 543//543
f 543//543 567//567 555//555
f 525//525 555//555 568//568
f 1286//1286 556//556 526//526
f 568//568 556//556 1286//1286
f 1291//1291 1299//1299 545//545
f 545//545 1300//1300 528//528
f 557//557 580//580 558//558
f 512//512 559//559 1279//1279
f 547//547 700//700 673//673
f 547//547 673//673 531//531
f 1302//1302 560//560 548//548
f 503//503 1302//1302 548//548
f 561//561 584//584 1303//1303
f 1296//1296 562//562 535//535
f 535//535 562//562 585//585
f 549//549 606//606 517//517
f 563//563 586//586 1304//1304
f 538//538 1305//1305 550//550
f 1297//1297 551//551 1306//1306 1309//1309
f 1308//1308 1295//1295 48//48 571//571
f 1297//1297 1309//1309 564//564
f 44//44 575//575 551//551
f 1297//1297 564//564 553//553
f 554//554 1310//1310 565//565
f 565//565 566//566 1298//1298
f 568//568 597//597 556//556
f 556//556 1307//1307 526//526
f 546//546 570//570 559//559
f 1279//1279 51//51 47//47
f 574//574 550//550 1305//1305 573//573
f 1303//1303 572//572 1296//1296
f 1296//1296 572//572 562//562
f 1304//1304 573//573 1305//1305
f 575//575 550//550 574//574 589//589
f 1309//1309 1306//1306 589//589 576//576
f 623//623 607//607 1317//1317 624//624
f 566//566 577//577 567//567
f 595//595 577//577 566//566
f 498//498 1312//1312 578//578
f 1307//1307 1312//1312 498//498
f 578//578 644//644 1299//1299
f 580//580 612//612 569//569
f 569//569 581//581 600//600
f 1302//1302 582//582 560//560
f 560//560 618//618 571//571
f 571//571 618//618 1308//1308
f 585//585 653//653 1292//1292
f 606//606 621//621 586//586
f 1304//1304 587//587 573//573
f 587//587 588//588 573//573
f 586//586 587//587 1304//1304
f 576//576 591//591 593//593
f 594//594 629//629 595//595
f 592//592 594//594 1310//1310
f 595//595 629//629 577//577
f 1311//1311 630//630 597//597
f 597//597 1313//1313 556//556
f 597//597 630//630 1313//1313
f 1314//1314 599//599 579//579
f 579//579 599//599 612//612
f 1299//1299 1314//1314 545//545
f 600//600 614//614 570//570
f 559//559 615//615 601//601
f 673//673 616//616 531//531
f 1302//1302 1315//1315 582//582
f 531//531 1315//1315 1302//1302
f 618//618 602//602 583//583
f 1303//1303 603//603 572//572
f 572//572 604//604 562//562
f 49//49 603//603 1303//1303
f 1292//1292 605//605 549//549
f 588//588 607//607 574//574
f 574//574 607//607 623//623
f 593//593 626//626 608//608
f 1311//1311 611//611 630//630
f 1313//1313 631//631 1312//1312
f 1313//1313 1312//1312 1307//1307
f 581//581 613//613 614//614
f 612//612 613//613 581//581
f 614//614 50//50 570//570
f 570//570 633//633 615//615
f 618//618 617//617 602//602
f 617//617 619//619 602//602
f 49//49 651//651 603//603
f 606//606 620//620 621//621
f 588//588 587//587 622//622 1316//1316
f 588//588 1316//1316 607//607
f 669//669 599//599 1314//1314 646//646
f 591//591 625//625 626//626
f 627//627 628//628 608//608
f 626//626 627//627 608//608
f 609//609 628//628 641//641
f 609//609 641//641 629//629
f 629//629 641//641 610//610
f 596//596 1318//1318 611//611
f 610//610 1318//1318 596//596
f 630//630 683//683 631//631
f 54//54 651//651 619//619 650//650
f 613//613 50//50 614//614
f 1319//1319 634//634 582//582
f 582//582 634//634 617//617
f 1315//1315 1319//1319 582//582
f 603//603 652//652 635//635
f 622//622 637//637 638//638
f 638//638 639//639 1317//1317
f 1316//1316 638//638 1317//1317
f 1320//1320 1321//1321 625//625
f 624//624 656//656 1320//1320
f 628//628 661//661 641//641
f 627//627 1321//1321 628//628
f 641//641 642//642 610//610
f 1318//1318 643//643 611//611
f 610//610 642//642 1318//1318
f 644//644 745//745 645//645
f 632//632 648//648 649//649
f 632//632 649//649 50//50
f 50//50 649//649 633//633
f 601//601 748//748 51//51
f 51//51 748//748 1322//1322
f 53//53 650//650 617//617
f 1318//1318 642//642 662//662 663//663
f 651//651 54//54 652//652
f 1323//1323 59//59 653//653
f 604//604 1323//1323 653//653
f 653//653 654//654 605//605
f 653//653 59//59 654//654
f 637//637 655//655 638//638
f 52//52 55//55 637//637
f 1320//1320 657//657 658//658
f 656//656 657//657 1320//1320
f 658//658 678//678 659//659
f 658//658 659//659 1321//1321
f 1320//1320 658//658 1321//1321
f 659//659 660//660 640//640
f 640//640 660//660 681//681
f 643//643 1318//1318 663//663 664//664
f 615//615 633//633 671//671 672//672
f 661//661 662//662 642//642
f 661//661 681//681 662//662
f 643//643 664//664 683//683
f 683//683 665//665 631//631
f 646//646 667//667 668//668
f 646//646 668//668 669//669
f 669//669 696//696 648//648
f 709//709 681//681 660//660 680//680
f 649//649 671//671 633//633
f 649//649 670//670 671//671
f 1324//1324 674//674 1319//1319
f 1319//1319 675//675 634//634
f 1319//1319 674//674 675//675
f 634//634 675//675 53//53
f 616//616 1324//1324 1319//1319
f 635//635 1325//1325 1323//1323
f 637//637 1326//1326 655//655
f 658//658 677//677 678//678
f 678//678 679//679 659//659
f 704//704 55//55 620//620 1327//1327
f 662//662 682//682 663//663
f 681//681 709//709 662//662
f 683//683 726//726 665//665
f 701//701 685//685 650//650
f 650//650 717//717 54//54
f 53//53 701//701 650//650
f 54//54 717//717 652//652
f 690//690 677//677 689//689 57//57
f 687//687 688//688 676//676
f 676//676 57//57 689//689
f 690//690 691//691 677//677
f 677//677 691//691 56//56
f 1331//1331 690//690 57//57 738//738
f 668//668 695//695 728//728
f 684//684 58//58 670//670
f 696//696 728//728 684//684
f 670//670 698//698 671//671
f 670//670 58//58 698//698
f 686//686 703//703 1325//1325
f 1325//1325 703//703 1323//1323
f 717//717 718//718 686//686
f 1327//1327 751//751 704//704
f 687//687 706//706 688//688
f 704//704 751//751 705//705
f 688//688 706//706 57//57
f 1326//1326 705//705 687//687
f 692//692 708//708 680//680
f 692//692 1329//1329 708//708
f 707//707 1329//1329 692//692
f 709//709 710//710 693//693
f 709//709 60//60 710//710
f 665//665 712//712 1328//1328
f 745//745 713//713 645//645
f 728//728 697//697 684//684
f 697//697 729//729 58//58
f 700//700 822//822 749//749
f 716//716 1332//1332 702//702
f 675//675 716//716 702//702
f 702//702 1332//1332 1330//1330
f 685//685 1330//1330 717//717
f 703//703 719//719 1323//1323
f 717//717 734//734 718//718
f 718//718 735//735 703//703
f 59//59 736//736 654//654
f 636//636 750//750 1327//1327
f 705//705 720//720 687//687
f 720//720 721//721 687//687
f 706//706 738//738 57//57
f 61//61 708//708 1329//1329 723//723
f 1331//1331 722//722 739//739
f 697//697 728//728 64//64 729//729
f 707//707 739//739 1329//1329
f 739//739 723//723 1329//1329
f 711//711 724//724 725//725
f 694//694 725//725 63//63
f 694//694 63//63 726//726
f 695//695 64//64 728//728
f 741//741 61//61 723//723 740//740
f 729//729 746//746 58//58
f 698//698 747//747 715//715
f 674//674 732//732 716//716
f 730//730 731//731 674//674
f 716//716 732//732 1332//1332
f 1324//1324 730//730 674//674
f 1332//1332 733//733 1330//1330
f 734//734 764//764 718//718
f 59//59 811//811 736//736
f 737//737 62//62 738//738
f 706//706 737//737 738//738
f 722//722 756//756 739//739
f 739//739 740//740 723//723
f 739//739 756//756 740//740
f 721//721 720//720 752//752 753//753
f 61//61 742//742 710//710
f 725//725 743//743 63//63
f 63//63 744//744 712//712
f 1328//1328 773//773 802//802
f 714//714 1333//1333 695//695
f 745//745 802//802 713//713
f 64//64 1334//1334 729//729
f 1334//1334 65//65 746//746
f 746//746 65//65 747//747
f 732//732 1339//1339 1332//1332
f 718//718 1335//1335 735//735
f 1336//1336 66//66 751//751
f 1327//1327 1336//1336 751//751
f 785//785 1341//1341 784//784 816//816
f 751//751 66//66 720//720
f 737//737 754//754 62//62
f 755//755 67//67 756//756
f 62//62 755//755 722//722
f 756//756 67//67 740//740
f 741//741 771//771 61//61
f 713//713 758//758 714//714
f 714//714 759//759 1333//1333
f 65//65 761//761 747//747
f 715//715 1338//1338 699//699
f 731//731 762//762 732//732
f 732//732 762//762 1339//1339
f 763//763 790//790 764//764
f 765//765 766//766 719//719
f 719//719 766//766 811//811
f 1335//1335 1340//1340 735//735
f 753//753 768//768 754//754
f 752//752 767//767 753//753
f 62//62 780//780 755//755
f 757//757 784//784 741//741
f 1337//1337 1342//1342 743//743
f 771//771 1341//1341 742//742
f 743//743 68//68 63//63
f 742//742 1341//1341 1337//1337
f 759//759 774//774 1333//1333
f 1333//1333 804//804 64//64
f 760//760 775//775 776//776
f 804//804 775//775 760//760
f 760//760 776//776 65//65
f 715//715 787//787 1338//1338
f 777//777 1053//1053 502//502
f 731//731 778//778 762//762
f 750//750 779//779 1336//1336
f 779//779 792//792 1336//1336
f 1336//1336 812//812 66//66
f 66//66 812//812 752//752
f 768//768 814//814 780//780
f 769//769 781//781 770//770
f 781//781 782//782 770//770
f 770//770 782//782 796//796
f 780//780 781//781 769//769
f 780//780 814//814 781//781
f 770//770 796//796 67//67
f 67//67 796//796 757//757
f 796//796 1349//1349 783//783
f 1340//1340 790//790 808//808 809//809
f 1341//1341 785//785 772//772
f 744//744 1345//1345 727//727
f 758//758 786//786 759//759
f 759//759 786//786 774//774
f 775//775 69//69 776//776
f 776//776 1346//1346 761//761
f 776//776 69//69 1346//1346
f 513//513 788//788 822//822
f 778//778 1347//1347 762//762
f 1347//1347 807//807 1348//1348
f 1348//1348 789//789 1343//1343
f 1343//1343 808//808 790//790
f 1339//1339 1348//1348 1343//1343
f 809//809 791//791 765//765
f 1342//1342 772//772 799//799 800//800
f 812//812 793//793 1344//1344
f 768//768 795//795 814//814
f 767//767 794//794 768//768
f 1344//1344 794//794 767//767
f 814//814 1353//1353 781//781
f 781//781 1353//1353 782//782
f 1349//1349 798//798 783//783
f 785//785 799//799 772//772
f 775//775 804//804 832//832 805//805
f 1342//1342 819//819 68//68
f 1345//1345 801//801 727//727
f 802//802 1350//1350 758//758
f 802//802 853//853 1350//1350
f 774//774 832//832 804//804
f 814//814 795//795 1352//1352 70//70
f 805//805 69//69 775//775
f 1322//1322 77//77 777//777
f 822//822 806//806 730//730
f 1348//1348 807//807 789//789
f 791//791 810//810 766//766
f 766//766 860//860 811//811
f 792//792 838//838 812//812
f 736//736 1351//1351 779//779
f 793//793 813//813 794//794
f 807//807 1347//1347 823//823 74//74
f 814//814 70//70 1353//1353
f 70//70 826//826 1353//1353
f 782//782 1353//1353 797//797
f 798//798 815//815 71//71
f 797//797 827//827 815//815
f 816//816 817//817 785//785
f 800//800 843//843 819//819
f 819//819 843//843 1345//1345
f 1350//1350 820//820 786//786
f 786//786 820//820 803//803
f 805//805 1360//1360 72//72
f 805//805 72//72 69//69
f 1346//1346 821//821 787//787
f 778//778 823//823 1347//1347
f 813//813 793//793 1363//1363 1364//1364
f 807//807 74//74 1354//1354
f 791//791 1355//1355 810//810
f 779//779 824//824 792//792
f 813//813 825//825 1352//1352
f 1356//1356 828//828 827//827
f 815//815 840//840 71//71
f 827//827 828//828 815//815
f 817//817 1357//1357 818//818
f 818//818 830//830 800//800
f 1357//1357 842//842 818//818
f 818//818 842//842 830//830
f 800//800 830//830 843//843
f 1345//1345 831//831 801//801
f 843//843 831//831 1345//1345
f 1350//1350 1358//1358 820//820
f 820//820 1359//1359 803//803
f 832//832 855//855 833//833
f 787//787 834//834 1338//1338
f 822//822 976//976 949//949
f 822//822 949//949 806//806
f 1361//1361 835//835 823//823
f 778//778 1361//1361 823//823
f 836//836 859//859 1362//1362
f 1355//1355 837//837 810//810
f 810//810 837//837 860//860
f 824//824 881//881 792//792
f 838//838 861//861 1363//1363
f 813//813 1364//1364 825//825
f 1356//1356 826//826 1365//1365 1368//1368
f 1367//1367 1354//1354 74//74 846//846
f 1356//1356 1368//1368 839//839
f 70//70 850//850 826//826
f 1356//1356 839//839 828//828
f 829//829 1369//1369 840//840
f 840//840 841//841 1357//1357
f 843//843 872//872 831//831
f 831//831 1366//1366 801//801
f 821//821 845//845 834//834
f 1338//1338 77//77 73//73
f 849//849 825//825 1364//1364 848//848
f 1362//1362 847//847 1355//1355
f 1355//1355 847//847 837//837
f 1363//1363 848//848 1364//1364
f 850//850 825//825 849//849 864//864
f 1368//1368 1365//1365 864//864 851//851
f 899//899 882//882 1376//1376 900//900
f 841//841 852//852 842//842
f 870//870 852//852 841//841
f 773//773 1371//1371 853//853
f 1366//1366 1371//1371 773//773
f 853//853 920//920 1358//1358
f 855//855 887//887 844//844
f 844//844 856//856 875//875
f 1361//1361 857//857 835//835
f 835//835 894//894 846//846
f 846//846 894//894 1367//1367
f 860//860 929//929 1351//1351
f 881//881 897//897 861//861
f 1363//1363 862//862 848//848
f 862//862 863//863 848//848
f 861//861 862//862 1363//1363
f 851//851 866//866 868//868
f 869//869 905//905 870//870
f 867//867 869//869 1369//1369
f 870//870 905//905 852//852
f 1370//1370 906//906 872//872
f 872//872 1372//1372 831//831
f 872//872 906//906 1372//1372
f 1373//1373 874//874 854//854
f 854//854 874//874 887//887
f 1358//1358 1373//1373 820//820
f 875//875 889//889 845//845
f 834//834 890//890 876//876
f 949//949 892//892 806//806
f 1361//1361 1374//1374 857//857
f 806//806 1374//1374 1361//1361
f 894//894 877//877 858//858
f 1362//1362 878//878 847//847
f 847//847 879//879 837//837
f 75//75 878//878 1362//1362
f 1351//1351 880//880 824//824
f 863//863 882//882 849//849
f 849//849 882//882 899//899
f 868//868 902//902 883//883
f 1370//1370 886//886 906//906
f 1372//1372 907//907 1371//1371
f 1372//1372 1371//1371 1366//1366
f 856//856 888//888 889//889
f 887//887 888//888 856//856
f 889//889 76//76 845//845
f 845//845 909//909 890//890
f 788//788 891//891 976//976
f 894//894 893//893 877//877
f 893//893 895//895 877//877
f 75//75 927//927 878//878
f 881//881 896//896 897//897
f 863//863 862//862 898//898 1375//1375
f 863//863 1375//1375 882//882
f 945//945 874//874 1373//1373 922//922
f 866//866 901//901 902//902
f 903//903 904//904 883//883
f 902//902 903//903 883//883
f 884//884 904//904 917//917
f 884//884 917//917 905//905
f 905//905 917//917 885//885
f 871//871 1377//1377 886//886
f 885//885 1377//1377 871//871
f 906//906 959//959 907//907
f 80//80 927//927 895//895 926//926
f 888//888 76//76 889//889
f 1378//1378 910//910 857//857
f 158//158 121//121 117//117 120//120
f 857//857 910//910 893//893
f 1374//1374 1378//1378 857//857
f 878//878 928//928 911//911
f 898//898 913//913 914//914
f 914//914 915//915 1376//1376
f 1375//1375 914//914 1376//1376
f 1379//1379 1380//1380 901//901
f 900//900 932//932 1379//1379
f 904//904 937//937 917//917
f 903//903 1380//1380 904//904
f 917//917 918//918 885//885
f 1377//1377 919//919 886//886
f 885//885 918//918 1377//1377
f 920//920 1021//1021 921//921
f 908//908 924//924 925//925
f 908//908 925//925 76//76
f 76//76 925//925 909//909
f 876//876 1024//1024 77//77
f 77//77 1024//1024 1381//1381
f 77//77 1381//1381 777//777
f 79//79 926//926 893//893
f 1377//1377 918//918 938//938 939//939
f 927//927 80//80 928//928
f 1382//1382 85//85 929//929
f 879//879 1382//1382 929//929
f 929//929 930//930 880//880
f 929//929 85//85 930//930
f 913//913 931//931 914//914
f 78//78 81//81 913//913
f 1379//1379 933//933 934//934
f 932//932 933//933 1379//1379
f 934//934 954//954 935//935
f 934//934 935//935 1380//1380
f 1379//1379 934//934 1380//1380
f 935//935 936//936 916//916
f 916//916 936//936 957//957
f 919//919 1377//1377 939//939 940//940
f 890//890 909//909 947//947 948//948
f 937//937 938//938 918//918
f 937//937 957//957 938//938
f 919//919 940//940 959//959
f 959//959 941//941 907//907
f 922//922 943//943 944//944
f 922//922 944//944 945//945
f 945//945 972//972 924//924
f 985//985 957//957 936//936 956//956
f 925//925 947//947 909//909
f 925//925 946//946 947//947
f 1383//1383 950//950 1378//1378
f 1378//1378 951//951 910//910
f 1378//1378 950//950 951//951
f 910//910 951//951 79//79
f 892//892 1383//1383 1378//1378
f 911//911 1384//1384 1382//1382
f 913//913 1385//1385 931//931
f 934//934 953//953 954//954
f 954//954 955//955 935//935
f 980//980 81//81 896//896 1386//1386
f 938//938 958//958 939//939
f 957//957 985//985 938//938
f 959//959 1002//1002 941//941
f 977//977 961//961 926//926
f 926//926 993//993 80//80
f 79//79 977//977 926//926
f 80//80 993//993 928//928
f 966//966 953//953 965//965 83//83
f 963//963 964//964 952//952
f 952//952 83//83 965//965
f 966//966 967//967 953//953
f 953//953 967//967 82//82
f 1390//1390 966//966 83//83 1014//1014
f 944//944 971//971 1004//1004
f 960//960 84//84 946//946
f 972//972 1004//1004 960//960
f 946//946 974//974 947//947
f 946//946 84//84 974//974
f 962//962 979//979 1384//1384
f 1384//1384 979//979 1382//1382
f 993//993 994//994 962//962
f 1386//1386 1027//1027 980//980
f 963//963 982//982 964//964
f 980//980 1027//1027 981//981
f 964//964 982//982 83//83
f 1385//1385 981//981 963//963
f 968//968 984//984 956//956
f 968//968 1388//1388 984//984
f 983//983 1388//1388 968//968
f 985//985 986//986 969//969
f 985//985 86//86 986//986
f 941//941 988//988 1387//1387
f 1021//1021 989//989 921//921
f 1004//1004 973//973 960//960
f 973//973 1005//1005 84//84
f 976//976 1098//1098 1025//1025
f 992//992 1391//1391 978//978
f 951//951 992//992 978//978
f 978//978 1391//1391 1389//1389
f 961//961 1389//1389 993//993
f 979//979 995//995 1382//1382
f 993//993 1010//1010 994//994
f 994//994 1011//1011 979//979
f 85//85 1012//1012 930//930
f 912//912 1026//1026 1386//1386
f 981//981 996//996 963//963
f 996//996 997//997 963//963
f 982//982 1014//1014 83//83
f 87//87 984//984 1388//1388 999//999
f 1390//1390 998//998 1015//1015
f 973//973 1004//1004 90//90 1005//1005
f 983//983 1015//1015 1388//1388
f 1015//1015 999//999 1388//1388
f 987//987 1000//1000 1001//1001
f 970//970 1001//1001 89//89
f 970//970 89//89 1002//1002
f 971//971 90//90 1004//1004
f 1017//1017 87//87 999//999 1016//1016
f 1005//1005 1022//1022 84//84
f 974//974 1023//1023 991//991
f 950//950 1008//1008 992//992
f 1006//1006 1007//1007 950//950
f 992//992 1008//1008 1391//1391
f 1383//1383 1006//1006 950//950
f 1391//1391 1009//1009 1389//1389
f 1010//1010 1040//1040 994//994
f 85//85 1087//1087 1012//1012
f 1013//1013 88//88 1014//1014
f 982//982 1013//1013 1014//1014
f 998//998 1032//1032 1015//1015
f 1015//1015 1016//1016 999//999
f 1015//1015 1032//1032 1016//1016
f 997//997 996//996 1028//1028 1029//1029
f 87//87 1018//1018 986//986
f 1001//1001 1019//1019 89//89
f 89//89 1020//1020 988//988
f 1387//1387 1049//1049 1078//1078
f 990//990 1392//1392 971//971
f 1021//1021 1078//1078 989//989
f 90//90 1393//1393 1005//1005
f 1393//1393 91//91 1022//1022
f 1022//1022 91//91 1023//1023
f 1008//1008 1398//1398 1391//1391
f 994//994 1394//1394 1011//1011
f 1395//1395 92//92 1027//1027
f 1386//1386 1395//1395 1027//1027
f 1061//1061 1400//1400 1060//1060 1092//1092
f 1027//1027 92//92 996//996
f 1013//1013 1030//1030 88//88
f 1031//1031 93//93 1032//1032
f 88//88 1031//1031 998//998
f 1032//1032 93//93 1016//1016
f 1017//1017 1047//1047 87//87
f 989//989 1034//1034 990//990
f 990//990 1035//1035 1392//1392
f 91//91 1037//1037 1023//1023
f 991//991 1397//1397 975//975
f 1007//1007 1038//1038 1008//1008
f 1008//1008 1038//1038 1398//1398
f 1039//1039 1066//1066 1040//1040
f 1041//1041 1042//1042 995//995
f 995//995 1042//1042 1087//1087
f 1394//1394 1399//1399 1011//1011
f 1029//1029 1044//1044 1030//1030
f 1028//1028 1043//1043 1029//1029
f 88//88 1056//1056 1031//1031
f 1033//1033 1060//1060 1017//1017
f 1396//1396 1401//1401 1019//1019
f 1047//1047 1400//1400 1018//1018
f 1019//1019 94//94 89//89
f 1018//1018 1400//1400 1396//1396
f 1035//1035 1050//1050 1392//1392
f 1392//1392 1080//1080 90//90
f 1036//1036 1051//1051 1052//1052
f 1080//1080 1051//1051 1036//1036
f 1036//1036 1052//1052 91//91
f 991//991 1063//1063 1397//1397
f 1007//1007 1054//1054 1038//1038
f 1026//1026 1055//1055 1395//1395
f 1055//1055 1068//1068 1395//1395
f 1395//1395 1088//1088 92//92
f 92//92 1088//1088 1028//1028
f 1044//1044 1090//1090 1056//1056
f 1045//1045 1057//1057 1046//1046
f 1057//1057 1058//1058 1046//1046
f 1046//1046 1058//1058 1072//1072
f 1056//1056 1057//1057 1045//1045
f 1056//1056 1090//1090 1057//1057
f 1046//1046 1072//1072 93//93
f 93//93 1072//1072 1033//1033
f 1072//1072 1408//1408 1059//1059
f 1399//1399 1066//1066 1084//1084 1085//1085
f 1400//1400 1061//1061 1048//1048
f 1020//1020 1404//1404 1003//1003
f 1034//1034 1062//1062 1035//1035
f 1035//1035 1062//1062 1050//1050
f 1051//1051 95//95 1052//1052
f 1052//1052 1405//1405 1037//1037
f 1052//1052 95//95 1405//1405
f 891//891 1064//1064 1098//1098
f 1054//1054 1406//1406 1038//1038
f 1406//1406 1083//1083 1407//1407
f 1407//1407 1065//1065 1402//1402
f 1402//1402 1084//1084 1066//1066
f 1398//1398 1407//1407 1402//1402
f 1085//1085 1067//1067 1041//1041
f 1401//1401 1048//1048 1075//1075 1076//1076
f 1088//1088 1069//1069 1403//1403
f 1044//1044 1071//1071 1090//1090
f 1043//1043 1070//1070 1044//1044
f 1403//1403 1070//1070 1043//1043
f 1090//1090 1412//1412 1057//1057
f 1057//1057 1412//1412 1058//1058
f 1408//1408 1074//1074 1059//1059
f 1061//1061 1075//1075 1048//1048
f 1051//1051 1080//1080 1108//1108 1081//1081
f 1401//1401 1095//1095 94//94
f 1404//1404 1077//1077 1003//1003
f 1078//1078 1409//1409 1034//1034
f 1078//1078 1129//1129 1409//1409
f 1050//1050 1108//1108 1080//1080
f 1090//1090 1071//1071 1411//1411 96//96
f 1081//1081 95//95 1051//1051
f 1381//1381 103//103 1053//1053
f 1098//1098 1082//1082 1006//1006
f 1407//1407 1083//1083 1065//1065
f 1067//1067 1086//1086 1042//1042
f 1042//1042 1136//1136 1087//1087
f 1068//1068 1114//1114 1088//1088
f 1012//1012 1410//1410 1055//1055
f 1069//1069 1089//1089 1070//1070
f 1083//1083 1406//1406 1099//1099 100//100
f 1090//1090 96//96 1412//1412
f 96//96 1102//1102 1412//1412
f 1058//1058 1412//1412 1073//1073
f 1074//1074 1091//1091 97//97
f 1073//1073 1103//1103 1091//1091
f 1092//1092 1093//1093 1061//1061
f 1076//1076 1119//1119 1095//1095
f 1095//1095 1119//1119 1404//1404
f 1409//1409 1096//1096 1062//1062
f 1062//1062 1096//1096 1079//1079
f 1081//1081 1419//1419 98//98
f 1081//1081 98//98 95//95
f 1405//1405 1097//1097 1063//1063
f 1054//1054 1099//1099 1406//1406
f 1089//1089 1069//1069 1422//1422 1423//1423
f 1083//1083 100//100 1413//1413
f 1067//1067 1414//1414 1086//1086
f 1055//1055 1100//1100 1068//1068
f 1089//1089 1101//1101 1411//1411
f 1415//1415 1104//1104 1103//1103
f 1091//1091 1116//1116 97//97
f 1103//1103 1104//1104 1091//1091
f 1093//1093 1416//1416 1094//1094
f 1094//1094 1106//1106 1076//1076
f 1416//1416 1118//1118 1094//1094
f 1094//1094 1118//1118 1106//1106
f 1076//1076 1106//1106 1119//1119
f 1404//1404 1107//1107 1077//1077
f 1119//1119 1107//1107 1404//1404
f 1409//1409 1417//1417 1096//1096
f 1096//1096 1418//1418 1079//1079
f 1108//1108 1131//1131 1109//1109
f 1063//1063 1110//1110 1397//1397
f 1098//1098 1064//1064 105//105
f 1098//1098 105//105 1082//1082
f 1420//1420 1111//1111 1099//1099
f 1054//1054 1420//1420 1099//1099
f 1112//1112 1135//1135 1421//1421
f 1414//1414 1113//1113 1086//1086
f 1086//1086 1113//1113 1136//1136
f 1100//1100 1157//1157 1068//1068
f 1114//1114 1137//1137 1422//1422
f 1089//1089 1423//1423 1101//1101
f 1415//1415 1102//1102 1424//1424 1427//1427
f 1426//1426 1413//1413 100//100 1122//1122
f 1415//1415 1427//1427 1115//1115
f 96//96 1126//1126 1102//1102
f 1415//1415 1115//1115 1104//1104
f 1105//1105 1428//1428 1116//1116
f 1116//1116 1117//1117 1416//1416
f 1119//1119 1148//1148 1107//1107
f 1107//1107 1425//1425 1077//1077
f 1097//1097 1121//1121 1110//1110
f 1397//1397 103//103 99//99
f 1125//1125 1101//1101 1423//1423 1124//1124
f 1421//1421 1123//1123 1414//1414
f 1414//1414 1123//1123 1113//1113
f 1422//1422 1124//1124 1423//1423
f 1126//1126 1101//1101 1125//1125 1140//1140
f 1427//1427 1424//1424 1140//1140 1127//1127
f 1174//1174 1158//1158 1435//1435 1175//1175
f 1117//1117 1128//1128 1118//1118
f 1146//1146 1128//1128 1117//1117
f 1049//1049 1430//1430 1129//1129
f 1425//1425 1430//1430 1049//1049
f 1129//1129 1195//1195 1417//1417
f 1131//1131 1163//1163 1120//1120
f 1120//1120 1132//1132 1151//1151
f 1420//1420 1133//1133 1111//1111
f 1111//1111 1169//1169 1122//1122
f 1122//1122 1169//1169 1426//1426
f 1136//1136 1202//1202 1410//1410
f 1157//1157 1172//1172 1137//1137
f 1422//1422 1138//1138 1124//1124
f 1138//1138 1139//1139 1124//1124
f 1137//1137 1138//1138 1422//1422
f 1127//1127 1142//1142 1144//1144
f 1145//1145 1180//1180 1146//1146
f 1143//1143 1145//1145 1428//1428
f 1146//1146 1180//1180 1128//1128
f 1429//1429 1181//1181 1148//1148
f 1148//1148 1431//1431 1107//1107
f 1148//1148 1181//1181 1431//1431
f 1432//1432 1150//1150 1130//1130
f 1130//1130 1150//1150 1163//1163
f 1417//1417 1432//1432 1096//1096
f 1151//1151 1165//1165 1121//1121
f 1110//1110 1166//1166 1152//1152
f 105//105 1167//1167 1082//1082
f 1420//1420 1433//1433 1133//1133
f 1082//1082 1433//1433 1420//1420
f 1169//1169 1153//1153 1134//1134
f 1421//1421 1154//1154 1123//1123
f 1123//1123 1155//1155 1113//1113
f 101//101 1154//1154 1421//1421
f 1410//1410 1156//1156 1100//1100
f 1139//1139 1158//1158 1125//1125
f 1125//1125 1158//1158 1174//1174
f 1144//1144 1177//1177 1159//1159
f 1429//1429 1162//1162 1181//1181
f 1431//1431 1182//1182 1430//1430
f 1431//1431 1430//1430 1425//1425
f 1132//1132 1164//1164 1165//1165
f 1163//1163 1164//1164 1132//1132
f 1165//1165 102//102 1121//1121
f 1121//1121 1184//1184 1166//1166
f 1169//1169 1168//1168 1153//1153
f 1168//1168 1170//1170 1153//1153
f 101//101 1201//1201 1154//1154
f 1157//1157 1171//1171 1172//1172
f 1139//1139 1138//1138 1173//1173 1434//1434
f 1139//1139 1434//1434 1158//1158
f 1205//1205 1150//1150 1432//1432 1197//1197
f 1142//1142 1176//1176 1177//1177
f 1178//1178 1179//1179 1159//1159
f 1177//1177 1178//1178 1159//1159
f 1160//1160 1179//1179 1192//1192
f 1160//1160 1192//1192 1180//1180
f 1180//1180 1192//1192 1161//1161
f 1147//1147 1436//1436 1162//1162
f 1161//1161 1436//1436 1147//1147
f 1181//1181 126//126 1182//1182
f 2//2 1201//1201 1170//1170 108//108
f 1164//1164 102//102 1165//1165
f 1437//1437 1185//1185 1133//1133
f 1133//1133 1185//1185 1168//1168
f 1433//1433 1437//1437 1133//1133
f 1154//1154 109//109 1186//1186
f 1173//1173 1188//1188 1189//1189
f 1189//1189 1190//1190 1435//1435
f 1434//1434 1189//1189 1435//1435
f 1438//1438 1439//1439 1176//1176
f 1175//1175 1203//1203 1438//1438
f 1179//1179 1204//1204 1192//1192
f 1178//1178 1439//1439 1179//1179
f 1192//1192 1193//1193 1161//1161
f 1436//1436 1194//1194 1162//1162
f 1161//1161 1193//1193 1436//1436
f 1195//1195 194//194 1196//1196
f 1183//1183 1199//1199 1200//1200
f 1183//1183 1200//1200 102//102
f 102//102 1200//1200 1184//1184
f 1152//1152 197//197 103//103
f 103//103 197//197 1440//1440
f 1//1 108//108 1168//1168
f 1436//1436 1193//1193 124//124 123//123
f 1201//1201 2//2 109//109
f 1441//1441 7//7 1202//1202
f 1155//1155 1441//1441 1202//1202
f 1202//1202 110//110 1156//1156
f 1202//1202 7//7 110//110
f 1188//1188 111//111 1189//1189
f 104//104 3//3 1188//1188
f 1438//1438 114//114 113//113
f 1203//1203 114//114 1438//1438
f 113//113 116//116 118//118
f 113//113 118//118 1439//1439
f 1438//1438 113//113 1439//1439
f 118//118 117//117 1191//1191
f 1191//1191 117//117 121//121
f 1194//1194 1436//1436 123//123 122//122
f 1166//1166 1184//1184 134//134 133//133
f 1204//1204 124//124 1193//1193
f 1204//1204 121//121 124//124
f 1194//1194 122//122 126//126
f 126//126 128//128 1182//1182
f 1197//1197 130//130 129//129
f 1197//1197 129//129 1205//1205
f 1205//1205 146//146 1199//1199
f 1533//1533 1528//1528 1530//1530 1531//1531
f 1200//1200 134//134 1184//1184
f 1200//1200 132//132 134//134
f 1053//1053 226//226 502//502
f 788//788 237//237 891//891
f 1523//1523 1524//1524 1526//1526
f 1525//1525 1528//1528 1526//1526
f 1524//1524 1525//1525 1526//1526
f 1523//1523 1526//1526 1527//1527
f 1529//1529 1530//1530 1528//1528
f 1732//1732 1529//1529 1525//1525
f 1532//1532 1533//1533 1531//1531 1443//1443
f 1544//1544 1542//1542 1538//1538 1539//1539
f 1535//1535 1532//1532 1534//1534
f 1536//1536 1527//1527 1532//1532
f 1540//1540 1538//1538 1542//1542
f 1543//1543 1544//1544 1539//1539 1446//1446
f 1575//1575 1569//1569 1571//1571 1572//1572
f 1546//1546 1543//1543 1545//1545
f 1547//1547 1548//1548 1543//1543
f 1549//1549 1541//1541 1550//1550
f 1541//1541 1542//1542 1552//1552
f 1550//1550 1541//1541 1552//1552
f 1551//1551 1550//1550 1548//1548
f 1550//1550 1552//1552 1548//1548
f 1448//1448 1554//1554 1553//1553
f 1448//1448 1452//1452 1555//1555
f 1554//1554 1451//1451 1449//1449
f 1556//1556 1554//1554 1555//1555
f 1557//1557 1451//1451 1453//1453
f 1559//1559 1456//1456 1455//1455
f 1561//1561 1559//1559 1560//1560
f 1562//1562 1456//1456 1457//1457
f 1563//1563 1566//1566 1564//1564
f 1566//1566 1569//1569 1567//1567
f 1564//1564 1566//1566 1567//1567
f 1565//1565 1564//1564 1568//1568
f 1564//1564 1567//1567 1568//1568
f 1573//1573 1571//1571 1569//1569
f 1574//1574 1575//1575 1572//1572 1460//1460
f 1590//1590 1585//1585 1587//1587 1588//1588
f 1577//1577 1574//1574 1576//1576
f 1578//1578 1568//1568 1574//1574
f 1580//1580 1581//1581 1583//1583
f 1582//1582 1585//1585 1583//1583
f 1581//1581 1582//1582 1583//1583
f 1580//1580 1583//1583 1584//1584
f 1586//1586 1587//1587 1585//1585
f 1736//1736 1586//1586 1582//1582
f 1589//1589 1590//1590 1588//1588 1462//1462
f 1616//1616 1610//1610 1612//1612 1613//1613
f 1592//1592 1589//1589 1591//1591
f 1593//1593 1584//1584 1589//1589
f 1464//1464 1595//1595 1594//1594
f 1464//1464 1468//1468 1596//1596
f 1595//1595 1467//1467 1465//1465
f 1597//1597 1595//1595 1596//1596
f 1598//1598 1467//1467 1469//1469
f 1600//1600 1472//1472 1471//1471
f 1602//1602 1600//1600 1601//1601
f 1603//1603 1472//1472 1473//1473
f 1604//1604 1607//1607 1605//1605
f 1607//1607 1610//1610 1608//1608
f 1605//1605 1607//1607 1608//1608
f 1606//1606 1605//1605 1609//1609
f 1605//1605 1608//1608 1609//1609
f 1614//1614 1612//1612 1610//1610
f 1615//1615 1616//1616 1613//1613 1476//1476
f 1631//1631 1626//1626 1628//1628 1629//1629
f 1618//1618 1615//1615 1617//1617
f 1619//1619 1609//1609 1615//1615
f 1621//1621 1622//1622 1624//1624
f 1623//1623 1626//1626 1624//1624
f 1622//1622 1623//1623 1624//1624
f 1621//1621 1624//1624 1625//1625
f 1627//1627 1628//1628 1626//1626
f 1740//1740 1627//1627 1623//1623
f 1630//1630 1631//1631 1629//1629 1478//1478
f 1485//1485 1484//1484 1639//1639 1482//1482
f 1633//1633 1630//1630 1632//1632
f 1634//1634 1625//1625 1630//1630
f 1479//1479 1636//1636 1635//1635
f 1479//1479 1483//1483 1637//1637
f 1636//1636 1482//1482 1480//1480
f 1638//1638 1636//1636 1637//1637
f 1489//1489 1488//1488 1644//1644 1487//1487
f 1641//1641 1487//1487 1486//1486
f 1643//1643 1641//1641 1642//1642
f 1657//1657 1651//1651 1653//1653 1654//1654
f 1645//1645 1648//1648 1646//1646
f 1648//1648 1651//1651 1649//1649
f 1646//1646 1648//1648 1649//1649
f 1647//1647 1646//1646 1650//1650
f 1646//1646 1649//1649 1650//1650
f 1655//1655 1653//1653 1651//1651
f 1656//1656 1657//1657 1654//1654 1492//1492
f 1672//1672 1667//1667 1669//1669 1670//1670
f 1659//1659 1656//1656 1658//1658
f 1660//1660 1650//1650 1656//1656
f 1662//1662 1663//1663 1665//1665
f 1664//1664 1667//1667 1665//1665
f 1663//1663 1664//1664 1665//1665
f 1662//1662 1665//1665 1666//1666
f 1668//1668 1669//1669 1667//1667
f 1744//1744 1668//1668 1664//1664
f 1671//1671 1672//1672 1670//1670 1494//1494
f 1698//1698 1692//1692 1694//1694 1695//1695
f 1674//1674 1671//1671 1673//1673
f 1675//1675 1666//1666 1671//1671
f 1496//1496 1677//1677 1676//1676
f 1496//1496 1500//1500 1678//1678
f 1677//1677 1499//1499 1497//1497
f 1679//1679 1677//1677 1678//1678
f 1680//1680 1499//1499 1501//1501
f 1682//1682 1504//1504 1503//1503
f 1684//1684 1682//1682 1683//1683
f 1685//1685 1504//1504 1505//1505
f 1686//1686 1689//1689 1687//1687
f 1689//1689 1692//1692 1690//1690
f 1687//1687 1689//1689 1690//1690
f 1688//1688 1687//1687 1691//1691
f 1687//1687 1690//1690 1691//1691
f 1696//1696 1694//1694 1692//1692
f 1697//1697 1698//1698 1695//1695 1508//1508
f 1713//1713 1708//1708 1710//1710 1711//1711
f 1700//1700 1697//1697 1699//1699
f 1701//1701 1691//1691 1697//1697
f 1703//1703 1704//1704 1706//1706
f 1705//1705 1708//1708 1706//1706
f 1704//1704 1705//1705 1706//1706
f 1703//1703 1706//1706 1707//1707
f 1709//1709 1710//1710 1708//1708
f 1748//1748 1709//1709 1705//1705
f 1712//1712 1713//1713 1711//1711 1510//1510
f 1535//1535 1515//1515 1718//1718 1536//1536
f 1715//1715 1712//1712 1714//1714
f 1716//1716 1707//1707 1712//1712
f 1718//1718 1721//1721 1717//1717
f 1719//1719 1513//1513 1515//1515
f 1516//1516 1721//1721 1720//1720
f 1516//1516 1514//1514 1717//1717
f 1721//1721 1513//1513 1517//1517
f 1723//1723 1520//1520 1519//1519
f 1725//1725 1723//1723 1724//1724
f 1726//1726 1520//1520 1521//1521
f 1717//1717 1522//1522 1523//1523
f 1718//1718 1523//1523 1536//1536
f 1442//1442 1511//1511 1515//1515 1534//1534
f 1515//1515 1535//1535 1534//1534
f 1534//1534 1443//1443 1557//1557 1447//1447
f 1553//1553 1449//1449 1530//1530
f 1449//1449 1557//1557 1531//1531
f 1577//1577 1453//1453 1556//1556 1578//1578
f 1555//1555 1563//1563 1565//1565
f 1556//1556 1565//1565 1578//1578
f 1458//1458 1447//1447 1453//1453 1576//1576
f 1453//1453 1577//1577 1576//1576
f 1576//1576 1460//1460 1598//1598 1463//1463
f 1594//1594 1465//1465 1571//1571
f 1465//1465 1598//1598 1572//1572
f 1618//1618 1469//1469 1597//1597 1619//1619
f 1596//1596 1604//1604 1606//1606
f 1597//1597 1606//1606 1619//1619
f 1474//1474 1463//1463 1469//1469 1617//1617
f 1469//1469 1618//1618 1617//1617
f 1659//1659 1485//1485 1638//1638 1660//1660
f 1635//1635 1480//1480 1612//1612
f 1480//1480 1639//1639 1613//1613
f 1639//1639 1484//1484 1476//1476
f 1484//1484 1752//1752 1617//1617
f 1637//1637 1645//1645 1647//1647
f 1638//1638 1647//1647 1660//1660
f 1490//1490 1484//1484 1485//1485 1658//1658
f 1485//1485 1659//1659 1658//1658
f 1658//1658 1492//1492 1680//1680 1495//1495
f 1676//1676 1497//1497 1653//1653
f 1497//1497 1680//1680 1654//1654
f 1700//1700 1501//1501 1679//1679 1701//1701
f 1678//1678 1686//1686 1688//1688
f 1679//1679 1688//1688 1701//1701
f 1506//1506 1495//1495 1501//1501 1699//1699
f 1501//1501 1700//1700 1699//1699
f 1699//1699 1508//1508 1719//1719 1511//1511
f 1720//1720 1517//1517 1694//1694
f 1517//1517 1719//1719 1695//1695
f 1538//1538 1540//1540 1727//1727 1722//1722
f 1545//1545 1446//1446 1726//1726 1518//1518
f 1722//1722 1519//1519 1538//1538
f 1519//1519 1726//1726 1539//1539
f 1715//1715 1521//1521 1725//1725 1716//1716
f 1724//1724 1702//1702 1703//1703
f 1725//1725 1703//1703 1716//1716
f 1509//1509 1518//1518 1521//1521 1714//1714
f 1521//1521 1715//1715 1714//1714
f 1710//1710 1709//1709 1728//1728 1681//1681
f 1714//1714 1510//1510 1685//1685 1502//1502
f 1681//1681 1503//1503 1710//1710
f 1503//1503 1685//1685 1711//1711
f 1674//1674 1505//1505 1684//1684 1675//1675
f 1683//1683 1661//1661 1662//1662
f 1684//1684 1662//1662 1675//1675
f 1493//1493 1502//1502 1505//1505 1673//1673
f 1505//1505 1674//1674 1673//1673
f 1669//1669 1668//1668 1729//1729 1640//1640
f 1633//1633 1489//1489 1643//1643 1634//1634
f 1640//1640 1486//1486 1669//1669
f 1486//1486 1644//1644 1670//1670
f 1644//1644 1488//1488 1494//1494
f 1488//1488 1753//1753 1673//1673
f 1642//1642 1620//1620 1621//1621
f 1643//1643 1621//1621 1634//1634
f 1477//1477 1488//1488 1489//1489 1632//1632
f 1489//1489 1633//1633 1632//1632
f 1628//1628 1627//1627 1730//1730 1599//1599
f 1632//1632 1478//1478 1603//1603 1470//1470
f 1599//1599 1471//1471 1628//1628
f 1471//1471 1603//1603 1629//1629
f 1592//1592 1473//1473 1602//1602 1593//1593
f 1601//1601 1579//1579 1580//1580
f 1602//1602 1580//1580 1593//1593
f 1461//1461 1470//1470 1473//1473 1591//1591
f 1473//1473 1592//1592 1591//1591
f 1587//1587 1586//1586 1731//1731 1558//1558
f 1591//1591 1462//1462 1562//1562 1454//1454
f 1558//1558 1455//1455 1587//1587
f 1455//1455 1562//1562 1588//1588
f 1546//1546 1457//1457 1561//1561 1547//1547
f 1560//1560 1549//1549 1551//1551
f 1561//1561 1551//1551 1547//1547
f 1444//1444 1454//1454 1457//1457 1545//1545
f 1457//1457 1546//1546 1545//1545
f 1525//1525 1524//1524 1445//1445 1541//1541
f 1522//1522 1445//1445 1524//1524
f 1582//1582 1581//1581 1459//1459 1566//1566
f 1525//1525 1541//1541 1732//1732
f 1541//1541 1549//1549 1732//1732
f 1731//1731 1450//1450 1452//1452
f 1452//1452 1448//1448 1734//1734
f 1735//1735 1448//1448 1553//1553
f 1579//1579 1459//1459 1581//1581
f 1623//1623 1622//1622 1475//1475 1607//1607
f 1582//1582 1566//1566 1736//1736
f 1566//1566 1563//1563 1736//1736
f 1730//1730 1466//1466 1468//1468
f 1468//1468 1464//1464 1738//1738
f 1739//1739 1464//1464 1594//1594
f 1620//1620 1475//1475 1622//1622
f 1664//1664 1663//1663 1491//1491 1648//1648
f 1623//1623 1607//1607 1740//1740
f 1607//1607 1604//1604 1740//1740
f 1729//1729 1481//1481 1483//1483
f 1483//1483 1479//1479 1742//1742
f 1743//1743 1479//1479 1635//1635
f 1661//1661 1491//1491 1663//1663
f 1705//1705 1704//1704 1507//1507 1689//1689
f 1664//1664 1648//1648 1744//1744
f 1648//1648 1645//1645 1744//1744
f 1728//1728 1498//1498 1500//1500
f 1500//1500 1496//1496 1746//1746
f 1747//1747 1496//1496 1676//1676
f 1702//1702 1507//1507 1704//1704
f 1705//1705 1689//1689 1748//1748
f 1689//1689 1686//1686 1748//1748
f 1727//1727 1512//1512 1514//1514
f 1514//1514 1516//1516 1750//1750
f 1751//1751 1516//1516 1720//1720
f 1727//1727 1537//1537 1512//1512
f 1512//1512 1537//1537 1522//1522
f 1447//1447 1752//1752 1442//1442
f 1447//1447 1458//1458 1752//1752
f 1463//1463 1752//1752 1458//1458
f 1463//1463 1474//1474 1752//1752
f 1495//1495 1752//1752 1490//1490
f 1495//1495 1506//1506 1752//1752
f 1511//1511 1752//1752 1506//1506
f 1511//1511 1442//1442 1752//1752
f 1735//1735 1553//1553 1733//1733
f 1518//1518 1509//1509 1753//1753
f 1502//1502 1753//1753 1509//1509
f 1502//1502 1493//1493 1753//1753
f 1470//1470 1753//1753 1477//1477
f 1470//1470 1461//1461 1753//1753
f 1454//1454 1753//1753 1461//1461
f 1454//1454 1444//1444 1753//1753
f 1518//1518 1753//1753 1444//1444
f 1731//1731 1737//1737 1450//1450
f 1450//1450 1737//1737 1563//1563
f 1739//1739 1594//1594 1570//1570
f 1730//1730 1741//1741 1466//1466
f 1466//1466 1741//1741 1604//1604
f 1743//1743 1635//1635 1611//1611
f 1729//1729 1745//1745 1481//1481
f 1481//1481 1745//1745 1645//1645
f 1747//1747 1676//1676 1652//1652
f 1728//1728 1749//1749 1498//1498
f 1498//1498 1749//1749 1686//1686
f 1751//1751 1720//1720 1693//1693
o SminskiTorso
v 0.046569 -0.937133 -0.021533
v 0.317144 -0.906690 0.024309
v 0.531805 -0.801722 0.014086
v 0.639574 -0.603813 0.019767
v 0.648146 -0.351685 -0.000000
v 0.603275 -0.060018 -0.000000
v 0.581743 0.226643 0.013474
v 0.529393 -0.801722 -0.045732
v 0.634363 -0.603351 -0.071823
v 0.642601 -0.351685 -0.072756
v 0.598114 -0.060018 -0.067719
v 0.601409 0.453315 -0.068092
v 0.249844 0.889996 -0.009027
v 0.313654 -0.906690 -0.047111
v 0.517923 -0.801722 -0.104766
v 0.618035 -0.603351 -0.142418
v 0.626061 -0.351685 -0.144267
v 0.582719 -0.060018 -0.134280
v 0.591825 0.453310 -0.115584
v 0.599685 -0.603813 -0.192226
v 0.598809 -0.351685 -0.213310
v 0.557353 -0.060018 -0.198542
v 0.537393 0.226649 -0.191432
v 0.534322 0.636649 -0.190338
v 0.238614 0.889996 -0.064331
v 0.031924 0.935438 0.000836
v 0.288788 -0.906690 -0.115320
v 0.554115 -0.603351 -0.275130
v 0.561311 -0.351685 -0.278703
v 0.522451 -0.060018 -0.259408
v 0.511638 0.226643 -0.238480
v 0.525330 0.453315 -0.260837
v 0.510089 0.636687 -0.234941
v 0.507617 -0.603351 -0.334977
v 0.514209 -0.351685 -0.339327
v 0.478610 -0.060018 -0.315835
v 0.211123 0.889996 -0.115250
v 0.244242 -0.906690 -0.175670
v 0.376048 -0.801685 -0.323401
v 0.468500 -0.603813 -0.374955
v 0.458309 -0.351685 -0.394146
v 0.426580 -0.060018 -0.366859
v 0.428930 0.453315 -0.368880
v 0.336736 -0.801722 -0.354267
v 0.389508 -0.603351 -0.436550
v 0.394567 -0.351685 -0.442220
v 0.367250 -0.060018 -0.411605
v 0.387708 0.453310 -0.401541
v 0.169245 0.889996 -0.158316
v 0.005283 -0.936962 -0.047043
v 0.183051 -0.906690 -0.224049
v 0.280087 -0.801722 -0.389036
v 0.319918 -0.603351 -0.476539
v 0.324073 -0.351685 -0.482728
v 0.301637 -0.060018 -0.449308
v 0.130571 0.889984 -0.182913
v 0.029031 0.934072 -0.023615
v 0.265989 -0.603813 -0.500600
v 0.248035 -0.351685 -0.514976
v 0.230863 -0.060018 -0.479324
v 0.109386 -0.906690 -0.257159
v 0.137643 -0.801685 -0.441775
v 0.165602 -0.603351 -0.531510
v 0.167753 -0.351685 -0.538413
v 0.156139 -0.060018 -0.501138
v 0.085914 0.889996 -0.201965
v 0.085653 -0.801722 -0.451601
v 0.083515 -0.603351 -0.545552
v 0.084600 -0.351685 -0.552637
v 0.078743 -0.060018 -0.514378
v 0.075923 0.226649 -0.495957
v 0.079177 0.453315 -0.517212
v 0.039240 0.889984 -0.211961
v 0.028266 -0.906690 -0.272744
v 0.016379 -0.801722 -0.457352
v 0.022985 -0.603813 -0.550033
v -0.000000 -0.351685 -0.557406
v -0.000000 -0.060018 -0.518816
v 0.015667 0.226643 -0.500299
v 0.009343 0.933677 -0.035362
v -0.053177 -0.801722 -0.455278
v -0.083515 -0.603351 -0.545552
v -0.084600 -0.351685 -0.552637
v -0.078743 -0.060018 -0.514378
v -0.079177 0.453315 -0.517212
v -0.010496 0.889996 -0.214866
v -0.054780 -0.906690 -0.269742
v -0.121821 -0.801722 -0.445414
v -0.165602 -0.603351 -0.531510
v -0.167753 -0.351685 -0.538413
v -0.156139 -0.060018 -0.501138
v -0.134400 0.453310 -0.508970
v -0.036224 -0.936765 -0.037869
v -0.223519 -0.603813 -0.515729
v -0.248035 -0.351685 -0.514976
v -0.230863 -0.060018 -0.479324
v -0.222595 0.226649 -0.462158
v -0.221323 0.636649 -0.459517
v -0.074803 0.889996 -0.205208
v -0.134093 -0.906690 -0.248358
v -0.319918 -0.603351 -0.476539
v -0.324073 -0.351685 -0.482728
v -0.301637 -0.060018 -0.449308
v -0.277303 0.226643 -0.440008
v -0.303299 0.453315 -0.451784
v -0.273187 0.636687 -0.438676
v -0.389508 -0.603351 -0.436550
v -0.394567 -0.351685 -0.442220
v -0.367250 -0.060018 -0.411605
v -0.134012 0.889996 -0.181566
v -0.014259 0.934072 -0.032103
v -0.204268 -0.906690 -0.210048
v -0.376048 -0.801685 -0.323401
v -0.435994 -0.603813 -0.402910
v -0.458309 -0.351685 -0.394146
v -0.426580 -0.060018 -0.366859
v -0.428930 0.453315 -0.368880
v -0.411938 -0.801722 -0.289593
v -0.507617 -0.603351 -0.334977
v -0.514209 -0.351685 -0.339327
v -0.478610 -0.060018 -0.315835
v -0.466908 0.453310 -0.333429
v -0.184088 0.889996 -0.145551
v -0.054701 -0.936962 -0.004543
v -0.260522 -0.906690 -0.157424
v -0.452367 -0.801722 -0.240874
v -0.554115 -0.603351 -0.275130
v -0.561311 -0.351685 -0.278703
v -0.522451 -0.060018 -0.259408
v -0.212689 0.889984 -0.112291
v -0.582093 -0.603813 -0.228751
v -0.598809 -0.351685 -0.213310
v -0.557353 -0.060018 -0.198542
v -0.299022 -0.906690 -0.094072
v -0.513691 -0.801685 -0.118373
v -0.618035 -0.603351 -0.142418
v -0.626061 -0.351685 -0.144267
v -0.582719 -0.060018 -0.134280
v -0.234843 0.889996 -0.073886
v -0.525117 -0.801722 -0.073661
v -0.634363 -0.603351 -0.071823
v -0.642601 -0.351685 -0.072756
v -0.598114 -0.060018 -0.067719
v -0.576694 0.226649 -0.065294
v -0.601409 0.453315 -0.068092
v -0.246467 0.889984 -0.033746
v -0.317144 -0.906690 -0.024309
v -0.531805 -0.801722 -0.014086
v -0.639574 -0.603813 -0.019767
v -0.648146 -0.351685 0.000000
v -0.603275 -0.060018 0.000000
v -0.581743 0.226643 -0.013474
v -0.029125 0.935438 -0.011279
v -0.529393 -0.801722 0.045732
v -0.634363 -0.603351 0.071823
v -0.642601 -0.351685 0.072756
v -0.598114 -0.060018 0.067719
v -0.601409 0.453315 0.068092
v -0.249844 0.889996 0.009027
v -0.313654 -0.906690 0.047111
v -0.517923 -0.801722 0.104766
v -0.618035 -0.603351 0.142418
v -0.626061 -0.351685 0.144267
v -0.582719 -0.060018 0.134280
v -0.591825 0.453310 0.115584
v -0.044034 -0.936765 0.031153
v -0.599685 -0.603813 0.192226
v -0.598809 -0.351685 0.213310
v -0.557353 -0.060018 0.198542
v -0.537393 0.226649 0.191432
v -0.534322 0.636649 0.190338
v -0.238614 0.889996 0.064331
v -0.288788 -0.906690 0.115320
v -0.554115 -0.603351 0.275130
v -0.561311 -0.351685 0.278703
v -0.522451 -0.060018 0.259408
v -0.511638 0.226643 0.238480
v -0.525330 0.453315 0.260837
v -0.510089 0.636687 0.234941
v -0.507617 -0.603351 0.334977
v -0.514209 -0.351685 0.339327
v -0.478610 -0.060018 0.315835
v -0.211123 0.889996 0.115250
v -0.037329 0.934072 0.012263
v -0.244242 -0.906690 0.175670
v -0.376048 -0.801685 0.323401
v -0.468500 -0.603813 0.374955
v -0.458309 -0.351685 0.394146
v -0.426580 -0.060018 0.366859
v -0.428930 0.453315 0.368880
v -0.336736 -0.801722 0.354267
v -0.389508 -0.603351 0.436550
v -0.394567 -0.351685 0.442220
v -0.367250 -0.060018 0.411605
v -0.387708 0.453310 0.401541
v -0.169245 0.889996 0.158316
v -0.005283 -0.936962 0.047043
v -0.183051 -0.906690 0.224049
v -0.280087 -0.801722 0.389036
v -0.319918 -0.603351 0.476539
v -0.324073 -0.351685 0.482728
v -0.301637 -0.060018 0.449308
v -0.130571 0.889984 0.182913
v -0.265989 -0.603813 0.500600
v -0.248035 -0.351685 0.514976
v -0.230863 -0.060018 0.479324
v -0.109386 -0.906690 0.257159
v -0.137643 -0.801685 0.441775
v -0.165602 -0.603351 0.531510
v -0.167753 -0.351685 0.538413
v -0.156139 -0.060018 0.501138
v -0.085914 0.889996 0.201965
v -0.085653 -0.801722 0.451601
v -0.083515 -0.603351 0.545552
v -0.084600 -0.351685 0.552637
v -0.078743 -0.060018 0.514378
v -0.075923 0.226649 0.495957
v -0.079177 0.453315 0.517212
v -0.039240 0.889984 0.211961
v -0.028266 -0.906690 0.272744
v -0.016379 -0.801722 0.457352
v -0.022985 -0.603813 0.550033
v 0.000000 -0.351685 0.557406
v 0.000000 -0.060018 0.518816
v -0.015667 0.226643 0.500299
v -0.013129 0.935433 0.025068
v 0.053177 -0.801722 0.455278
v 0.083515 -0.603351 0.545552
v 0.084600 -0.351685 0.552637
v 0.078743 -0.060018 0.514378
v 0.079177 0.453315 0.517212
v 0.010496 0.889996 0.214866
v 0.054780 -0.906690 0.269742
v 0.121821 -0.801722 0.445414
v 0.165602 -0.603351 0.531510
v 0.167753 -0.351685 0.538413
v 0.156139 -0.060018 0.501138
v 0.134400 0.453310 0.508970
v 0.040696 -0.937358 0.024920
v 0.223519 -0.603813 0.515729
v 0.248035 -0.351685 0.514976
v 0.230863 -0.060018 0.479324
v 0.222595 0.226649 0.462158
v 0.221323 0.636649 0.459517
v 0.074803 0.889996 0.205208
v 0.134093 -0.906690 0.248358
v 0.319918 -0.603351 0.476539
v 0.324073 -0.351685 0.482728
v 0.301637 -0.060018 0.449308
v 0.277303 0.226643 0.440008
v 0.303299 0.453315 0.451784
v 0.273187 0.636687 0.438676
v 0.389508 -0.603351 0.436550
v 0.394567 -0.351685 0.442220
v 0.367250 -0.060018 0.411605
v 0.134012 0.889996 0.181566
v 0.014259 0.934070 0.032120
v 0.204268 -0.906690 0.210048
v 0.376048 -0.801685 0.323401
v 0.435994 -0.603813 0.402910
v 0.458309 -0.351685 0.394146
v 0.426580 -0.060018 0.366859
v 0.428930 0.453315 0.368880
v 0.411938 -0.801722 0.289593
v 0.507617 -0.603351 0.334977
v 0.514209 -0.351685 0.339327
v 0.478610 -0.060018 0.315835
v 0.466908 0.453310 0.333429
v 0.184088 0.889996 0.145551
v 0.260522 -0.906690 0.157424
v 0.452367 -0.801722 0.240874
v 0.554115 -0.603351 0.275130
v 0.561311 -0.351685 0.278703
v 0.522451 -0.060018 0.259408
v 0.212689 0.889984 0.112291
v 0.033635 0.933459 0.023468
v 0.582093 -0.603813 0.228751
v 0.598809 -0.351685 0.213310
v 0.557353 -0.060018 0.198542
v 0.299022 -0.906690 0.094072
v 0.513691 -0.801685 0.118373
v 0.618035 -0.603351 0.142418
v 0.626061 -0.351685 0.144267
v 0.582719 -0.060018 0.134280
v 0.234843 0.889996 0.073886
v 0.525117 -0.801722 0.073661
v 0.634363 -0.603351 0.071823
v 0.642601 -0.351685 0.072756
v 0.598114 -0.060018 0.067719
v 0.576694 0.226649 0.065294
v 0.601409 0.453315 0.068092
v 0.246467 0.889984 0.033746
v 0.000000 -0.940043 -0.000000
v 0.438972 -0.866081 -0.011194
v 0.433517 -0.866081 -0.060374
v 0.598906 -0.711936 -0.016382
v 0.591295 -0.711936 -0.083471
v 0.638467 -0.603351 -0.035989
v 0.654586 -0.483143 -0.000000
v 0.648986 -0.483143 -0.073479
v 0.646758 -0.351685 -0.036456
v 0.627580 -0.208976 0.000000
v 0.622211 -0.208976 -0.070447
v 0.601983 -0.060018 -0.033932
v 0.585613 0.088346 -0.016502
v 0.578099 0.088346 -0.082098
v 0.580424 0.226649 -0.032717
v 0.593455 0.346992 -0.016735
v 0.585838 0.346991 -0.083207
v 0.606418 0.452579 -0.018823
v 0.604314 0.548732 -0.000000
v 0.595954 0.548738 -0.087656
v 0.578343 0.636687 -0.015874
v 0.524731 0.718360 0.014245
v 0.518079 0.718360 -0.073025
v 0.448690 0.790019 -0.012052
v 0.356719 0.847248 -0.020108
v 0.420645 -0.866081 -0.108521
v 0.578505 -0.711893 -0.133309
v 0.627542 -0.603351 -0.107350
v 0.632282 -0.483143 -0.145701
v 0.635692 -0.351685 -0.108744
v 0.606196 -0.208976 -0.139690
v 0.591682 -0.060018 -0.101216
v 0.560693 0.088346 -0.146288
v 0.574721 0.226644 -0.078660
v 0.573288 0.347482 -0.132106
v 0.577896 0.549136 -0.152527
v 0.570986 0.636687 -0.080658
v 0.506869 0.718315 -0.116801
v 0.443022 0.790019 -0.062315
v 0.347168 0.847504 -0.070254
v 0.155136 -0.927947 -0.070287
v 0.400576 -0.866081 -0.154811
v 0.503589 -0.801685 -0.147013
v 0.560606 -0.711936 -0.181969
v 0.604759 -0.483143 -0.215429
v 0.613749 -0.351685 -0.179172
v 0.579808 -0.208976 -0.206542
v 0.571259 -0.060018 -0.166768
v 0.541040 0.088315 -0.192731
v 0.557865 0.226643 -0.142501
v 0.548333 0.347482 -0.195329
v 0.574406 0.453315 -0.167687
v 0.558313 0.548732 -0.198884
v 0.553859 0.636687 -0.144062
v 0.491127 0.718360 -0.159532
v 0.429774 0.790019 -0.111512
v 0.333535 0.847504 -0.108624
v 0.119170 0.917945 -0.054340
v 0.373652 -0.866081 -0.198452
v 0.485056 -0.801722 -0.188034
v 0.509143 -0.711936 -0.271717
v 0.573852 -0.603351 -0.243373
v 0.566888 -0.483143 -0.281472
v 0.581304 -0.351685 -0.246534
v 0.543500 -0.208976 -0.269860
v 0.541060 -0.060018 -0.229466
v 0.516751 0.088346 -0.237522
v 0.513996 0.347482 -0.255210
v 0.551882 0.452579 -0.216966
v 0.512301 0.549136 -0.275961
v 0.462712 0.718361 -0.213297
v 0.409173 0.790019 -0.158802
v 0.308699 0.847746 -0.153275
v 0.340336 -0.866081 -0.238698
v 0.452368 -0.801722 -0.240874
v 0.463547 -0.711936 -0.326545
v 0.532005 -0.603351 -0.305708
v 0.519318 -0.483143 -0.342699
v 0.538914 -0.351685 -0.309678
v 0.497893 -0.208976 -0.328560
v 0.501604 -0.060018 -0.288239
v 0.476280 0.088346 -0.293496
v 0.483640 0.226649 -0.277916
v 0.470864 0.347482 -0.310724
v 0.504368 0.453315 -0.289827
v 0.479434 0.548732 -0.316379
v 0.480877 0.636649 -0.276328
v 0.426380 0.718361 -0.263413
v 0.381570 0.790019 -0.203374
v 0.276152 0.847504 -0.194099
v 0.120178 -0.927940 -0.109140
v 0.301196 -0.866081 -0.274859
v 0.411939 -0.801722 -0.289593
v 0.410020 -0.711936 -0.375785
v 0.462862 -0.483143 -0.398062
v 0.487302 -0.351685 -0.367523
v 0.443766 -0.208976 -0.381639
v 0.453566 -0.060018 -0.342079
v 0.400522 0.088346 -0.367788
v 0.451989 0.226643 -0.315253
v 0.419676 0.347482 -0.360921
v 0.467781 0.452579 -0.332414
v 0.411794 0.549136 -0.380588
v 0.447594 0.636687 -0.315376
v 0.382753 0.718361 -0.309022
v 0.347439 0.790019 -0.244466
v 0.244331 0.847504 -0.223437
v 0.092279 0.917915 -0.084212
v 0.256902 -0.866081 -0.306318
v 0.349478 -0.711936 -0.418597
v 0.421873 -0.603351 -0.413707
v 0.398487 -0.483143 -0.446614
v 0.427352 -0.351685 -0.419080
v 0.382047 -0.208976 -0.428188
v 0.397766 -0.060018 -0.390066
v 0.341275 0.088346 -0.409600
v 0.400276 0.226643 -0.363292
v 0.361307 0.347482 -0.404943
v 0.367883 0.548732 -0.412313
v 0.395898 0.636687 -0.362922
v 0.332576 0.718361 -0.349344
v 0.307363 0.790019 -0.281376
v 0.208329 0.847504 -0.248952
v 0.073324 -0.927947 -0.136981
v 0.208213 -0.866081 -0.332535
v 0.282956 -0.711936 -0.454245
v 0.355474 -0.603351 -0.457524
v 0.327293 -0.483143 -0.487524
v 0.360091 -0.351685 -0.463466
v 0.313790 -0.208976 -0.467410
v 0.335161 -0.060018 -0.431380
v 0.276188 0.088346 -0.444405
v 0.341712 0.226643 -0.405116
v 0.296756 0.347482 -0.442036
v 0.337008 0.453315 -0.433756
v 0.302157 0.548732 -0.450082
v 0.337430 0.636687 -0.404257
v 0.276710 0.718361 -0.383687
v 0.262028 0.790019 -0.313471
v 0.168762 0.847504 -0.270207
v 0.056079 0.917945 -0.105501
v 0.155962 -0.866081 -0.353063
v 0.235214 -0.801685 -0.410192
v 0.211592 -0.711936 -0.482122
v 0.250499 -0.483143 -0.520093
v 0.286668 -0.351685 -0.499922
v 0.240165 -0.208976 -0.498635
v 0.266821 -0.060018 -0.465312
v 0.206376 0.088346 -0.471606
v 0.277303 0.226643 -0.440008
v 0.227127 0.347482 -0.471566
v 0.282996 0.453310 -0.461712
v 0.231261 0.548732 -0.480149
v 0.273186 0.636687 -0.438676
v 0.216109 0.718361 -0.411466
v 0.212209 0.790019 -0.340202
v 0.126308 0.847504 -0.286840
v 0.101041 -0.866081 -0.367549
v 0.188381 -0.801722 -0.427929
v 0.155010 -0.711893 -0.497514
v 0.205669 -0.603351 -0.521057
v 0.169419 -0.483143 -0.543763
v 0.208340 -0.351685 -0.527824
v 0.162430 -0.208976 -0.521329
v 0.193916 -0.060018 -0.491282
v 0.133032 0.088346 -0.490738
v 0.208148 0.226643 -0.467372
v 0.153612 0.347482 -0.493027
v 0.210499 0.453310 -0.489529
v 0.156408 0.548732 -0.502001
v 0.204269 0.636687 -0.465589
v 0.151810 0.718360 -0.432205
v 0.158759 0.790019 -0.361113
v 0.081692 0.847504 -0.298564
v 0.018088 -0.927940 -0.149503
v 0.044392 -0.866081 -0.375747
v 0.097058 -0.711936 -0.508514
v 0.124826 -0.603351 -0.539686
v 0.085441 -0.483143 -0.558128
v 0.126447 -0.351685 -0.546695
v 0.081916 -0.208976 -0.535102
v 0.117693 -0.060018 -0.508847
v 0.057413 0.088345 -0.501473
v 0.135433 0.226644 -0.486739
v 0.096754 0.346990 -0.503820
v 0.135811 0.452579 -0.508621
v 0.057295 0.549136 -0.517529
v 0.131857 0.636687 -0.484536
v 0.084913 0.718360 -0.445548
v 0.102594 0.790019 -0.375844
v 0.035678 0.847504 -0.305180
v -0.003946 0.918020 -0.116220
v -0.013017 -0.866081 -0.377516
v -0.019049 -0.711936 -0.515059
v -0.000000 -0.483143 -0.562944
v 0.042391 -0.351685 -0.556212
v 0.000000 -0.208976 -0.539719
v 0.039456 -0.060018 -0.517705
v -0.019189 0.088346 -0.503627
v -0.019459 0.346992 -0.510371
v 0.039673 0.453315 -0.520558
v -0.000000 0.548732 -0.519710
v 0.057188 0.636687 -0.495192
v 0.016564 0.718360 -0.451268
v 0.044672 0.790019 -0.384145
v -0.023381 0.847248 -0.306778
v -0.038792 -0.927947 -0.147062
v -0.070203 -0.866081 -0.372825
v -0.097059 -0.711936 -0.508514
v -0.041847 -0.603351 -0.549081
v -0.085441 -0.483143 -0.558128
v -0.042391 -0.351685 -0.556212
v -0.081916 -0.208976 -0.535102
v -0.039456 -0.060018 -0.517705
v -0.095463 0.088346 -0.497165
v -0.038043 0.226649 -0.499165
v -0.096753 0.346991 -0.503821
v -0.021887 0.452579 -0.521520
v -0.101925 0.548738 -0.512521
v -0.018458 0.636687 -0.497375
v -0.084913 0.718360 -0.445548
v -0.014015 0.790019 -0.385873
v -0.126188 -0.866081 -0.361755
v -0.155010 -0.711893 -0.497514
v -0.124826 -0.603351 -0.539686
v -0.169419 -0.483143 -0.543762
v -0.126447 -0.351685 -0.546695
v -0.162430 -0.208976 -0.521329
v -0.117693 -0.060018 -0.508847
v -0.170102 0.088346 -0.482196
v -0.091465 0.226644 -0.494260
v -0.172392 0.346992 -0.488650
v -0.177357 0.549136 -0.496991
v -0.093788 0.636687 -0.491048
v -0.135815 0.718315 -0.435907
v -0.072459 0.790019 -0.380999
v -0.081691 0.847504 -0.298564
v -0.180012 -0.866081 -0.344495
v -0.170945 -0.801685 -0.433086
v -0.211592 -0.711936 -0.482121
v -0.250499 -0.483143 -0.520093
v -0.208340 -0.351685 -0.527824
v -0.240165 -0.208976 -0.498635
v -0.193916 -0.060018 -0.491282
v -0.224106 0.088315 -0.465294
v -0.165699 0.226643 -0.479764
v -0.227127 0.347482 -0.471566
v -0.194985 0.453315 -0.493989
v -0.231261 0.548732 -0.480149
v -0.167514 0.636687 -0.476319
v -0.185502 0.718360 -0.422369
v -0.129666 0.790019 -0.369606
v -0.126307 0.847504 -0.286840
v -0.063187 0.917945 -0.102487
v -0.110858 -0.927962 -0.117657
v -0.230759 -0.866081 -0.321341
v -0.218644 -0.801722 -0.417148
v -0.315950 -0.711936 -0.437863
v -0.282992 -0.603351 -0.493513
v -0.327293 -0.483143 -0.487524
v -0.286668 -0.351685 -0.499922
v -0.313790 -0.208976 -0.467410
v -0.266821 -0.060018 -0.465312
v -0.276188 0.088346 -0.444406
v -0.296756 0.347482 -0.442036
v -0.252286 0.452579 -0.474619
v -0.320884 0.549136 -0.440579
v -0.248020 0.718361 -0.397932
v -0.184654 0.790019 -0.351888
v -0.178226 0.847746 -0.265481
v -0.277556 -0.866081 -0.292689
v -0.280086 -0.801722 -0.389036
v -0.379703 -0.711936 -0.398651
v -0.355474 -0.603351 -0.457524
v -0.398487 -0.483143 -0.446614
v -0.360091 -0.351685 -0.463466
v -0.382047 -0.208976 -0.428188
v -0.335161 -0.060018 -0.431380
v -0.341274 0.088346 -0.409601
v -0.323158 0.226649 -0.415931
v -0.361307 0.347482 -0.404943
v -0.337008 0.453315 -0.433756
v -0.367883 0.548732 -0.412313
v -0.321312 0.636649 -0.413554
v -0.306295 0.718361 -0.366687
v -0.236481 0.790019 -0.328150
v -0.225696 0.847504 -0.237491
v -0.319604 -0.866081 -0.259028
v -0.336736 -0.801722 -0.354267
v -0.436960 -0.711936 -0.352618
v -0.462862 -0.483143 -0.398062
v -0.427352 -0.351685 -0.419080
v -0.443766 -0.208976 -0.381639
v -0.397766 -0.060018 -0.390066
v -0.427660 0.088346 -0.344449
v -0.366573 0.226643 -0.388711
v -0.419676 0.347482 -0.360921
v -0.386527 0.452579 -0.402291
v -0.442544 0.549136 -0.354143
v -0.366716 0.636687 -0.384931
v -0.359328 0.718361 -0.329167
v -0.284263 0.790019 -0.298797
v -0.259810 0.847504 -0.210124
v -0.097921 0.917915 -0.079360
v -0.356184 -0.866081 -0.220936
v -0.486740 -0.711936 -0.300551
v -0.481054 -0.603351 -0.362811
v -0.519318 -0.483143 -0.342699
v -0.487302 -0.351685 -0.367523
v -0.497893 -0.208976 -0.328560
v -0.453566 -0.060018 -0.342079
v -0.476280 0.088346 -0.293497
v -0.422433 0.226643 -0.344237
v -0.470864 0.347482 -0.310724
v -0.479434 0.548732 -0.316379
v -0.422002 0.636687 -0.340472
v -0.406214 0.718361 -0.286015
v -0.327181 0.790019 -0.264332
v -0.289479 0.847504 -0.179163
v -0.159280 -0.927947 -0.063059
v -0.386669 -0.866081 -0.179063
v -0.528192 -0.711936 -0.243342
v -0.532005 -0.603351 -0.305708
v -0.566888 -0.483143 -0.281472
v -0.538914 -0.351685 -0.309678
v -0.543500 -0.208976 -0.269860
v -0.501604 -0.060018 -0.288239
v -0.516750 0.088346 -0.237522
v -0.471066 0.226643 -0.293872
v -0.513996 0.347482 -0.255210
v -0.504368 0.453315 -0.289827
v -0.523351 0.548732 -0.259855
v -0.470067 0.636687 -0.290189
v -0.446148 0.718361 -0.237970
v -0.364501 0.790019 -0.225344
v -0.314194 0.847504 -0.145135
v -0.122676 0.917945 -0.048228
v -0.410538 -0.866081 -0.134127
v -0.476968 -0.801685 -0.202284
v -0.560606 -0.711936 -0.181969
v -0.604759 -0.483143 -0.215429
v -0.581304 -0.351685 -0.246534
v -0.579808 -0.208976 -0.206542
v -0.541060 -0.060018 -0.229466
v -0.548379 0.088346 -0.177484
v -0.511638 0.226643 -0.238480
v -0.548333 0.347482 -0.195329
v -0.536874 0.453310 -0.243377
v -0.558313 0.548732 -0.198884
v -0.510089 0.636687 -0.234940
v -0.478449 0.718361 -0.185854
v -0.395584 0.790019 -0.182500
v -0.333534 0.847504 -0.108625
v -0.427383 -0.866081 -0.086895
v -0.497591 -0.801722 -0.162007
v -0.578505 -0.711893 -0.133309
v -0.605880 -0.603351 -0.176875
v -0.632282 -0.483143 -0.145701
v -0.613749 -0.351685 -0.179172
v -0.606196 -0.208976 -0.139690
v -0.571259 -0.060018 -0.166768
v -0.570626 0.088346 -0.114407
v -0.543456 0.226643 -0.179008
v -0.573288 0.347482 -0.132106
v -0.569219 0.453310 -0.181029
v -0.583722 0.548732 -0.134511
v -0.541383 0.636687 -0.175672
v -0.502564 0.718360 -0.130557
v -0.419898 0.790019 -0.136533
v -0.347167 0.847504 -0.070255
v -0.173841 -0.927940 -0.015555
v -0.436915 -0.866081 -0.038177
v -0.591295 -0.711936 -0.083470
v -0.627542 -0.603351 -0.107350
v -0.648986 -0.483143 -0.073479
v -0.635692 -0.351685 -0.108744
v -0.622211 -0.208976 -0.070447
v -0.591683 -0.060018 -0.101216
v -0.583108 0.088345 -0.049375
v -0.565975 0.226644 -0.116472
v -0.585838 0.346990 -0.083208
v -0.591420 0.452579 -0.116798
v -0.601778 0.549136 -0.049274
v -0.563414 0.636687 -0.113397
v -0.518079 0.718360 -0.073026
v -0.437028 0.790019 -0.088230
v -0.354860 0.847504 -0.030683
v -0.135140 0.918020 0.003393
v -0.438972 -0.866081 0.011194
v -0.598906 -0.711936 0.016382
v -0.654586 -0.483143 0.000000
v -0.646758 -0.351685 -0.036456
v -0.627580 -0.208976 -0.000000
v -0.601983 -0.060018 -0.033932
v -0.585613 0.088346 0.016502
v -0.593455 0.346992 0.016735
v -0.605299 0.453315 -0.034119
v -0.604314 0.548732 0.000000
v -0.575804 0.636687 -0.049182
v -0.524731 0.718360 -0.014245
v -0.446681 0.790019 -0.038418
v -0.356719 0.847248 0.020108
v -0.171003 -0.927947 0.033361
v -0.433517 -0.866081 0.060374
v -0.591295 -0.711936 0.083471
v -0.638467 -0.603351 0.035989
v -0.648986 -0.483143 0.073479
v -0.646758 -0.351685 0.036456
v -0.622211 -0.208976 0.070447
v -0.601983 -0.060018 0.033932
v -0.578099 0.088346 0.082098
v -0.580424 0.226649 0.032717
v -0.585838 0.346991 0.083207
v -0.606418 0.452579 0.018823
v -0.595954 0.548738 0.087656
v -0.578343 0.636687 0.015874
v -0.518079 0.718360 0.073025
v -0.448690 0.790019 0.012052
v -0.420645 -0.866081 0.108521
v -0.578505 -0.711893 0.133309
v -0.627542 -0.603351 0.107350
v -0.632282 -0.483143 0.145701
v -0.635692 -0.351685 0.108744
v -0.606196 -0.208976 0.139690
v -0.591682 -0.060018 0.101216
v -0.560693 0.088346 0.146288
v -0.574721 0.226644 0.078660
v -0.573288 0.347482 0.132106
v -0.577896 0.549136 0.152527
v -0.570986 0.636687 0.080658
v -0.506869 0.718315 0.116801
v -0.443022 0.790019 0.062315
v -0.347168 0.847504 0.070254
v -0.400576 -0.866081 0.154811
v -0.503589 -0.801685 0.147013
v -0.560606 -0.711936 0.181969
v -0.604759 -0.483143 0.215429
v -0.613749 -0.351685 0.179172
v -0.579808 -0.208976 0.206542
v -0.571259 -0.060018 0.166768
v -0.541040 0.088315 0.192731
v -0.557865 0.226643 0.142501
v -0.548333 0.347482 0.195329
v -0.574406 0.453315 0.167687
v -0.558313 0.548732 0.198884
v -0.553859 0.636687 0.144062
v -0.491127 0.718360 0.159532
v -0.429774 0.790019 0.111512
v -0.333535 0.847504 0.108624
v -0.119170 0.917945 0.054340
v -0.136810 -0.927962 0.095338
v -0.373652 -0.866081 0.198452
v -0.485056 -0.801722 0.188034
v -0.509143 -0.711936 0.271717
v -0.573852 -0.603351 0.243373
v -0.566888 -0.483143 0.281472
v -0.581304 -0.351685 0.246534
v -0.543500 -0.208976 0.269860
v -0.541060 -0.060018 0.229466
v -0.516751 0.088346 0.237522
v -0.513996 0.347482 0.255210
v -0.551882 0.452579 0.216966
v -0.512301 0.549136 0.275961
v -0.462712 0.718361 0.213297
v -0.409173 0.790019 0.158802
v -0.308699 0.847746 0.153275
v -0.340336 -0.866081 0.238698
v -0.452368 -0.801722 0.240874
v -0.463547 -0.711936 0.326545
v -0.532005 -0.603351 0.305708
v -0.519318 -0.483143 0.342699
v -0.538914 -0.351685 0.309678
v -0.497893 -0.208976 0.328560
v -0.501604 -0.060018 0.288239
v -0.476280 0.088346 0.293496
v -0.483640 0.226649 0.277916
v -0.470864 0.347482 0.310724
v -0.504368 0.453315 0.289827
v -0.479434 0.548732 0.316379
v -0.480877 0.636649 0.276328
v -0.426380 0.718361 0.263413
v -0.381570 0.790019 0.203374
v -0.276152 0.847504 0.194099
v -0.301196 -0.866081 0.274859
v -0.411939 -0.801722 0.289593
v -0.410020 -0.711936 0.375785
v -0.462862 -0.483143 0.398062
v -0.487302 -0.351685 0.367523
v -0.443766 -0.208976 0.381639
v -0.453566 -0.060018 0.342079
v -0.400522 0.088346 0.367788
v -0.451989 0.226643 0.315253
v -0.419676 0.347482 0.360921
v -0.467781 0.452579 0.332414
v -0.411794 0.549136 0.380588
v -0.447594 0.636687 0.315376
v -0.382753 0.718361 0.309022
v -0.347439 0.790019 0.244466
v -0.244331 0.847504 0.223437
v -0.092279 0.917915 0.084212
v -0.256902 -0.866081 0.306318
v -0.349478 -0.711936 0.418597
v -0.421873 -0.603351 0.413707
v -0.398487 -0.483143 0.446614
v -0.427352 -0.351685 0.419080
v -0.382047 -0.208976 0.428188
v -0.397766 -0.060018 0.390066
v -0.341275 0.088346 0.409600
v -0.400276 0.226643 0.363292
v -0.361307 0.347482 0.404943
v -0.367883 0.548732 0.412313
v -0.395898 0.636687 0.362922
v -0.332576 0.718361 0.349344
v -0.307363 0.790019 0.281376
v -0.208329 0.847504 0.248952
v -0.073324 -0.927947 0.136981
v -0.208213 -0.866081 0.332535
v -0.282956 -0.711936 0.454245
v -0.355474 -0.603351 0.457524
v -0.327293 -0.483143 0.487524
v -0.360091 -0.351685 0.463466
v -0.313790 -0.208976 0.467410
v -0.335161 -0.060018 0.431380
v -0.276188 0.088346 0.444405
v -0.341712 0.226643 0.405116
v -0.296756 0.347482 0.442036
v -0.337008 0.453315 0.433756
v -0.302157 0.548732 0.450082
v -0.337430 0.636687 0.404257
v -0.276710 0.718361 0.383687
v -0.262028 0.790019 0.313471
v -0.168762 0.847504 0.270207
v -0.056079 0.917945 0.105501
v -0.155962 -0.866081 0.353063
v -0.235214 -0.801685 0.410192
v -0.211592 -0.711936 0.482122
v -0.250499 -0.483143 0.520093
v -0.286668 -0.351685 0.499922
v -0.240165 -0.208976 0.498635
v -0.266821 -0.060018 0.465312
v -0.206376 0.088346 0.471606
v -0.277303 0.226643 0.440008
v -0.227127 0.347482 0.471566
v -0.282996 0.453310 0.461712
v -0.231261 0.548732 0.480149
v -0.273186 0.636687 0.438676
v -0.216109 0.718361 0.411466
v -0.212209 0.790019 0.340202
v -0.126308 0.847504 0.286840
v -0.101041 -0.866081 0.367549
v -0.188381 -0.801722 0.427929
v -0.155010 -0.711893 0.497514
v -0.205669 -0.603351 0.521057
v -0.169419 -0.483143 0.543763
v -0.208340 -0.351685 0.527824
v -0.162430 -0.208976 0.521329
v -0.193916 -0.060018 0.491282
v -0.133032 0.088346 0.490738
v -0.208148 0.226643 0.467372
v -0.153612 0.347482 0.493027
v -0.210499 0.453310 0.489529
v -0.156408 0.548732 0.502001
v -0.204269 0.636687 0.465589
v -0.151810 0.718360 0.432205
v -0.158759 0.790019 0.361113
v -0.081692 0.847504 0.298564
v -0.018088 -0.927940 0.149503
v -0.044392 -0.866081 0.375747
v -0.097058 -0.711936 0.508514
v -0.124826 -0.603351 0.539686
v -0.085441 -0.483143 0.558128
v -0.126447 -0.351685 0.546695
v -0.081916 -0.208976 0.535102
v -0.117693 -0.060018 0.508847
v -0.057413 0.088345 0.501473
v -0.135433 0.226644 0.486739
v -0.096754 0.346990 0.503820
v -0.135811 0.452579 0.508621
v -0.057295 0.549136 0.517529
v -0.131857 0.636687 0.484536
v -0.084913 0.718360 0.445548
v -0.102594 0.790019 0.375844
v -0.035678 0.847504 0.305180
v 0.003946 0.918020 0.116220
v 0.013017 -0.866081 0.377516
v 0.019049 -0.711936 0.515059
v 0.000000 -0.483143 0.562944
v -0.042391 -0.351685 0.556212
v -0.000000 -0.208976 0.539719
v -0.039456 -0.060018 0.517705
v 0.019189 0.088346 0.503627
v 0.019459 0.346992 0.510371
v -0.039673 0.453315 0.520558
v 0.000000 0.548732 0.519710
v -0.057188 0.636687 0.495192
v -0.016564 0.718360 0.451268
v -0.044672 0.790019 0.384145
v 0.023381 0.847248 0.306778
v 0.038792 -0.927947 0.147062
v 0.070203 -0.866081 0.372825
v 0.097059 -0.711936 0.508514
v 0.041847 -0.603351 0.549081
v 0.085441 -0.483143 0.558128
v 0.042391 -0.351685 0.556212
v 0.081916 -0.208976 0.535102
v 0.039456 -0.060018 0.517705
v 0.095463 0.088346 0.497165
v 0.038043 0.226649 0.499165
v 0.096753 0.346991 0.503821
v 0.021887 0.452579 0.521520
v 0.101925 0.548738 0.512521
v 0.018458 0.636687 0.497375
v 0.084913 0.718360 0.445548
v 0.014015 0.790019 0.385873
v 0.126188 -0.866081 0.361755
v 0.155010 -0.711893 0.497514
v 0.124826 -0.603351 0.539686
v 0.169419 -0.483143 0.543762
v 0.126447 -0.351685 0.546695
v 0.162430 -0.208976 0.521329
v 0.117693 -0.060018 0.508847
v 0.170102 0.088346 0.482196
v 0.091465 0.226644 0.494260
v 0.172392 0.346992 0.488650
v 0.177357 0.549136 0.496991
v 0.093788 0.636687 0.491048
v 0.135815 0.718315 0.435907
v 0.072459 0.790019 0.380999
v 0.081691 0.847504 0.298564
v 0.180012 -0.866081 0.344495
v 0.170945 -0.801685 0.433086
v 0.211592 -0.711936 0.482121
v 0.250499 -0.483143 0.520093
v 0.208340 -0.351685 0.527824
v 0.240165 -0.208976 0.498635
v 0.193916 -0.060018 0.491282
v 0.224106 0.088315 0.465294
v 0.165699 0.226643 0.479764
v 0.227127 0.347482 0.471566
v 0.194985 0.453315 0.493989
v 0.231261 0.548732 0.480149
v 0.167514 0.636687 0.476319
v 0.185502 0.718360 0.422369
v 0.129666 0.790019 0.369606
v 0.126307 0.847504 0.286840
v 0.063187 0.917945 0.102487
v 0.110858 -0.927962 0.117657
v 0.230759 -0.866081 0.321341
v 0.218644 -0.801722 0.417148
v 0.315950 -0.711936 0.437863
v 0.282992 -0.603351 0.493513
v 0.327293 -0.483143 0.487524
v 0.286668 -0.351685 0.499922
v 0.313790 -0.208976 0.467410
v 0.266821 -0.060018 0.465312
v 0.276188 0.088346 0.444406
v 0.296756 0.347482 0.442036
v 0.252286 0.452579 0.474619
v 0.320884 0.549136 0.440579
v 0.248020 0.718361 0.397932
v 0.184654 0.790019 0.351888
v 0.178226 0.847746 0.265481
v 0.277556 -0.866081 0.292689
v 0.280086 -0.801722 0.389036
v 0.379703 -0.711936 0.398651
v 0.355474 -0.603351 0.457524
v 0.398487 -0.483143 0.446614
v 0.360091 -0.351685 0.463466
v 0.382047 -0.208976 0.428188
v 0.335161 -0.060018 0.431380
v 0.341274 0.088346 0.409601
v 0.323158 0.226649 0.415931
v 0.361307 0.347482 0.404943
v 0.337008 0.453315 0.433756
v 0.367883 0.548732 0.412313
v 0.321312 0.636649 0.413554
v 0.306295 0.718361 0.366687
v 0.236481 0.790019 0.328150
v 0.225696 0.847504 0.237491
v 0.319604 -0.866081 0.259028
v 0.336736 -0.801722 0.354267
v 0.436960 -0.711936 0.352618
v 0.462862 -0.483143 0.398062
v 0.427352 -0.351685 0.419080
v 0.443766 -0.208976 0.381639
v 0.397766 -0.060018 0.390066
v 0.427660 0.088346 0.344449
v 0.366573 0.226643 0.388711
v 0.419676 0.347482 0.360921
v 0.386527 0.452579 0.402291
v 0.442544 0.549136 0.354143
v 0.366716 0.636687 0.384931
v 0.359328 0.718361 0.329167
v 0.284263 0.790019 0.298797
v 0.259810 0.847504 0.210124
v 0.097921 0.917915 0.079360
v 0.356184 -0.866081 0.220936
v 0.486740 -0.711936 0.300551
v 0.481054 -0.603351 0.362811
v 0.519318 -0.483143 0.342699
v 0.487302 -0.351685 0.367523
v 0.497893 -0.208976 0.328560
v 0.453566 -0.060018 0.342079
v 0.476280 0.088346 0.293497
v 0.422433 0.226643 0.344237
v 0.470864 0.347482 0.310724
v 0.479434 0.548732 0.316379
v 0.422002 0.636687 0.340472
v 0.406214 0.718361 0.286015
v 0.327181 0.790019 0.264332
v 0.289479 0.847504 0.179163
v 0.159280 -0.927947 0.063059
v 0.386669 -0.866081 0.179063
v 0.528192 -0.711936 0.243342
v 0.532005 -0.603351 0.305708
v 0.566888 -0.483143 0.281472
v 0.538914 -0.351685 0.309678
v 0.543500 -0.208976 0.269860
v 0.501604 -0.060018 0.288239
v 0.516750 0.088346 0.237522
v 0.471066 0.226643 0.293872
v 0.513996 0.347482 0.255210
v 0.504368 0.453315 0.289827
v 0.523351 0.548732 0.259855
v 0.470067 0.636687 0.290189
v 0.446148 0.718361 0.237970
v 0.364501 0.790019 0.225344
v 0.314194 0.847504 0.145135
v 0.122676 0.917945 0.048228
v 0.410538 -0.866081 0.134127
v 0.476968 -0.801685 0.202284
v 0.560606 -0.711936 0.181969
v 0.604759 -0.483143 0.215429
v 0.581304 -0.351685 0.246534
v 0.579808 -0.208976 0.206542
v 0.541060 -0.060018 0.229466
v 0.548379 0.088346 0.177484
v 0.511638 0.226643 0.238480
v 0.548333 0.347482 0.195329
v 0.536874 0.453310 0.243377
v 0.558313 0.548732 0.198884
v 0.510089 0.636687 0.234940
v 0.478449 0.718361 0.185854
v 0.395584 0.790019 0.182500
v 0.333534 0.847504 0.108625
v 0.427383 -0.866081 0.086895
v 0.497591 -0.801722 0.162007
v 0.578505 -0.711893 0.133309
v 0.605880 -0.603351 0.176875
v 0.632282 -0.483143 0.145701
v 0.613749 -0.351685 0.179172
v 0.606196 -0.208976 0.139690
v 0.571259 -0.060018 0.166768
v 0.570626 0.088346 0.114407
v 0.543456 0.226643 0.179008
v 0.573288 0.347482 0.132106
v 0.569219 0.453310 0.181029
v 0.583722 0.548732 0.134511
v 0.541383 0.636687 0.175672
v 0.502564 0.718360 0.130557
v 0.419898 0.790019 0.136533
v 0.347167 0.847504 0.070255
v 0.176025 -0.927962 -0.004012
v 0.436915 -0.866081 0.038177
v 0.591295 -0.711936 0.083470
v 0.627542 -0.603351 0.107350
v 0.648986 -0.483143 0.073479
v 0.635692 -0.351685 0.108744
v 0.622211 -0.208976 0.070447
v 0.591683 -0.060018 0.101216
v 0.583108 0.088345 0.049375
v 0.565975 0.226644 0.116472
v 0.585838 0.346990 0.083208
v 0.591420 0.452579 0.116798
v 0.601778 0.549136 0.049274
v 0.563414 0.636687 0.113397
v 0.518079 0.718360 0.073026
v 0.437028 0.790019 0.088230
v 0.354860 0.847504 0.030683
v 0.135140 0.918020 -0.003393
v 0.646758 -0.351685 0.036456
v 0.601983 -0.060018 0.033932
v 0.605299 0.453315 0.034119
v 0.575804 0.636687 0.049182
v 0.446681 0.790019 0.038418
v 0.000000 0.940043 0.000001
v 0.653184 -0.483143 -0.036818
v 0.626236 -0.208976 -0.035299
v 0.603019 0.548732 -0.033991
v 0.523625 0.718315 -0.029515
v 0.642008 -0.483143 -0.109825
v 0.615521 -0.208976 -0.105294
v 0.619847 -0.483143 -0.180952
v 0.594274 -0.208976 -0.173487
v 0.562013 0.347482 -0.164069
v 0.537148 -0.711893 -0.227807
v 0.587080 -0.483143 -0.248984
v 0.562859 -0.208976 -0.238711
v 0.532303 0.347482 -0.225753
v 0.541992 0.548732 -0.229862
v 0.544268 -0.483143 -0.312755
v 0.521814 -0.208976 -0.299852
v 0.493486 0.347482 -0.283574
v 0.492144 -0.483143 -0.371175
v 0.471839 -0.208976 -0.355861
v 0.440290 0.088316 -0.332066
v 0.446225 0.347482 -0.336543
v 0.454347 0.548732 -0.342668
v 0.431598 -0.483143 -0.423244
v 0.413792 -0.208976 -0.405782
v 0.391329 0.347482 -0.383753
v 0.363668 -0.483143 -0.468071
v 0.348665 -0.208976 -0.448760
v 0.329737 0.347482 -0.424398
v 0.335738 0.548732 -0.432122
v 0.289516 -0.483143 -0.504889
v 0.277571 -0.208976 -0.484059
v 0.262503 0.347482 -0.457781
v 0.267281 0.548732 -0.466113
v 0.210410 -0.483143 -0.533068
v 0.201729 -0.208976 -0.511076
v 0.190778 0.347482 -0.483331
v 0.194250 0.548732 -0.492128
v 0.127703 -0.483143 -0.552127
v 0.122435 -0.208976 -0.529348
v 0.117896 0.548732 -0.509723
v 0.039171 -0.711893 -0.513961
v 0.042812 -0.483143 -0.561739
v 0.041046 -0.208976 -0.538563
v 0.038817 0.347482 -0.509326
v -0.042812 -0.483143 -0.561739
v -0.041046 -0.208976 -0.538563
v -0.039524 0.548732 -0.518596
v -0.034320 0.718315 -0.450318
v -0.127703 -0.483143 -0.552127
v -0.122435 -0.208976 -0.529348
v -0.210410 -0.483143 -0.533068
v -0.201729 -0.208976 -0.511076
v -0.264892 -0.711893 -0.461947
v -0.289516 -0.483143 -0.504889
v -0.277571 -0.208976 -0.484059
v -0.262503 0.347482 -0.457781
v -0.267281 0.548732 -0.466113
v -0.363668 -0.483143 -0.468071
v -0.348665 -0.208976 -0.448760
v -0.329737 0.347482 -0.424398
v -0.431598 -0.483143 -0.423244
v -0.413792 -0.208976 -0.405782
v -0.386124 0.088316 -0.378649
v -0.391329 0.347482 -0.383753
v -0.398451 0.548732 -0.390738
v -0.492144 -0.483143 -0.371175
v -0.471839 -0.208976 -0.355861
v -0.446225 0.347482 -0.336543
v -0.544268 -0.483143 -0.312755
v -0.521813 -0.208976 -0.299852
v -0.493486 0.347482 -0.283574
v -0.502468 0.548732 -0.288735
v -0.587080 -0.483143 -0.248984
v -0.562859 -0.208976 -0.238711
v -0.532303 0.347482 -0.225753
v -0.541992 0.548732 -0.229862
v -0.619847 -0.483143 -0.180952
v -0.594274 -0.208976 -0.173487
v -0.562013 0.347482 -0.164069
v -0.572242 0.548732 -0.167055
v -0.642008 -0.483143 -0.109825
v -0.615521 -0.208976 -0.105294
v -0.592701 0.548732 -0.101390
v -0.597629 -0.711893 -0.033687
v -0.653184 -0.483143 -0.036818
v -0.626236 -0.208976 -0.035299
v -0.592240 0.347482 -0.033383
v -0.653184 -0.483143 0.036818
v -0.626236 -0.208976 0.035299
v -0.603019 0.548732 0.033991
v -0.523625 0.718315 0.029515
v -0.642008 -0.483143 0.109825
v -0.615521 -0.208976 0.105294
v -0.619847 -0.483143 0.180952
v -0.594274 -0.208976 0.173487
v -0.562013 0.347482 0.164069
v -0.537148 -0.711893 0.227807
v -0.587080 -0.483143 0.248984
v -0.562859 -0.208976 0.238711
v -0.532303 0.347482 0.225753
v -0.541992 0.548732 0.229862
v -0.544268 -0.483143 0.312755
v -0.521814 -0.208976 0.299852
v -0.493486 0.347482 0.283574
v -0.492144 -0.483143 0.371175
v -0.471839 -0.208976 0.355861
v -0.440290 0.088316 0.332066
v -0.446225 0.347482 0.336543
v -0.454347 0.548732 0.342668
v -0.431598 -0.483143 0.423244
v -0.413792 -0.208976 0.405782
v -0.391329 0.347482 0.383753
v -0.363668 -0.483143 0.468071
v -0.348665 -0.208976 0.448760
v -0.329737 0.347482 0.424398
v -0.335738 0.548732 0.432122
v -0.289516 -0.483143 0.504889
v -0.277571 -0.208976 0.484059
v -0.262503 0.347482 0.457781
v -0.267281 0.548732 0.466113
v -0.210410 -0.483143 0.533068
v -0.201729 -0.208976 0.511076
v -0.190778 0.347482 0.483331
v -0.194250 0.548732 0.492128
v -0.127703 -0.483143 0.552127
v -0.122435 -0.208976 0.529348
v -0.117896 0.548732 0.509723
v -0.039171 -0.711893 0.513961
v -0.042812 -0.483143 0.561739
v -0.041046 -0.208976 0.538563
v -0.038817 0.347482 0.509326
v 0.042812 -0.483143 0.561739
v 0.041046 -0.208976 0.538563
v 0.039524 0.548732 0.518596
v 0.034320 0.718315 0.450318
v 0.127703 -0.483143 0.552127
v 0.122435 -0.208976 0.529348
v 0.210410 -0.483143 0.533068
v 0.201729 -0.208976 0.511076
v 0.264892 -0.711893 0.461947
v 0.289516 -0.483143 0.504889
v 0.277571 -0.208976 0.484059
v 0.262503 0.347482 0.457781
v 0.267281 0.548732 0.466113
v 0.363668 -0.483143 0.468071
v 0.348665 -0.208976 0.448760
v 0.329737 0.347482 0.424398
v 0.431598 -0.483143 0.423244
v 0.413792 -0.208976 0.405782
v 0.386124 0.088316 0.378649
v 0.391329 0.347482 0.383753
v 0.398451 0.548732 0.390738
v 0.492144 -0.483143 0.371175
v 0.471839 -0.208976 0.355861
v 0.446225 0.347482 0.336543
v 0.544268 -0.483143 0.312755
v 0.521813 -0.208976 0.299852
v 0.493486 0.347482 0.283574
v 0.502468 0.548732 0.288735
v 0.587080 -0.483143 0.248984
v 0.562859 -0.208976 0.238711
v 0.532303 0.347482 0.225753
v 0.541992 0.548732 0.229862
v 0.619847 -0.483143 0.180952
v 0.594274 -0.208976 0.173487
v 0.562013 0.347482 0.164069
v 0.572242 0.548732 0.167055
v 0.642008 -0.483143 0.109825
v 0.615521 -0.208976 0.105294
v 0.592701 0.548732 0.101390
v 0.597629 -0.711893 0.033687
v 0.653184 -0.483143 0.036818
v 0.626236 -0.208976 0.035299
v 0.592240 0.347482 0.033383
vn 0.0548 -0.9979 -0.0333
vn 0.2369 -0.9712 0.0253
vn 0.6973 -0.7162 0.0269
vn 0.9702 -0.2387 0.0418
vn 0.9954 0.0958 -0.0000
vn 0.9902 0.1399 0.0013
vn 0.9987 -0.0338 0.0377
vn 0.6931 -0.7163 -0.0809
vn 0.9604 -0.2380 -0.1451
vn 0.9840 0.0955 -0.1505
vn 0.9790 0.1395 -0.1485
vn 0.9874 -0.0498 -0.1503
vn 0.3070 0.9515 -0.0181
vn 0.2342 -0.9710 -0.0480
vn 0.6761 -0.7135 -0.1839
vn 0.9269 -0.2366 -0.2914
vn 0.9505 0.0947 -0.2960
vn 0.9460 0.1383 -0.2933
vn 0.9646 -0.0491 -0.2592
vn 0.8913 -0.2351 -0.3876
vn 0.8971 0.0934 -0.4318
vn 0.8925 0.1371 -0.4297
vn 0.9004 -0.0348 -0.4336
vn 0.8219 0.4106 -0.3948
vn 0.2926 0.9503 -0.1060
vn 0.1495 0.9888 0.0019
vn 0.2147 -0.9698 -0.1155
vn 0.8084 -0.2288 -0.5424
vn 0.8269 0.0919 -0.5548
vn 0.8221 0.1342 -0.5533
vn 0.8465 -0.0347 -0.5312
vn 0.8312 -0.0475 -0.5539
vn 0.7760 0.4090 -0.4801
vn 0.7259 -0.2255 -0.6498
vn 0.7433 0.0902 -0.6628
vn 0.7401 0.1311 -0.6596
vn 0.2571 0.9476 -0.1897
vn 0.1807 -0.9675 -0.1768
vn 0.4722 -0.6905 -0.5480
vn 0.6613 -0.2220 -0.7165
vn 0.6497 0.0884 -0.7550
vn 0.6463 0.1286 -0.7522
vn 0.6517 -0.0457 -0.7571
vn 0.4169 -0.6851 -0.5973
vn 0.5392 -0.2179 -0.8135
vn 0.5489 0.0868 -0.8314
vn 0.5474 0.1268 -0.8272
vn 0.5780 -0.0456 -0.8148
vn 0.2060 0.9445 -0.2560
vn 0.0078 -0.9973 -0.0731
vn 0.1347 -0.9652 -0.2241
vn 0.3480 -0.6794 -0.6460
vn 0.4331 -0.2143 -0.8755
vn 0.4433 0.0853 -0.8923
vn 0.4424 0.1247 -0.8881
vn 0.1564 0.9415 -0.2987
vn 0.1146 0.9861 -0.1200
vn 0.3568 -0.2116 -0.9099
vn 0.3345 0.0842 -0.9386
vn 0.3342 0.1230 -0.9345
vn 0.0799 -0.9634 -0.2558
vn 0.1672 -0.6690 -0.7242
vn 0.2198 -0.2101 -0.9526
vn 0.2239 0.0833 -0.9711
vn 0.2240 0.1217 -0.9670
vn 0.1017 0.9392 -0.3279
vn 0.1017 -0.6665 -0.7385
vn 0.1074 -0.2071 -0.9724
vn 0.1122 0.0827 -0.9902
vn 0.1128 0.1209 -0.9862
vn 0.1132 -0.0306 -0.9931
vn 0.1156 -0.0423 -0.9924
vn 0.0464 0.9381 -0.3431
vn 0.0209 -0.9627 -0.2697
vn 0.0213 -0.6659 -0.7458
vn 0.0313 -0.2080 -0.9776
vn -0.0000 0.0826 -0.9966
vn 0.0011 0.1206 -0.9927
vn 0.0279 -0.0291 -0.9992
vn 0.0351 0.9837 -0.1763
vn -0.0642 -0.6667 -0.7425
vn -0.1086 -0.2081 -0.9721
vn -0.1122 0.0827 -0.9902
vn -0.1106 0.1209 -0.9865
vn -0.1114 -0.0432 -0.9928
vn -0.0153 0.9369 -0.3493
vn -0.0397 -0.9627 -0.2676
vn -0.1469 -0.6683 -0.7293
vn -0.2220 -0.2100 -0.9522
vn -0.2239 0.0833 -0.9711
vn -0.2218 0.1216 -0.9675
vn -0.1940 -0.0426 -0.9801
vn -0.0413 -0.9974 -0.0584
vn -0.3002 -0.2118 -0.9301
vn -0.3345 0.0842 -0.9386
vn -0.3331 0.1235 -0.9348
vn -0.3346 -0.0309 -0.9419
vn -0.3110 0.3772 -0.8724
vn -0.0889 0.9383 -0.3342
vn -0.0981 -0.9640 -0.2473
vn -0.4348 -0.2135 -0.8749
vn -0.4433 0.0853 -0.8923
vn -0.4424 0.1247 -0.8881
vn -0.4211 -0.0319 -0.9065
vn -0.4421 -0.0441 -0.8959
vn -0.3858 0.3825 -0.8395
vn -0.5396 -0.2175 -0.8133
vn -0.5489 0.0868 -0.8314
vn -0.5460 0.1262 -0.8282
vn -0.1608 0.9413 -0.2967
vn -0.0582 0.9843 -0.1669
vn -0.1507 -0.9659 -0.2105
vn -0.4716 -0.6901 -0.5490
vn -0.6113 -0.2199 -0.7603
vn -0.6497 0.0884 -0.7550
vn -0.6470 0.1285 -0.7515
vn -0.6517 -0.0457 -0.7571
vn -0.5231 -0.6955 -0.4927
vn -0.7262 -0.2255 -0.6495
vn -0.7433 0.0902 -0.6628
vn -0.7389 0.1317 -0.6608
vn -0.7220 -0.0469 -0.6903
vn -0.2200 0.9455 -0.2401
vn -0.0633 -0.9980 -0.0071
vn -0.1929 -0.9683 -0.1588
vn -0.5763 -0.7016 -0.4191
vn -0.8097 -0.2294 -0.5402
vn -0.8269 0.0919 -0.5548
vn -0.8221 0.1342 -0.5533
vn -0.2590 0.9481 -0.1844
vn -0.8601 -0.2316 -0.4544
vn -0.8971 0.0934 -0.4318
vn -0.8920 0.1364 -0.4309
vn -0.2228 -0.9702 -0.0955
vn -0.6696 -0.7128 -0.2087
vn -0.9277 -0.2369 -0.2887
vn -0.9505 0.0947 -0.2960
vn -0.9452 0.1383 -0.2958
vn -0.2863 0.9505 -0.1208
vn -0.6880 -0.7144 -0.1279
vn -0.9609 -0.2368 -0.1435
vn -0.9840 0.0955 -0.1505
vn -0.9786 0.1394 -0.1511
vn -0.9877 -0.0354 -0.1523
vn -0.9867 -0.0488 -0.1552
vn -0.3011 0.9520 -0.0551
vn -0.2364 -0.9713 -0.0250
vn -0.6973 -0.7162 -0.0269
vn -0.9702 -0.2387 -0.0418
vn -0.9954 0.0958 -0.0000
vn -0.9902 0.1399 -0.0013
vn -0.9987 -0.0338 -0.0377
vn -0.1350 0.9882 -0.0725
vn -0.6931 -0.7163 0.0809
vn -0.9604 -0.2380 0.1451
vn -0.9840 0.0955 0.1505
vn -0.9790 0.1395 0.1485
vn -0.9874 -0.0498 0.1503
vn -0.3070 0.9515 0.0181
vn -0.2342 -0.9710 0.0477
vn -0.6761 -0.7135 0.1839
vn -0.9269 -0.2366 0.2914
vn -0.9505 0.0947 0.2960
vn -0.9460 0.1383 0.2933
vn -0.9646 -0.0491 0.2592
vn -0.0502 -0.9976 0.0481
vn -0.8913 -0.2351 0.3876
vn -0.8971 0.0934 0.4318
vn -0.8925 0.1371 0.4297
vn -0.9004 -0.0348 0.4336
vn -0.8219 0.4106 0.3948
vn -0.2926 0.9503 0.1060
vn -0.2149 -0.9696 0.1167
vn -0.8084 -0.2288 0.5424
vn -0.8269 0.0919 0.5548
vn -0.8221 0.1342 0.5533
vn -0.8465 -0.0347 0.5312
vn -0.8312 -0.0475 0.5539
vn -0.7760 0.4090 0.4801
vn -0.7259 -0.2255 0.6498
vn -0.7433 0.0902 0.6628
vn -0.7401 0.1311 0.6596
vn -0.2571 0.9476 0.1897
vn -0.1447 0.9874 0.0634
vn -0.1808 -0.9675 0.1770
vn -0.4722 -0.6905 0.5480
vn -0.6613 -0.2220 0.7165
vn -0.6497 0.0884 0.7550
vn -0.6463 0.1286 0.7522
vn -0.6517 -0.0457 0.7571
vn -0.4169 -0.6851 0.5973
vn -0.5392 -0.2179 0.8135
vn -0.5489 0.0868 0.8314
vn -0.5474 0.1268 0.8272
vn -0.5780 -0.0456 0.8148
vn -0.2060 0.9445 0.2560
vn -0.0037 -0.9973 0.0734
vn -0.1345 -0.9653 0.2238
vn -0.3480 -0.6794 0.6460
vn -0.4331 -0.2143 0.8755
vn -0.4433 0.0853 0.8923
vn -0.4424 0.1247 0.8881
vn -0.1564 0.9415 0.2987
vn -0.3568 -0.2116 0.9099
vn -0.3345 0.0842 0.9386
vn -0.3342 0.1230 0.9345
vn -0.0799 -0.9634 0.2558
vn -0.1672 -0.6690 0.7242
vn -0.2198 -0.2101 0.9526
vn -0.2239 0.0833 0.9711
vn -0.2240 0.1217 0.9670
vn -0.1017 0.9392 0.3279
vn -0.1017 -0.6665 0.7385
vn -0.1074 -0.2071 0.9724
vn -0.1122 0.0827 0.9902
vn -0.1128 0.1209 0.9862
vn -0.1132 -0.0306 0.9931
vn -0.1156 -0.0423 0.9924
vn -0.0464 0.9381 0.3431
vn -0.0209 -0.9627 0.2697
vn -0.0213 -0.6659 0.7458
vn -0.0313 -0.2080 0.9776
vn -0.0000 0.0826 0.9966
vn -0.0011 0.1206 0.9927
vn -0.0279 -0.0291 0.9992
vn -0.0627 0.9856 0.1569
vn 0.0642 -0.6667 0.7425
vn 0.1086 -0.2081 0.9721
vn 0.1122 0.0827 0.9902
vn 0.1106 0.1209 0.9865
vn 0.1114 -0.0432 0.9928
vn 0.0153 0.9369 0.3493
vn 0.0397 -0.9627 0.2676
vn 0.1469 -0.6683 0.7293
vn 0.2220 -0.2100 0.9522
vn 0.2239 0.0833 0.9711
vn 0.2218 0.1216 0.9675
vn 0.1940 -0.0426 0.9801
vn 0.0497 -0.9979 0.0408
vn 0.3002 -0.2118 0.9301
vn 0.3345 0.0842 0.9386
vn 0.3331 0.1235 0.9348
vn 0.3346 -0.0309 0.9419
vn 0.3110 0.3772 0.8724
vn 0.0889 0.9383 0.3342
vn 0.0981 -0.9640 0.2473
vn 0.4348 -0.2135 0.8749
vn 0.4433 0.0853 0.8923
vn 0.4424 0.1247 0.8881
vn 0.4211 -0.0319 0.9065
vn 0.4421 -0.0441 0.8959
vn 0.3858 0.3825 0.8395
vn 0.5396 -0.2175 0.8133
vn 0.5489 0.0868 0.8314
vn 0.5460 0.1262 0.8282
vn 0.1608 0.9413 0.2967
vn 0.0519 0.9843 0.1687
vn 0.1507 -0.9659 0.2105
vn 0.4716 -0.6901 0.5490
vn 0.6113 -0.2199 0.7603
vn 0.6497 0.0884 0.7550
vn 0.6470 0.1285 0.7515
vn 0.6517 -0.0457 0.7571
vn 0.5231 -0.6955 0.4927
vn 0.7262 -0.2255 0.6495
vn 0.7433 0.0902 0.6628
vn 0.7389 0.1317 0.6608
vn 0.7220 -0.0469 0.6903
vn 0.2200 0.9455 0.2401
vn 0.1929 -0.9683 0.1588
vn 0.5763 -0.7016 0.4191
vn 0.8097 -0.2294 0.5402
vn 0.8269 0.0919 0.5548
vn 0.8221 0.1342 0.5533
vn 0.2590 0.9481 0.1844
vn 0.1240 0.9857 0.1141
vn 0.8601 -0.2316 0.4544
vn 0.8971 0.0934 0.4318
vn 0.8920 0.1364 0.4309
vn 0.2226 -0.9703 0.0946
vn 0.6696 -0.7128 0.2087
vn 0.9277 -0.2369 0.2887
vn 0.9505 0.0947 0.2960
vn 0.9452 0.1383 0.2958
vn 0.2863 0.9505 0.1208
vn 0.6880 -0.7144 0.1279
vn 0.9609 -0.2368 0.1435
vn 0.9840 0.0955 0.1505
vn 0.9786 0.1394 0.1511
vn 0.9877 -0.0354 0.1523
vn 0.9867 -0.0488 0.1552
vn 0.3011 0.9520 0.0551
vn 0.0004 -1.0000 0.0001
vn 0.4514 -0.8922 -0.0158
vn 0.4458 -0.8912 -0.0839
vn 0.8775 -0.4781 -0.0380
vn 0.8645 -0.4761 -0.1613
vn 0.9687 -0.2383 -0.0694
vn 0.9993 -0.0363 0.0009
vn 0.9879 -0.0364 -0.1511
vn 0.9925 0.0957 -0.0756
vn 0.9884 0.1518 -0.0000
vn 0.9771 0.1514 -0.1495
vn 0.9872 0.1398 -0.0765
vn 0.9965 0.0732 -0.0395
vn 0.9793 0.0744 -0.1885
vn 0.9964 -0.0346 -0.0768
vn 0.9931 -0.1091 -0.0441
vn 0.9769 -0.1116 -0.1821
vn 0.9978 -0.0506 -0.0421
vn 0.9880 0.1547 0.0050
vn 0.9692 0.1562 -0.1903
vn 0.9081 0.4173 -0.0360
vn 0.7669 0.6409 0.0323
vn 0.7559 0.6386 -0.1441
vn 0.6120 0.7905 -0.0235
vn 0.4532 0.8907 -0.0348
vn 0.4309 -0.8894 -0.1523
vn 0.8408 -0.4739 -0.2619
vn 0.9468 -0.2363 -0.2185
vn 0.9536 -0.0366 -0.2988
vn 0.9699 0.0952 -0.2242
vn 0.9440 0.1501 -0.2940
vn 0.9645 0.1389 -0.2244
vn 0.9424 0.0740 -0.3262
vn 0.9819 -0.0352 -0.1861
vn 0.9511 -0.1096 -0.2888
vn 0.9316 0.1545 -0.3290
vn 0.8929 0.4160 -0.1721
vn 0.7364 0.6368 -0.2286
vn 0.6043 0.7883 -0.1152
vn 0.4399 0.8903 -0.1176
vn 0.1015 -0.9930 -0.0599
vn 0.4101 -0.8862 -0.2156
vn 0.6531 -0.7118 -0.2586
vn 0.8095 -0.4704 -0.3513
vn 0.9009 -0.0354 -0.4327
vn 0.9261 0.0941 -0.3653
vn 0.8911 0.1481 -0.4290
vn 0.9217 0.1368 -0.3631
vn 0.8986 0.0730 -0.4327
vn 0.9457 -0.0352 -0.3230
vn 0.8955 -0.1093 -0.4315
vn 0.9297 -0.0488 -0.3651
vn 0.8918 0.1522 -0.4261
vn 0.8614 0.4128 -0.2959
vn 0.7073 0.6322 -0.3163
vn 0.5838 0.7861 -0.2032
vn 0.4201 0.8876 -0.1888
vn 0.1799 0.9777 -0.1082
vn 0.3806 -0.8831 -0.2743
vn 0.6233 -0.7080 -0.3319
vn 0.7174 -0.4638 -0.5198
vn 0.8460 -0.2319 -0.4800
vn 0.8300 -0.0350 -0.5567
vn 0.8639 0.0927 -0.4951
vn 0.8215 0.1457 -0.5513
vn 0.8593 0.1347 -0.4934
vn 0.8453 0.0715 -0.5294
vn 0.8266 -0.1045 -0.5529
vn 0.8830 -0.0476 -0.4670
vn 0.7991 0.1469 -0.5830
vn 0.6621 0.6260 -0.4120
vn 0.5515 0.7823 -0.2894
vn 0.3879 0.8839 -0.2612
vn 0.3455 -0.8796 -0.3270
vn 0.5781 -0.7012 -0.4173
vn 0.6457 -0.4574 -0.6114
vn 0.7684 -0.2275 -0.5982
vn 0.7449 -0.0349 -0.6663
vn 0.7866 0.0910 -0.6108
vn 0.7386 0.1430 -0.6588
vn 0.7835 0.1330 -0.6070
vn 0.7701 0.0692 -0.6342
vn 0.7895 -0.0332 -0.6129
vn 0.7420 -0.1035 -0.6624
vn 0.7862 -0.0474 -0.6161
vn 0.7408 0.1452 -0.6559
vn 0.7234 0.4033 -0.5603
vn 0.6037 0.6199 -0.5013
vn 0.5102 0.7775 -0.3677
vn 0.3469 0.8786 -0.3283
vn 0.0765 -0.9925 -0.0951
vn 0.3033 -0.8767 -0.3735
vn 0.5227 -0.6946 -0.4943
vn 0.5622 -0.4495 -0.6942
vn 0.6524 -0.0336 -0.7571
vn 0.6976 0.0893 -0.7109
vn 0.6457 0.1402 -0.7506
vn 0.6942 0.1311 -0.7077
vn 0.6248 0.0693 -0.7777
vn 0.7218 -0.0324 -0.6913
vn 0.6506 -0.1012 -0.7526
vn 0.7218 -0.0459 -0.6906
vn 0.6227 0.1459 -0.7688
vn 0.6631 0.3956 -0.6355
vn 0.5341 0.6131 -0.5822
vn 0.4609 0.7724 -0.4370
vn 0.3049 0.8745 -0.3771
vn 0.1392 0.9752 -0.1721
vn 0.2570 -0.8730 -0.4145
vn 0.4719 -0.4419 -0.7630
vn 0.5906 -0.2195 -0.7765
vn 0.5508 -0.0331 -0.8340
vn 0.6001 0.0876 -0.7952
vn 0.5457 0.1377 -0.8266
vn 0.5963 0.1279 -0.7925
vn 0.5244 0.0681 -0.8487
vn 0.6295 -0.0332 -0.7763
vn 0.5502 -0.1004 -0.8289
vn 0.5502 0.1411 -0.8230
vn 0.5788 0.3900 -0.7161
vn 0.4584 0.6060 -0.6501
vn 0.4041 0.7660 -0.4998
vn 0.2584 0.8708 -0.4182
vn 0.0458 -0.9918 -0.1189
vn 0.2057 -0.8698 -0.4485
vn 0.3764 -0.4374 -0.8167
vn 0.4856 -0.2158 -0.8471
vn 0.4434 -0.0330 -0.8957
vn 0.4966 0.0860 -0.8637
vn 0.4407 0.1354 -0.8874
vn 0.4933 0.1256 -0.8607
vn 0.4177 0.0670 -0.9061
vn 0.5279 -0.0332 -0.8486
vn 0.4442 -0.0987 -0.8905
vn 0.4981 -0.0446 -0.8660
vn 0.4423 0.1391 -0.8860
vn 0.4863 0.3844 -0.7847
vn 0.3771 0.5994 -0.7060
vn 0.3418 0.7603 -0.5524
vn 0.2082 0.8676 -0.4516
vn 0.0814 0.9734 -0.2141
vn 0.1548 -0.8665 -0.4745
vn 0.2876 -0.6753 -0.6792
vn 0.2802 -0.4334 -0.8566
vn 0.3361 -0.0320 -0.9413
vn 0.3892 0.0847 -0.9172
vn 0.3327 0.1335 -0.9335
vn 0.3864 0.1237 -0.9140
vn 0.3082 0.0661 -0.9490
vn 0.4211 -0.0326 -0.9064
vn 0.3370 -0.0966 -0.9365
vn 0.4121 -0.0440 -0.9101
vn 0.3356 0.1364 -0.9321
vn 0.3876 0.3797 -0.8400
vn 0.2917 0.5938 -0.7498
vn 0.2748 0.7551 -0.5952
vn 0.1556 0.8646 -0.4778
vn 0.1005 -0.8652 -0.4912
vn 0.2304 -0.6720 -0.7038
vn 0.2029 -0.4308 -0.8793
vn 0.2786 -0.2096 -0.9373
vn 0.2246 -0.0317 -0.9739
vn 0.2794 0.0837 -0.9565
vn 0.2227 0.1321 -0.9659
vn 0.2771 0.1222 -0.9530
vn 0.1979 0.0650 -0.9781
vn 0.3115 -0.0322 -0.9497
vn 0.2225 -0.0959 -0.9702
vn 0.3043 -0.0434 -0.9516
vn 0.2256 0.1348 -0.9648
vn 0.2865 0.3756 -0.8814
vn 0.2034 0.5895 -0.7817
vn 0.2044 0.7509 -0.6280
vn 0.1001 0.8626 -0.4959
vn 0.0112 -0.9913 -0.1308
vn 0.0440 -0.8639 -0.5017
vn 0.1246 -0.4288 -0.8948
vn 0.1650 -0.2080 -0.9641
vn 0.1111 -0.0320 -0.9933
vn 0.1681 0.0830 -0.9823
vn 0.1116 0.1313 -0.9851
vn 0.1663 0.1212 -0.9786
vn 0.0860 0.0635 -0.9943
vn 0.2033 -0.0324 -0.9786
vn 0.1359 -0.0960 -0.9861
vn 0.1967 -0.0424 -0.9795
vn 0.0820 0.1359 -0.9873
vn 0.1823 0.3720 -0.9102
vn 0.1132 0.5867 -0.8019
vn 0.1315 0.7477 -0.6508
vn 0.0419 0.8616 -0.5059
vn -0.0050 0.9725 -0.2329
vn -0.0131 -0.8641 -0.5032
vn -0.0290 -0.4267 -0.9039
vn 0.0005 -0.0314 -0.9995
vn 0.0561 0.0826 -0.9950
vn -0.0000 0.1310 -0.9914
vn 0.0547 0.1207 -0.9912
vn -0.0293 0.0630 -0.9976
vn -0.0327 -0.0941 -0.9950
vn 0.0529 -0.0440 -0.9976
vn 0.0043 0.1343 -0.9909
vn 0.0791 0.3704 -0.9255
vn 0.0252 0.5855 -0.8103
vn 0.0565 0.7462 -0.6633
vn -0.0289 0.8616 -0.5067
vn -0.0262 -0.9915 -0.1272
vn -0.0691 -0.8643 -0.4981
vn -0.1240 -0.4274 -0.8955
vn -0.0522 -0.2078 -0.9768
vn -0.1125 -0.0315 -0.9931
vn -0.0561 0.0826 -0.9950
vn -0.1116 0.1313 -0.9851
vn -0.0570 0.1207 -0.9911
vn -0.1409 0.0645 -0.9879
vn -0.0573 -0.0298 -0.9979
vn -0.1392 -0.0968 -0.9855
vn -0.0314 -0.0435 -0.9986
vn -0.1432 0.1365 -0.9802
vn -0.0274 0.3701 -0.9286
vn -0.1133 0.5862 -0.8022
vn -0.0187 0.7447 -0.6672
vn -0.1260 -0.8661 -0.4837
vn -0.2033 -0.4293 -0.8800
vn -0.1650 -0.2080 -0.9641
vn -0.2260 -0.0323 -0.9736
vn -0.1681 0.0830 -0.9823
vn -0.2227 0.1321 -0.9659
vn -0.1685 0.1212 -0.9782
vn -0.2478 0.0653 -0.9666
vn -0.1399 -0.0298 -0.9897
vn -0.2495 -0.0974 -0.9635
vn -0.2515 0.1371 -0.9581
vn -0.1315 0.3712 -0.9192
vn -0.1806 0.5885 -0.7881
vn -0.0932 0.7450 -0.6605
vn -0.0973 0.8638 -0.4944
vn -0.1798 -0.8675 -0.4638
vn -0.2083 -0.6716 -0.7110
vn -0.2766 -0.4317 -0.8586
vn -0.3351 -0.0320 -0.9416
vn -0.2794 0.0837 -0.9565
vn -0.3327 0.1335 -0.9335
vn -0.2778 0.1217 -0.9529
vn -0.3349 0.0656 -0.9400
vn -0.2449 -0.0302 -0.9691
vn -0.3319 -0.0985 -0.9382
vn -0.2788 -0.0429 -0.9594
vn -0.3306 0.1377 -0.9337
vn -0.2293 0.3732 -0.8990
vn -0.2536 0.5912 -0.7656
vn -0.1656 0.7477 -0.6431
vn -0.1577 0.8659 -0.4746
vn -0.0930 0.9740 -0.2065
vn -0.0705 -0.9923 -0.1020
vn -0.2307 -0.8706 -0.4345
vn -0.2707 -0.6751 -0.6863
vn -0.4252 -0.4412 -0.7903
vn -0.3789 -0.2132 -0.9006
vn -0.4448 -0.0325 -0.8951
vn -0.3892 0.0847 -0.9172
vn -0.4407 0.1354 -0.8874
vn -0.3879 0.1231 -0.9134
vn -0.4197 0.0658 -0.9053
vn -0.4415 -0.0970 -0.8920
vn -0.3640 -0.0436 -0.9304
vn -0.4720 0.1384 -0.8707
vn -0.3365 0.5955 -0.7295
vn -0.2386 0.7520 -0.6144
vn -0.2200 0.8692 -0.4428
vn -0.2783 -0.8738 -0.3989
vn -0.3463 -0.6790 -0.6474
vn -0.5146 -0.4470 -0.7317
vn -0.4880 -0.2161 -0.8457
vn -0.5521 -0.0336 -0.8331
vn -0.4966 0.0860 -0.8637
vn -0.5457 0.1377 -0.8266
vn -0.4933 0.1256 -0.8607
vn -0.5195 0.0659 -0.8519
vn -0.4976 -0.0314 -0.8668
vn -0.5483 -0.0995 -0.8303
vn -0.5016 -0.0448 -0.8639
vn -0.5431 0.1398 -0.8280
vn -0.4596 0.3850 -0.8004
vn -0.4186 0.6020 -0.6800
vn -0.3075 0.7572 -0.5762
vn -0.2796 0.8726 -0.4004
vn -0.3214 -0.8782 -0.3542
vn -0.4183 -0.6845 -0.5971
vn -0.6028 -0.4525 -0.6571
vn -0.6515 -0.0336 -0.7579
vn -0.6001 0.0876 -0.7952
vn -0.6457 0.1402 -0.7506
vn -0.5973 0.1286 -0.7917
vn -0.6761 0.0700 -0.7335
vn -0.5780 -0.0314 -0.8154
vn -0.6470 -0.1010 -0.7558
vn -0.5785 -0.0446 -0.8145
vn -0.6686 0.1473 -0.7288
vn -0.5345 0.3866 -0.7515
vn -0.4984 0.6096 -0.6165
vn -0.3714 0.7632 -0.5288
vn -0.3248 0.8763 -0.3557
vn -0.1475 0.9758 -0.1617
vn -0.3609 -0.8819 -0.3033
vn -0.6829 -0.4582 -0.5689
vn -0.6803 -0.2235 -0.6980
vn -0.7460 -0.0344 -0.6651
vn -0.6976 0.0893 -0.7109
vn -0.7386 0.1430 -0.6588
vn -0.6951 0.1305 -0.7070
vn -0.7659 0.0714 -0.6390
vn -0.6739 -0.0335 -0.7381
vn -0.7404 -0.1042 -0.6641
vn -0.7346 0.1459 -0.6626
vn -0.6222 0.3930 -0.6771
vn -0.5704 0.6169 -0.5423
vn -0.4318 0.7689 -0.4715
vn -0.3638 0.8802 -0.3047
vn -0.1023 -0.9931 -0.0568
vn -0.3945 -0.8854 -0.2457
vn -0.7518 -0.4660 -0.4665
vn -0.7701 -0.2278 -0.5959
vn -0.8310 -0.0356 -0.5552
vn -0.7866 0.0910 -0.6108
vn -0.8215 0.1457 -0.5513
vn -0.7835 0.1330 -0.6070
vn -0.8467 0.0728 -0.5270
vn -0.7652 -0.0348 -0.6429
vn -0.8246 -0.1062 -0.5556
vn -0.7891 -0.0472 -0.6124
vn -0.8203 0.1490 -0.5522
vn -0.7039 0.3993 -0.5874
vn -0.6341 0.6240 -0.4567
vn -0.4851 0.7749 -0.4053
vn -0.3966 0.8839 -0.2478
vn -0.1856 0.9779 -0.0959
vn -0.4212 -0.8876 -0.1863
vn -0.6142 -0.7064 -0.3518
vn -0.8067 -0.4720 -0.3556
vn -0.9002 -0.0355 -0.4341
vn -0.8639 0.0927 -0.4951
vn -0.8911 0.1481 -0.4290
vn -0.8602 0.1354 -0.4917
vn -0.9133 0.0740 -0.4005
vn -0.8466 -0.0355 -0.5311
vn -0.8943 -0.1072 -0.4344
vn -0.8527 -0.0478 -0.5202
vn -0.8894 0.1505 -0.4316
vn -0.7764 0.4058 -0.4823
vn -0.6874 0.6304 -0.3606
vn -0.5305 0.7805 -0.3308
vn -0.4230 0.8867 -0.1866
vn -0.4387 -0.8903 -0.1219
vn -0.6444 -0.7096 -0.2848
vn -0.8400 -0.4755 -0.2614
vn -0.9024 -0.2338 -0.3621
vn -0.9542 -0.0361 -0.2970
vn -0.9261 0.0941 -0.3653
vn -0.9440 0.1501 -0.2940
vn -0.9218 0.1375 -0.3624
vn -0.9620 0.0744 -0.2628
vn -0.9137 -0.0361 -0.4047
vn -0.9497 -0.1091 -0.2937
vn -0.9173 -0.0485 -0.3952
vn -0.9427 0.1523 -0.2968
vn -0.8352 0.4110 -0.3655
vn -0.7284 0.6357 -0.2555
vn -0.5669 0.7852 -0.2491
vn -0.4416 0.8890 -0.1208
vn -0.1138 -0.9934 -0.0133
vn -0.4496 -0.8916 -0.0534
vn -0.8634 -0.4778 -0.1619
vn -0.9468 -0.2363 -0.2185
vn -0.9881 -0.0370 -0.1492
vn -0.9699 0.0952 -0.2242
vn -0.9771 0.1514 -0.1495
vn -0.9651 0.1390 -0.2218
vn -0.9906 0.0735 -0.1157
vn -0.9622 -0.0371 -0.2699
vn -0.9771 -0.1107 -0.1818
vn -0.9642 -0.0483 -0.2609
vn -0.9816 0.1562 -0.1098
vn -0.8788 0.4143 -0.2370
vn -0.7554 0.6393 -0.1438
vn -0.5929 0.7888 -0.1618
vn -0.4521 0.8905 -0.0507
vn -0.2023 0.9793 0.0056
vn -0.4514 -0.8922 0.0158
vn -0.8775 -0.4781 0.0380
vn -0.9993 -0.0363 -0.0009
vn -0.9925 0.0957 -0.0756
vn -0.9884 0.1518 -0.0000
vn -0.9874 0.1398 -0.0739
vn -0.9965 0.0732 0.0395
vn -0.9931 -0.1091 0.0441
vn -0.9961 -0.0510 -0.0716
vn -0.9880 0.1547 -0.0050
vn -0.9031 0.4166 -0.1039
vn -0.7669 0.6409 -0.0323
vn -0.6076 0.7912 -0.0699
vn -0.4532 0.8907 0.0348
vn -0.1104 -0.9934 0.0314
vn -0.4458 -0.8912 0.0839
vn -0.8645 -0.4761 0.1613
vn -0.9687 -0.2383 0.0694
vn -0.9879 -0.0364 0.1511
vn -0.9925 0.0957 0.0756
vn -0.9771 0.1514 0.1495
vn -0.9872 0.1398 0.0765
vn -0.9793 0.0744 0.1885
vn -0.9964 -0.0346 0.0768
vn -0.9769 -0.1116 0.1821
vn -0.9978 -0.0506 0.0421
vn -0.9692 0.1562 0.1903
vn -0.9081 0.4173 0.0360
vn -0.7559 0.6386 0.1441
vn -0.6120 0.7905 0.0235
vn -0.4309 -0.8894 0.1523
vn -0.8408 -0.4739 0.2619
vn -0.9468 -0.2363 0.2185
vn -0.9536 -0.0366 0.2988
vn -0.9699 0.0952 0.2242
vn -0.9440 0.1501 0.2940
vn -0.9645 0.1389 0.2244
vn -0.9424 0.0740 0.3262
vn -0.9819 -0.0352 0.1861
vn -0.9511 -0.1096 0.2888
vn -0.9316 0.1545 0.3290
vn -0.8929 0.4160 0.1721
vn -0.7364 0.6368 0.2286
vn -0.6043 0.7883 0.1152
vn -0.4399 0.8903 0.1176
vn -0.4101 -0.8862 0.2156
vn -0.6531 -0.7118 0.2586
vn -0.8095 -0.4704 0.3513
vn -0.9009 -0.0354 0.4327
vn -0.9261 0.0941 0.3653
vn -0.8911 0.1481 0.4290
vn -0.9217 0.1368 0.3631
vn -0.8986 0.0730 0.4327
vn -0.9457 -0.0352 0.3230
vn -0.8955 -0.1093 0.4315
vn -0.9297 -0.0488 0.3651
vn -0.8918 0.1522 0.4261
vn -0.8614 0.4128 0.2959
vn -0.7073 0.6322 0.3163
vn -0.5838 0.7861 0.2032
vn -0.4201 0.8876 0.1888
vn -0.1790 0.9778 0.1094
vn -0.0873 -0.9927 0.0831
vn -0.3806 -0.8831 0.2743
vn -0.6233 -0.7080 0.3319
vn -0.7174 -0.4638 0.5198
vn -0.8460 -0.2319 0.4800
vn -0.8300 -0.0350 0.5567
vn -0.8639 0.0927 0.4951
vn -0.8215 0.1457 0.5513
vn -0.8593 0.1347 0.4934
vn -0.8453 0.0715 0.5294
vn -0.8266 -0.1045 0.5529
vn -0.8830 -0.0476 0.4670
vn -0.7991 0.1469 0.5830
vn -0.6621 0.6260 0.4120
vn -0.5515 0.7823 0.2894
vn -0.3879 0.8839 0.2612
vn -0.3455 -0.8796 0.3270
vn -0.5781 -0.7012 0.4173
vn -0.6457 -0.4574 0.6114
vn -0.7684 -0.2275 0.5982
vn -0.7449 -0.0349 0.6663
vn -0.7866 0.0910 0.6108
vn -0.7386 0.1430 0.6588
vn -0.7835 0.1330 0.6070
vn -0.7701 0.0692 0.6342
vn -0.7895 -0.0332 0.6129
vn -0.7420 -0.1035 0.6624
vn -0.7862 -0.0474 0.6161
vn -0.7408 0.1452 0.6559
vn -0.7234 0.4033 0.5603
vn -0.6037 0.6199 0.5013
vn -0.5102 0.7775 0.3677
vn -0.3469 0.8786 0.3283
vn -0.3033 -0.8767 0.3735
vn -0.5227 -0.6946 0.4943
vn -0.5622 -0.4495 0.6942
vn -0.6524 -0.0336 0.7571
vn -0.6976 0.0893 0.7109
vn -0.6457 0.1402 0.7506
vn -0.6942 0.1311 0.7077
vn -0.6248 0.0693 0.7777
vn -0.7218 -0.0324 0.6913
vn -0.6506 -0.1012 0.7526
vn -0.7218 -0.0459 0.6906
vn -0.6227 0.1459 0.7688
vn -0.6631 0.3956 0.6355
vn -0.5341 0.6131 0.5822
vn -0.4609 0.7724 0.4370
vn -0.3049 0.8745 0.3771
vn -0.1384 0.9754 0.1717
vn -0.2570 -0.8730 0.4145
vn -0.4719 -0.4419 0.7630
vn -0.5906 -0.2195 0.7765
vn -0.5508 -0.0331 0.8340
vn -0.6001 0.0876 0.7952
vn -0.5457 0.1377 0.8266
vn -0.5963 0.1279 0.7925
vn -0.5244 0.0681 0.8487
vn -0.6295 -0.0332 0.7763
vn -0.5502 -0.1004 0.8289
vn -0.5502 0.1411 0.8230
vn -0.5788 0.3900 0.7161
vn -0.4584 0.6060 0.6501
vn -0.4041 0.7660 0.4998
vn -0.2584 0.8708 0.4182
vn -0.0477 -0.9918 0.1186
vn -0.2057 -0.8698 0.4485
vn -0.3764 -0.4374 0.8167
vn -0.4856 -0.2158 0.8471
vn -0.4434 -0.0330 0.8957
vn -0.4966 0.0860 0.8637
vn -0.4407 0.1354 0.8874
vn -0.4933 0.1256 0.8607
vn -0.4177 0.0670 0.9061
vn -0.5279 -0.0332 0.8486
vn -0.4442 -0.0987 0.8905
vn -0.4981 -0.0446 0.8660
vn -0.4423 0.1391 0.8860
vn -0.4863 0.3844 0.7847
vn -0.3771 0.5994 0.7060
vn -0.3418 0.7603 0.5524
vn -0.2082 0.8676 0.4516
vn -0.0812 0.9734 0.2142
vn -0.1548 -0.8665 0.4745
vn -0.2876 -0.6753 0.6792
vn -0.2802 -0.4334 0.8566
vn -0.3361 -0.0320 0.9413
vn -0.3892 0.0847 0.9172
vn -0.3327 0.1335 0.9335
vn -0.3864 0.1237 0.9140
vn -0.3082 0.0661 0.9490
vn -0.4211 -0.0326 0.9064
vn -0.3370 -0.0966 0.9365
vn -0.4121 -0.0440 0.9101
vn -0.3356 0.1364 0.9321
vn -0.3876 0.3797 0.8400
vn -0.2917 0.5938 0.7498
vn -0.2748 0.7551 0.5952
vn -0.1556 0.8646 0.4778
vn -0.1005 -0.8652 0.4912
vn -0.2304 -0.6720 0.7038
vn -0.2029 -0.4308 0.8793
vn -0.2786 -0.2096 0.9373
vn -0.2246 -0.0317 0.9739
vn -0.2794 0.0837 0.9565
vn -0.2227 0.1321 0.9659
vn -0.2771 0.1222 0.9530
vn -0.1979 0.0650 0.9781
vn -0.3115 -0.0322 0.9497
vn -0.2225 -0.0959 0.9702
vn -0.3043 -0.0434 0.9516
vn -0.2256 0.1348 0.9648
vn -0.2865 0.3756 0.8814
vn -0.2034 0.5895 0.7817
vn -0.2044 0.7509 0.6280
vn -0.1001 0.8626 0.4959
vn -0.0112 -0.9913 0.1308
vn -0.0440 -0.8639 0.5017
vn -0.1246 -0.4288 0.8948
vn -0.1650 -0.2080 0.9641
vn -0.1111 -0.0320 0.9933
vn -0.1681 0.0830 0.9823
vn -0.1116 0.1313 0.9851
vn -0.1663 0.1212 0.9786
vn -0.0860 0.0635 0.9943
vn -0.2033 -0.0324 0.9786
vn -0.1359 -0.0960 0.9861
vn -0.1967 -0.0424 0.9795
vn -0.0820 0.1359 0.9873
vn -0.1823 0.3720 0.9102
vn -0.1132 0.5867 0.8019
vn -0.1315 0.7477 0.6508
vn -0.0419 0.8616 0.5059
vn 0.0047 0.9726 0.2325
vn 0.0131 -0.8641 0.5032
vn 0.0290 -0.4267 0.9039
vn -0.0005 -0.0314 0.9995
vn -0.0561 0.0826 0.9950
vn -0.0000 0.1310 0.9914
vn -0.0547 0.1207 0.9912
vn 0.0293 0.0630 0.9976
vn 0.0327 -0.0941 0.9950
vn -0.0529 -0.0440 0.9976
vn -0.0043 0.1343 0.9909
vn -0.0791 0.3704 0.9255
vn -0.0252 0.5855 0.8103
vn -0.0565 0.7462 0.6633
vn 0.0289 0.8616 0.5067
vn 0.0263 -0.9916 0.1266
vn 0.0691 -0.8643 0.4981
vn 0.1240 -0.4274 0.8955
vn 0.0522 -0.2078 0.9768
vn 0.1125 -0.0315 0.9931
vn 0.0561 0.0826 0.9950
vn 0.1116 0.1313 0.9851
vn 0.0570 0.1207 0.9911
vn 0.1409 0.0645 0.9879
vn 0.0573 -0.0298 0.9979
vn 0.1392 -0.0968 0.9855
vn 0.0314 -0.0435 0.9986
vn 0.1432 0.1365 0.9802
vn 0.0274 0.3701 0.9286
vn 0.1133 0.5862 0.8022
vn 0.0187 0.7447 0.6672
vn 0.1260 -0.8661 0.4837
vn 0.2033 -0.4293 0.8800
vn 0.1650 -0.2080 0.9641
vn 0.2260 -0.0323 0.9736
vn 0.1681 0.0830 0.9823
vn 0.2227 0.1321 0.9659
vn 0.1685 0.1212 0.9782
vn 0.2478 0.0653 0.9666
vn 0.1399 -0.0298 0.9897
vn 0.2495 -0.0974 0.9635
vn 0.2515 0.1371 0.9581
vn 0.1315 0.3712 0.9192
vn 0.1806 0.5885 0.7881
vn 0.0932 0.7450 0.6605
vn 0.0973 0.8638 0.4944
vn 0.1798 -0.8675 0.4638
vn 0.2083 -0.6716 0.7110
vn 0.2766 -0.4317 0.8586
vn 0.3351 -0.0320 0.9416
vn 0.2794 0.0837 0.9565
vn 0.3327 0.1335 0.9335
vn 0.2778 0.1217 0.9529
vn 0.3349 0.0656 0.9400
vn 0.2449 -0.0302 0.9691
vn 0.3319 -0.0985 0.9382
vn 0.2788 -0.0429 0.9594
vn 0.3306 0.1377 0.9337
vn 0.2293 0.3732 0.8990
vn 0.2536 0.5912 0.7656
vn 0.1656 0.7477 0.6431
vn 0.1577 0.8659 0.4746
vn 0.0922 0.9738 0.2078
vn 0.0701 -0.9923 0.1021
vn 0.2307 -0.8706 0.4345
vn 0.2707 -0.6751 0.6863
vn 0.4252 -0.4412 0.7903
vn 0.3789 -0.2132 0.9006
vn 0.4448 -0.0325 0.8951
vn 0.3892 0.0847 0.9172
vn 0.4407 0.1354 0.8874
vn 0.3879 0.1231 0.9134
vn 0.4197 0.0658 0.9053
vn 0.4415 -0.0970 0.8920
vn 0.3640 -0.0436 0.9304
vn 0.4720 0.1384 0.8707
vn 0.3365 0.5955 0.7295
vn 0.2386 0.7520 0.6144
vn 0.2200 0.8692 0.4428
vn 0.2783 -0.8738 0.3989
vn 0.3463 -0.6790 0.6474
vn 0.5146 -0.4470 0.7317
vn 0.4880 -0.2161 0.8457
vn 0.5521 -0.0336 0.8331
vn 0.4966 0.0860 0.8637
vn 0.5457 0.1377 0.8266
vn 0.4933 0.1256 0.8607
vn 0.5195 0.0659 0.8519
vn 0.4976 -0.0314 0.8668
vn 0.5483 -0.0995 0.8303
vn 0.5016 -0.0448 0.8639
vn 0.5431 0.1398 0.8280
vn 0.4596 0.3850 0.8004
vn 0.4186 0.6020 0.6800
vn 0.3075 0.7572 0.5762
vn 0.2796 0.8726 0.4004
vn 0.3214 -0.8782 0.3542
vn 0.4183 -0.6845 0.5971
vn 0.6028 -0.4525 0.6571
vn 0.6515 -0.0336 0.7579
vn 0.6001 0.0876 0.7952
vn 0.6457 0.1402 0.7506
vn 0.5973 0.1286 0.7917
vn 0.6761 0.0700 0.7335
vn 0.5780 -0.0314 0.8154
vn 0.6470 -0.1010 0.7558
vn 0.5785 -0.0446 0.8145
vn 0.6686 0.1473 0.7288
vn 0.5345 0.3866 0.7515
vn 0.4984 0.6096 0.6165
vn 0.3714 0.7632 0.5288
vn 0.3248 0.8763 0.3557
vn 0.1473 0.9756 0.1625
vn 0.3609 -0.8819 0.3033
vn 0.6829 -0.4582 0.5689
vn 0.6803 -0.2235 0.6980
vn 0.7460 -0.0344 0.6651
vn 0.6976 0.0893 0.7109
vn 0.7386 0.1430 0.6588
vn 0.6951 0.1305 0.7070
vn 0.7659 0.0714 0.6390
vn 0.6739 -0.0335 0.7381
vn 0.7404 -0.1042 0.6641
vn 0.7346 0.1459 0.6626
vn 0.6222 0.3930 0.6771
vn 0.5704 0.6169 0.5423
vn 0.4318 0.7689 0.4715
vn 0.3638 0.8802 0.3047
vn 0.1031 -0.9932 0.0550
vn 0.3945 -0.8854 0.2457
vn 0.7518 -0.4660 0.4665
vn 0.7701 -0.2278 0.5959
vn 0.8310 -0.0356 0.5552
vn 0.7866 0.0910 0.6108
vn 0.8215 0.1457 0.5513
vn 0.7835 0.1330 0.6070
vn 0.8467 0.0728 0.5270
vn 0.7652 -0.0348 0.6429
vn 0.8246 -0.1062 0.5556
vn 0.7891 -0.0472 0.6124
vn 0.8203 0.1490 0.5522
vn 0.7039 0.3993 0.5874
vn 0.6341 0.6240 0.4567
vn 0.4851 0.7749 0.4053
vn 0.3966 0.8839 0.2478
vn 0.1856 0.9779 0.0959
vn 0.4212 -0.8876 0.1863
vn 0.6142 -0.7064 0.3518
vn 0.8067 -0.4720 0.3556
vn 0.9002 -0.0355 0.4341
vn 0.8639 0.0927 0.4951
vn 0.8911 0.1481 0.4290
vn 0.8602 0.1354 0.4917
vn 0.9133 0.0740 0.4005
vn 0.8466 -0.0355 0.5311
vn 0.8943 -0.1072 0.4344
vn 0.8527 -0.0478 0.5202
vn 0.8894 0.1505 0.4316
vn 0.7764 0.4058 0.4823
vn 0.6874 0.6304 0.3606
vn 0.5305 0.7805 0.3308
vn 0.4230 0.8867 0.1866
vn 0.4387 -0.8903 0.1219
vn 0.6444 -0.7096 0.2848
vn 0.8400 -0.4755 0.2614
vn 0.9024 -0.2338 0.3621
vn 0.9542 -0.0361 0.2970
vn 0.9261 0.0941 0.3653
vn 0.9440 0.1501 0.2940
vn 0.9218 0.1375 0.3624
vn 0.9620 0.0744 0.2628
vn 0.9137 -0.0361 0.4047
vn 0.9497 -0.1091 0.2937
vn 0.9173 -0.0485 0.3952
vn 0.9427 0.1523 0.2968
vn 0.8352 0.4110 0.3655
vn 0.7284 0.6357 0.2555
vn 0.5669 0.7852 0.2491
vn 0.4416 0.8890 0.1208
vn 0.1137 -0.9935 -0.0039
vn 0.4496 -0.8916 0.0534
vn 0.8634 -0.4778 0.1619
vn 0.9468 -0.2363 0.2185
vn 0.9881 -0.0370 0.1492
vn 0.9699 0.0952 0.2242
vn 0.9771 0.1514 0.1495
vn 0.9651 0.1390 0.2218
vn 0.9906 0.0735 0.1157
vn 0.9622 -0.0371 0.2699
vn 0.9771 -0.1107 0.1818
vn 0.9642 -0.0483 0.2609
vn 0.9816 0.1562 0.1098
vn 0.8788 0.4143 0.2370
vn 0.7554 0.6393 0.1438
vn 0.5929 0.7888 0.1618
vn 0.4521 0.8905 0.0507
vn 0.2020 0.9794 -0.0058
vn 0.9925 0.0957 0.0756
vn 0.9874 0.1398 0.0739
vn 0.9961 -0.0510 0.0716
vn 0.9031 0.4166 0.1039
vn 0.6076 0.7912 0.0699
vn -0.0002 1.0000 -0.0002
vn 0.9966 -0.0372 -0.0733
vn 0.9856 0.1517 -0.0751
vn 0.9845 0.1550 -0.0816
vn 0.7656 0.6406 -0.0588
vn 0.9737 -0.0363 -0.2250
vn 0.9632 0.1508 -0.2227
vn 0.9295 -0.0355 -0.3671
vn 0.9198 0.1492 -0.3629
vn 0.9253 -0.1064 -0.3639
vn 0.7681 -0.4668 -0.4384
vn 0.8683 -0.0361 -0.4947
vn 0.8582 0.1470 -0.4919
vn 0.8621 -0.1070 -0.4952
vn 0.8553 0.1495 -0.4962
vn 0.7894 -0.0347 -0.6128
vn 0.7815 0.1444 -0.6070
vn 0.7841 -0.1047 -0.6117
vn 0.6998 -0.0337 -0.7135
vn 0.6932 0.1416 -0.7067
vn 0.6990 0.0687 -0.7119
vn 0.6959 -0.1037 -0.7106
vn 0.6890 0.1448 -0.7101
vn 0.6038 -0.0341 -0.7964
vn 0.5964 0.1389 -0.7905
vn 0.5987 -0.1018 -0.7945
vn 0.4983 -0.0328 -0.8664
vn 0.4937 0.1365 -0.8589
vn 0.4953 -0.0978 -0.8632
vn 0.4923 0.1381 -0.8594
vn 0.3903 -0.0320 -0.9201
vn 0.3870 0.1344 -0.9122
vn 0.3858 -0.0973 -0.9174
vn 0.3831 0.1372 -0.9135
vn 0.2822 -0.0326 -0.9588
vn 0.2778 0.1327 -0.9514
vn 0.2763 -0.0962 -0.9563
vn 0.2738 0.1356 -0.9522
vn 0.1687 -0.0316 -0.9852
vn 0.1672 0.1316 -0.9771
vn 0.1620 0.1350 -0.9775
vn 0.0508 -0.4279 -0.9024
vn 0.0561 -0.0312 -0.9979
vn 0.0558 0.1310 -0.9898
vn 0.0539 -0.0942 -0.9941
vn -0.0544 -0.0321 -0.9980
vn -0.0558 0.1310 -0.9898
vn -0.0613 0.1347 -0.9890
vn -0.0466 0.5856 -0.8093
vn -0.1687 -0.0316 -0.9852
vn -0.1672 0.1316 -0.9771
vn -0.2805 -0.0316 -0.9593
vn -0.2778 0.1327 -0.9514
vn -0.3509 -0.4355 -0.8290
vn -0.3887 -0.0329 -0.9208
vn -0.3870 0.1344 -0.9122
vn -0.3893 -0.0978 -0.9159
vn -0.3913 0.1373 -0.9100
vn -0.4983 -0.0328 -0.8664
vn -0.4937 0.1365 -0.8589
vn -0.4975 -0.0990 -0.8618
vn -0.6023 -0.0330 -0.7976
vn -0.5964 0.1389 -0.7905
vn -0.6004 0.0674 -0.7968
vn -0.5997 -0.1018 -0.7937
vn -0.6009 0.1425 -0.7865
vn -0.6985 -0.0347 -0.7148
vn -0.6932 0.1416 -0.7067
vn -0.6968 -0.1038 -0.7097
vn -0.7894 -0.0347 -0.6128
vn -0.7815 0.1444 -0.6070
vn -0.7859 -0.1035 -0.6096
vn -0.7827 0.1460 -0.6051
vn -0.8673 -0.0349 -0.4965
vn -0.8582 0.1470 -0.4919
vn -0.8643 -0.1067 -0.4916
vn -0.8603 0.1498 -0.4873
vn -0.9288 -0.0366 -0.3689
vn -0.9198 0.1492 -0.3629
vn -0.9259 -0.1084 -0.3620
vn -0.9213 0.1519 -0.3580
vn -0.9737 -0.0363 -0.2250
vn -0.9632 0.1508 -0.2227
vn -0.9641 0.1541 -0.2162
vn -0.8753 -0.4792 -0.0658
vn -0.9965 -0.0361 -0.0754
vn -0.9856 0.1517 -0.0751
vn -0.9914 -0.1093 -0.0723
vn -0.9966 -0.0372 0.0733
vn -0.9856 0.1517 0.0751
vn -0.9845 0.1550 0.0816
vn -0.7656 0.6406 0.0588
vn -0.9737 -0.0363 0.2250
vn -0.9632 0.1508 0.2227
vn -0.9295 -0.0355 0.3671
vn -0.9198 0.1492 0.3629
vn -0.9253 -0.1064 0.3639
vn -0.7681 -0.4668 0.4384
vn -0.8683 -0.0361 0.4947
vn -0.8582 0.1470 0.4919
vn -0.8621 -0.1070 0.4952
vn -0.8553 0.1495 0.4962
vn -0.7894 -0.0347 0.6128
vn -0.7815 0.1444 0.6070
vn -0.7841 -0.1047 0.6117
vn -0.6998 -0.0337 0.7135
vn -0.6932 0.1416 0.7067
vn -0.6990 0.0687 0.7119
vn -0.6959 -0.1037 0.7106
vn -0.6890 0.1448 0.7101
vn -0.6038 -0.0341 0.7964
vn -0.5964 0.1389 0.7905
vn -0.5987 -0.1018 0.7945
vn -0.4983 -0.0328 0.8664
vn -0.4937 0.1365 0.8589
vn -0.4953 -0.0978 0.8632
vn -0.4923 0.1381 0.8594
vn -0.3903 -0.0320 0.9201
vn -0.3870 0.1344 0.9122
vn -0.3858 -0.0973 0.9174
vn -0.3831 0.1372 0.9135
vn -0.2822 -0.0326 0.9588
vn -0.2778 0.1327 0.9514
vn -0.2763 -0.0962 0.9563
vn -0.2738 0.1356 0.9522
vn -0.1687 -0.0316 0.9852
vn -0.1672 0.1316 0.9771
vn -0.1620 0.1350 0.9775
vn -0.0508 -0.4279 0.9024
vn -0.0561 -0.0312 0.9979
vn -0.0558 0.1310 0.9898
vn -0.0539 -0.0942 0.9941
vn 0.0544 -0.0321 0.9980
vn 0.0558 0.1310 0.9898
vn 0.0613 0.1347 0.9890
vn 0.0466 0.5856 0.8093
vn 0.1687 -0.0316 0.9852
vn 0.1672 0.1316 0.9771
vn 0.2805 -0.0316 0.9593
vn 0.2778 0.1327 0.9514
vn 0.3509 -0.4355 0.8290
vn 0.3887 -0.0329 0.9208
vn 0.3870 0.1344 0.9122
vn 0.3893 -0.0978 0.9159
vn 0.3913 0.1373 0.9100
vn 0.4983 -0.0328 0.8664
vn 0.4937 0.1365 0.8589
vn 0.4975 -0.0990 0.8618
vn 0.6023 -0.0330 0.7976
vn 0.5964 0.1389 0.7905
vn 0.6004 0.0674 0.7968
vn 0.5997 -0.1018 0.7937
vn 0.6009 0.1425 0.7865
vn 0.6985 -0.0347 0.7148
vn 0.6932 0.1416 0.7067
vn 0.6968 -0.1038 0.7097
vn 0.7894 -0.0347 0.6128
vn 0.7815 0.1444 0.6070
vn 0.7859 -0.1035 0.6096
vn 0.7827 0.1460 0.6051
vn 0.8673 -0.0349 0.4965
vn 0.8582 0.1470 0.4919
vn 0.8643 -0.1067 0.4916
vn 0.8603 0.1498 0.4873
vn 0.9288 -0.0366 0.3689
vn 0.9198 0.1492 0.3629
vn 0.9259 -0.1084 0.3620
vn 0.9213 0.1519 0.3580
vn 0.9737 -0.0363 0.2250
vn 0.9632 0.1508 0.2227
vn 0.9641 0.1541 0.2162
vn 0.8753 -0.4792 0.0658
vn 0.9965 -0.0361 0.0754
vn 0.9856 0.1517 0.0751
vn 0.9914 -0.1093 0.0723
s 1
f 2048//2048 1761//1761 2047//2047
f 2047//2047 1761//1761 1756//1756
f 2049//2049 2051//2051 1757//1757
f 2057//2057 2058//2058 1759//1759
f 2834//2834 2066//2066 2064//2064
f 2835//2835 2069//2069 2067//2067
f 2071//2071 1768//1768 2048//2048
f 2048//2048 1768//1768 1761//1761
f 2050//2050 2073//2073 1762//1762
f 2077//2077 2059//2059 1764//1764
f 2080//2080 1772//1772 2062//2062
f 2062//2062 1772//1772 1765//1765
f 1772//1772 2065//2065 1765//1765
f 2071//2071 2088//2088 1768//1768
f 2105//2105 2089//2089 2088//2088
f 2093//2093 2078//2078 1771//1771
f 2095//2095 2840//2840 2080//2080
f 2097//2097 2081//2081 1772//1772
f 2100//2100 2117//2117 2101//2101
f 2100//2100 2101//2101 2083//2083
f 2102//2102 1778//1778 2085//2085
f 1778//1778 2103//2103 2825//2825
f 2105//2105 2841//2841 2089//2089
f 2116//2116 2134//2134 2117//2117
f 2116//2116 2117//2117 2100//2100
f 2103//2103 1810//1810 1779//1779
f 2106//2106 2122//2122 1781//1781
f 2127//2127 2145//2145 2128//2128
f 2130//2130 2115//2115 1785//1785
f 2133//2133 2151//2151 2134//2134
f 2133//2133 2134//2134 2116//2116
f 2136//2136 1791//1791 2086//2086
f 2139//2139 1793//1793 2121//2121
f 2121//2121 1793//1793 1787//1787
f 2851//2851 2145//2145 2127//2127
f 2145//2145 2852//2852 2129//2129
f 2853//2853 2149//2149 2131//2131
f 2150//2150 2167//2167 2151//2151
f 2150//2150 2151//2151 2133//2133
f 2154//2154 1797//1797 2137//2137
f 2137//2137 1797//1797 1792//1792
f 2139//2139 2156//2156 1793//1793
f 2160//2160 2144//2144 1795//1795
f 2162//2162 2856//2856 2146//2146
f 2163//2163 1801//1801 2856//2856
f 1801//1801 2148//2148 1796//1796
f 1801//1801 2164//2164 2148//2148
f 2166//2166 2184//2184 2167//2167
f 2166//2166 2167//2167 2150//2150
f 2169//2169 1804//1804 2136//2136
f 2170//2170 1805//1805 2154//2154
f 2154//2154 1805//1805 1797//1797
f 2155//2155 2172//2172 1798//1798
f 2176//2176 2161//2161 1800//1800
f 2178//2178 2859//2859 2163//2163
f 2860//2860 2182//2182 2164//2164
f 2183//2183 2201//2201 2184//2184
f 2183//2183 2184//2184 2166//2166
f 2170//2170 2188//2188 1805//1805
f 2189//2189 1811//1811 2171//2171
f 2171//2171 1811//1811 1806//1806
f 2193//2193 2177//2177 1808//1808
f 2195//2195 2863//2863 2179//2179
f 2864//2864 2199//2199 2181//2181
f 2200//2200 2218//2218 2201//2201
f 2200//2200 2201//2201 2183//2183
f 2186//2186 1833//1833 1810//1810
f 2189//2189 2206//2206 1811//1811
f 2210//2210 2194//2194 1813//1813
f 2212//2212 2867//2867 2196//2196
f 2868//2868 2216//2216 2198//2198
f 2217//2217 2235//2235 2218//2218
f 2217//2217 2218//2218 2200//2200
f 2221//2221 1820//1820 2203//2203
f 2203//2203 1820//1820 1815//1815
f 2227//2227 2211//2211 1818//1818
f 2229//2229 2230//2230 2213//2213
f 1824//1824 2230//2230 2229//2229
f 2871//2871 2233//2233 2215//2215
f 2234//2234 2250//2250 2235//2235
f 2234//2234 2235//2235 2217//2217
f 2238//2238 1828//1828 2221//2221
f 2221//2221 1828//1828 1820//1820
f 2239//2239 1829//1829 2872//2872
f 2243//2243 2228//2228 1823//1823
f 2246//2246 2232//2232 1825//1825
f 2249//2249 2267//2267 2250//2250
f 2249//2249 2250//2250 2234//2234
f 2253//2253 1834//1834 2238//2238
f 2238//2238 1834//1834 1828//1828
f 2239//2239 2255//2255 1829//1829
f 2259//2259 2244//2244 1831//1831
f 2878//2878 2265//2265 2247//2247
f 2879//2879 2267//2267 2249//2249
f 2237//2237 1864//1864 1833//1833
f 2268//2268 1841//1841 2253//2253
f 2253//2253 1841//1841 1834//1834
f 2254//2254 2270//2270 1835//1835
f 2274//2274 2260//2260 1837//1837
f 2277//2277 1845//1845 2262//2262
f 2262//2262 1845//1845 1838//1838
f 1845//1845 2264//2264 1838//1838
f 2268//2268 2284//2284 1841//1841
f 2302//2302 2285//2285 2284//2284
f 2289//2289 2275//2275 1844//1844
f 2277//2277 2293//2293 1845//1845
f 2293//2293 2278//2278 1845//1845
f 2296//2296 2314//2314 2297//2297
f 2296//2296 2297//2297 2280//2280
f 2298//2298 1852//1852 2282//2282
f 1852//1852 2299//2299 2237//2237
f 2300//2300 1853//1853 2252//2252
f 2302//2302 2884//2884 2285//2285
f 2313//2313 2331//2331 2314//2314
f 2313//2313 2314//2314 2296//2296
f 2303//2303 2319//2319 1854//1854
f 2324//2324 2341//2341 2325//2325
f 2327//2327 2312//2312 1858//1858
f 2330//2330 2347//2347 2331//2331
f 2330//2330 2331//2331 2313//2313
f 2335//2335 1867//1867 2318//2318
f 2318//2318 1867//1867 1860//1860
f 2894//2894 2341//2341 2324//2324
f 2341//2341 2895//2895 2326//2326
f 2896//2896 2345//2345 2328//2328
f 2346//2346 2363//2363 2347//2347
f 2346//2346 2347//2347 2330//2330
f 2350//2350 1871//1871 2333//2333
f 2333//2333 1871//1871 1866//1866
f 2335//2335 2352//2352 1867//1867
f 2356//2356 2340//2340 1869//1869
f 2358//2358 2899//2899 2342//2342
f 2359//2359 1875//1875 2899//2899
f 1875//1875 2344//2344 1870//1870
f 1875//1875 2360//2360 2344//2344
f 2362//2362 2380//2380 2363//2363
f 2362//2362 2363//2363 2346//2346
f 2365//2365 1878//1878 2300//2300
f 2366//2366 1879//1879 2350//2350
f 2350//2350 1879//1879 1871//1871
f 2351//2351 2368//2368 1872//1872
f 2372//2372 2357//2357 1874//1874
f 2374//2374 2902//2902 2359//2359
f 2903//2903 2378//2378 2360//2360
f 2379//2379 2397//2397 2380//2380
f 2379//2379 2380//2380 2362//2362
f 2366//2366 2384//2384 1879//1879
f 2385//2385 1884//1884 2367//2367
f 2367//2367 1884//1884 1880//1880
f 2389//2389 2373//2373 1882//1882
f 2391//2391 2906//2906 2375//2375
f 2907//2907 2395//2395 2377//2377
f 2396//2396 2414//2414 2397//2397
f 2396//2396 2397//2397 2379//2379
f 2385//2385 2402//2402 1884//1884
f 2406//2406 2390//2390 1886//1886
f 2408//2408 2910//2910 2392//2392
f 2911//2911 2412//2412 2394//2394
f 2413//2413 2431//2431 2414//2414
f 2413//2413 2414//2414 2396//2396
f 2417//2417 1893//1893 2399//2399
f 2399//2399 1893//1893 1888//1888
f 2423//2423 2407//2407 1891//1891
f 2425//2425 2426//2426 2409//2409
f 1897//1897 2426//2426 2425//2425
f 2914//2914 2429//2429 2411//2411
f 2430//2430 2446//2446 2431//2431
f 2430//2430 2431//2431 2413//2413
f 2434//2434 1901//1901 2417//2417
f 2417//2417 1901//1901 1893//1893
f 2435//2435 1902//1902 2915//2915
f 2439//2439 2424//2424 1896//1896
f 2442//2442 2428//2428 1898//1898
f 2445//2445 2463//2463 2446//2446
f 2445//2445 2446//2446 2430//2430
f 2449//2449 1907//1907 2434//2434
f 2434//2434 1907//1907 1901//1901
f 2435//2435 2451//2451 1902//1902
f 2455//2455 2440//2440 1904//1904
f 2921//2921 2461//2461 2443//2443
f 2922//2922 2463//2463 2445//2445
f 2433//2433 1937//1937 1906//1906
f 2464//2464 1914//1914 2449//2449
f 2449//2449 1914//1914 1907//1907
f 2450//2450 2466//2466 1908//1908
f 2470//2470 2456//2456 1910//1910
f 2473//2473 1918//1918 2458//2458
f 2458//2458 1918//1918 1911//1911
f 1918//1918 2460//2460 1911//1911
f 2464//2464 2480//2480 1914//1914
f 2498//2498 2481//2481 2480//2480
f 2485//2485 2471//2471 1917//1917
f 2487//2487 2927//2927 2473//2473
f 2489//2489 2474//2474 1918//1918
f 2492//2492 2510//2510 2493//2493
f 2492//2492 2493//2493 2476//2476
f 2494//2494 1925//1925 2478//2478
f 1925//1925 2495//2495 2433//2433
f 2496//2496 1926//1926 2448//2448
f 2498//2498 2928//2928 2481//2481
f 2509//2509 2527//2527 2510//2510
f 2509//2509 2510//2510 2492//2492
f 2499//2499 2515//2515 1927//1927
f 2520//2520 2537//2537 2521//2521
f 2523//2523 2508//2508 1931//1931
f 2526//2526 2543//2543 2527//2527
f 2526//2526 2527//2527 2509//2509
f 2531//2531 1940//1940 2514//2514
f 2514//2514 1940//1940 1933//1933
f 2938//2938 2537//2537 2520//2520
f 2537//2537 2939//2939 2522//2522
f 2940//2940 2541//2541 2524//2524
f 2542//2542 2559//2559 2543//2543
f 2542//2542 2543//2543 2526//2526
f 2546//2546 1944//1944 2529//2529
f 2529//2529 1944//1944 1939//1939
f 2531//2531 2548//2548 1940//1940
f 2552//2552 2536//2536 1942//1942
f 2554//2554 2943//2943 2538//2538
f 2555//2555 1948//1948 2943//2943
f 1948//1948 2540//2540 1943//1943
f 1948//1948 2556//2556 2540//2540
f 2558//2558 2576//2576 2559//2559
f 2558//2558 2559//2559 2542//2542
f 2561//2561 1951//1951 2496//2496
f 2562//2562 1952//1952 2546//2546
f 2546//2546 1952//1952 1944//1944
f 2547//2547 2564//2564 1945//1945
f 2568//2568 2553//2553 1947//1947
f 2570//2570 2946//2946 2555//2555
f 2947//2947 2574//2574 2556//2556
f 2575//2575 2593//2593 2576//2576
f 2575//2575 2576//2576 2558//2558
f 2562//2562 2580//2580 1952//1952
f 2581//2581 1957//1957 2563//2563
f 2563//2563 1957//1957 1953//1953
f 2585//2585 2569//2569 1955//1955
f 2587//2587 2950//2950 2571//2571
f 2951//2951 2591//2591 2573//2573
f 2592//2592 2610//2610 2593//2593
f 2592//2592 2593//2593 2575//2575
f 2581//2581 2598//2598 1957//1957
f 2602//2602 2586//2586 1959//1959
f 2604//2604 2954//2954 2588//2588
f 2955//2955 2608//2608 2590//2590
f 2609//2609 2627//2627 2610//2610
f 2609//2609 2610//2610 2592//2592
f 2613//2613 1966//1966 2595//2595
f 2595//2595 1966//1966 1961//1961
f 2619//2619 2603//2603 1964//1964
f 2621//2621 2622//2622 2605//2605
f 1970//1970 2622//2622 2621//2621
f 2958//2958 2625//2625 2607//2607
f 2626//2626 2642//2642 2627//2627
f 2626//2626 2627//2627 2609//2609
f 2630//2630 1974//1974 2613//2613
f 2613//2613 1974//1974 1966//1966
f 2631//2631 1975//1975 2959//2959
f 2635//2635 2620//2620 1969//1969
f 2638//2638 2624//2624 1971//1971
f 2641//2641 2659//2659 2642//2642
f 2641//2641 2642//2642 2626//2626
f 2645//2645 1980//1980 2630//2630
f 2630//2630 1980//1980 1974//1974
f 2631//2631 2647//2647 1975//1975
f 2651//2651 2636//2636 1977//1977
f 2965//2965 2657//2657 2639//2639
f 2966//2966 2659//2659 2641//2641
f 2629//2629 2010//2010 1979//1979
f 2660//2660 1987//1987 2645//2645
f 2645//2645 1987//1987 1980//1980
f 2646//2646 2662//2662 1981//1981
f 2666//2666 2652//2652 1983//1983
f 2669//2669 1991//1991 2654//2654
f 2654//2654 1991//1991 1984//1984
f 1991//1991 2656//2656 1984//1984
f 2660//2660 2676//2676 1987//1987
f 2694//2694 2677//2677 2676//2676
f 2681//2681 2667//2667 1990//1990
f 2051//2051 2049//2049 2050//2050 1762//1762
f 2669//2669 2685//2685 1991//1991
f 2685//2685 2670//2670 1991//1991
f 2688//2688 2706//2706 2689//2689
f 2688//2688 2689//2689 2672//2672
f 2690//2690 1998//1998 2674//2674
f 1998//1998 2691//2691 2629//2629
f 2692//2692 1999//1999 2644//2644
f 2694//2694 2971//2971 2677//2677
f 2705//2705 2723//2723 2706//2706
f 2705//2705 2706//2706 2688//2688
f 2695//2695 2711//2711 2000//2000
f 2716//2716 2733//2733 2717//2717
f 2719//2719 2704//2704 2004//2004
f 2722//2722 2739//2739 2723//2723
f 2722//2722 2723//2723 2705//2705
f 2727//2727 2013//2013 2710//2710
f 2710//2710 2013//2013 2006//2006
f 2981//2981 2733//2733 2716//2716
f 2733//2733 2982//2982 2718//2718
f 2983//2983 2737//2737 2720//2720
f 2738//2738 2755//2755 2739//2739
f 2738//2738 2739//2739 2722//2722
f 2742//2742 2017//2017 2725//2725
f 2725//2725 2017//2017 2012//2012
f 2727//2727 2744//2744 2013//2013
f 2748//2748 2732//2732 2015//2015
f 2750//2750 2986//2986 2734//2734
f 2751//2751 2021//2021 2986//2986
f 2021//2021 2736//2736 2016//2016
f 2021//2021 2752//2752 2736//2736
f 2754//2754 2772//2772 2755//2755
f 2754//2754 2755//2755 2738//2738
f 2757//2757 2023//2023 2692//2692
f 2758//2758 2024//2024 2742//2742
f 2742//2742 2024//2024 2017//2017
f 2743//2743 2760//2760 2018//2018
f 2764//2764 2749//2749 2020//2020
f 2766//2766 2989//2989 2751//2751
f 2990//2990 2770//2770 2752//2752
f 2771//2771 2789//2789 2772//2772
f 2771//2771 2772//2772 2754//2754
f 2758//2758 2776//2776 2024//2024
f 2777//2777 2030//2030 2759//2759
f 2759//2759 2030//2030 2025//2025
f 2781//2781 2765//2765 2027//2027
f 2783//2783 2993//2993 2767//2767
f 2994//2994 2787//2787 2769//2769
f 2788//2788 2806//2806 2789//2789
f 2788//2788 2789//2789 2771//2771
f 2774//2774 1779//1779 2029//2029
f 2777//2777 2794//2794 2030//2030
f 2798//2798 2782//2782 2032//2032
f 2800//2800 2997//2997 2784//2784
f 2998//2998 2804//2804 2786//2786
f 2805//2805 2823//2823 2806//2806
f 2805//2805 2806//2806 2788//2788
f 2809//2809 2039//2039 2791//2791
f 2791//2791 2039//2039 2034//2034
f 2815//2815 2799//2799 2037//2037
f 2817//2817 2818//2818 2801//2801
f 2043//2043 2818//2818 2817//2817
f 3001//3001 2821//2821 2803//2803
f 2822//2822 2830//2830 2823//2823
f 2822//2822 2823//2823 2805//2805
f 2047//2047 1756//1756 2809//2809
f 2809//2809 1756//1756 2039//2039
f 2049//2049 1757//1757 3002//3002
f 2827//2827 2816//2816 2042//2042
f 2828//2828 2820//2820 2044//2044
f 2067//2067 2069//2069 2830//2830
f 2067//2067 2830//2830 2822//2822
f 2808//2808 1767//1767 1755//1755
f 1755//1755 1767//1767 2047//2047
f 1767//1767 2048//2048 2047//2047
f 1756//1756 1761//1761 2049//2049
f 1761//1761 2050//2050 2049//2049
f 2052//2052 1757//1757 2051//2051 2832//2832
f 2832//2832 2051//2051 1762//1762 2053//2053
f 2054//2054 2832//2832 2053//2053 1763//1763
f 1758//1758 2052//2052 2832//2832 2054//2054
f 2055//2055 1758//1758 2054//2054 2833//2833
f 2056//2056 2833//2833 2054//2054 1763//1763
f 1764//1764 2057//2057 2833//2833 2056//2056
f 1759//1759 2055//2055 2833//2833 2057//2057
f 2059//2059 2058//2058 2057//2057 1764//1764
f 2079//2079 2060//2060 2058//2058 2059//2059
f 2061//2061 2060//2060 2079//2079 2062//2062
f 2058//2058 2060//2060 1760//1760
f 1760//1760 2060//2060 2061//2061
f 2063//2063 2061//2061 2062//2062 1765//1765
f 2834//2834 2063//2063 1765//1765 2065//2065
f 2063//2063 2834//2834 2064//2064
f 2082//2082 2066//2066 2834//2834 2065//2065
f 2068//2068 2835//2835 2066//2066 2082//2082
f 2066//2066 2835//2835 2067//2067
f 2084//2084 2069//2069 2835//2835 2068//2068
f 2073//2073 2050//2050 2072//2072 1769//1769
f 2069//2069 2084//2084 2070//2070
f 1767//1767 2071//2071 2048//2048
f 1761//1761 1768//1768 2050//2050
f 1768//1768 2072//2072 2050//2050
f 2836//2836 2053//2053 1762//1762 2073//2073
f 2836//2836 2073//2073 1769//1769 2074//2074
f 1770//1770 2075//2075 2836//2836 2074//2074
f 1763//1763 2053//2053 2836//2836 2075//2075
f 2056//2056 1763//1763 2075//2075 2837//2837
f 2076//2076 2837//2837 2075//2075 1770//1770
f 1771//1771 2077//2077 2837//2837 2076//2076
f 1764//1764 2056//2056 2837//2837 2077//2077
f 2078//2078 2059//2059 2077//2077 1771//1771
f 2095//2095 2079//2079 2059//2059 2078//2078
f 2062//2062 2079//2079 2095//2095 2080//2080
f 2099//2099 2082//2082 2065//2065 2081//2081
f 1772//1772 2081//2081 2065//2065
f 2083//2083 2068//2068 2082//2082 2099//2099
f 2101//2101 2084//2084 2068//2068 2083//2083
f 1766//1766 2070//2070 2085//2085 1778//1778
f 2084//2084 2085//2085 2070//2070
f 2084//2084 2101//2101 2085//2085
f 1767//1767 2808//2808 2086//2086 1780//1780
f 1766//1766 1778//1778 2825//2825
f 1754//1754 2086//2086 2808//2808
f 2088//2088 2071//2071 2087//2087 2105//2105
f 1767//1767 1780//1780 2071//2071
f 1780//1780 2087//2087 2071//2071
f 2089//2089 2072//2072 1768//1768 2088//2088
f 1773//1773 1769//1769 2072//2072 2089//2089
f 2838//2838 2074//2074 1769//1769 1773//1773
f 1774//1774 2091//2091 2838//2838 2090//2090
f 1773//1773 2090//2090 2838//2838
f 1770//1770 2074//2074 2838//2838 2091//2091
f 2076//2076 1770//1770 2091//2091 2839//2839
f 2092//2092 2839//2839 2091//2091 1774//1774
f 1775//1775 2093//2093 2839//2839 2092//2092
f 1771//1771 2076//2076 2839//2839 2093//2093
f 2094//2094 2078//2078 2093//2093 1775//1775
f 1776//1776 2095//2095 2078//2078 2094//2094
f 2840//2840 2095//2095 1776//1776 2096//2096
f 2097//2097 2840//2840 2096//2096 2114//2114
f 2097//2097 1772//1772 2080//2080 2840//2840
f 2098//2098 2081//2081 2097//2097 2114//2114
f 1777//1777 2099//2099 2081//2081 2098//2098
f 2105//2105 2087//2087 2104//2104 2120//2120
f 2099//2099 2100//2100 2083//2083
f 2099//2099 1777//1777 2100//2100
f 2101//2101 2102//2102 2085//2085
f 2101//2101 2117//2117 2102//2102
f 2825//2825 2103//2103 1779//1779
f 1780//1780 2104//2104 2087//2087
f 2841//2841 2105//2105 2120//2120 2106//2106
f 2107//2107 2841//2841 2106//2106 1781//1781
f 2107//2107 1773//1773 2089//2089 2841//2841
f 2090//2090 1773//1773 2107//2107 2842//2842
f 2842//2842 2107//2107 1781//1781 2108//2108
f 1782//1782 2109//2109 2842//2842 2108//2108
f 1774//1774 2090//2090 2842//2842 2109//2109
f 2092//2092 1774//1774 2109//2109 2843//2843
f 2110//2110 2843//2843 2109//2109 1782//1782
f 1783//1783 2111//2111 2843//2843 2110//2110
f 1775//1775 2092//2092 2843//2843 2111//2111
f 2094//2094 1775//1775 2111//2111 2112//2112
f 1776//1776 2094//2094 2112//2112 1784//1784
f 2111//2111 1783//1783 2112//2112
f 2844//2844 2096//2096 1776//1776 1784//1784
f 2114//2114 2844//2844 2113//2113 1785//1785
f 1784//1784 2113//2113 2844//2844
f 2845//2845 2114//2114 1785//1785 2115//2115
f 2096//2096 2844//2844 2114//2114
f 2114//2114 2845//2845 2098//2098
f 1777//1777 2098//2098 2845//2845 1786//1786
f 2845//2845 2115//2115 1786//1786
f 2100//2100 1777//1777 1786//1786 2116//2116
f 1778//1778 2102//2102 2118//2118 1790//1790
f 2117//2117 2118//2118 2102//2102
f 2117//2117 2134//2134 2118//2118
f 2120//2120 2104//2104 2119//2119 2138//2138
f 1778//1778 1790//1790 2103//2103
f 2086//2086 1791//1791 1780//1780
f 1780//1780 1791//1791 2104//2104
f 1791//1791 2119//2119 2104//2104
f 2106//2106 2120//2120 2138//2138 2121//2121
f 2122//2122 2106//2106 2121//2121 1787//1787
f 2846//2846 2108//2108 1781//1781 2122//2122
f 2846//2846 2122//2122 1787//1787 2123//2123
f 1788//1788 2124//2124 2846//2846 2123//2123
f 1782//1782 2108//2108 2846//2846 2124//2124
f 2110//2110 1782//1782 2124//2124 2847//2847
f 2125//2125 2847//2847 2124//2124 1788//1788
f 1789//1789 2126//2126 2847//2847 2125//2125
f 1783//1783 2110//2110 2847//2847 2126//2126
f 2112//2112 1783//1783 2126//2126 2127//2127
f 1784//1784 2112//2112 2127//2127 2128//2128
f 2126//2126 1789//1789 2127//2127
f 2848//2848 2113//2113 1784//1784 2128//2128
f 2848//2848 2128//2128 2145//2145 2129//2129
f 2130//2130 2848//2848 2129//2129 2147//2147
f 2130//2130 1785//1785 2113//2113 2848//2848
f 2131//2131 2115//2115 2130//2130 2147//2147
f 2149//2149 2132//2132 2115//2115 2131//2131
f 2116//2116 1786//1786 2132//2132 2133//2133
f 2115//2115 2132//2132 1786//1786
f 2135//2135 2118//2118 2134//2134 2151//2151
f 2132//2132 2149//2149 2133//2133
f 2138//2138 2119//2119 2137//2137 1792//1792
f 2118//2118 2135//2135 1790//1790
f 1754//1754 2136//2136 2086//2086
f 1791//1791 2137//2137 2119//2119
f 2121//2121 2138//2138 1792//1792 2139//2139
f 2849//2849 2123//2123 1787//1787 1793//1793
f 1794//1794 2141//2141 2849//2849 2140//2140
f 1793//1793 2140//2140 2849//2849
f 1788//1788 2123//2123 2849//2849 2141//2141
f 2125//2125 1788//1788 2141//2141 2850//2850
f 2142//2142 2850//2850 2141//2141 1794//1794
f 1795//1795 2143//2143 2850//2850 2142//2142
f 1789//1789 2125//2125 2850//2850 2143//2143
f 2127//2127 1789//1789 2143//2143 2851//2851
f 2144//2144 2851//2851 2143//2143 1795//1795
f 2162//2162 2145//2145 2851//2851 2144//2144
f 2852//2852 2145//2145 2162//2162 2146//2146
f 2147//2147 2852//2852 2146//2146 1796//1796
f 2853//2853 2147//2147 1796//1796 2148//2148
f 2129//2129 2852//2852 2147//2147
f 2147//2147 2853//2853 2131//2131
f 2165//2165 2149//2149 2853//2853 2148//2148
f 2152//2152 2135//2135 2151//2151 2167//2167
f 2149//2149 2150//2150 2133//2133
f 2149//2149 2165//2165 2150//2150
f 2153//2153 2103//2103 1790//1790 1802//1802
f 2135//2135 2152//2152 1802//1802
f 2135//2135 1802//1802 1790//1790
f 2156//2156 2139//2139 2155//2155 1798//1798
f 2103//2103 2153//2153 1810//1810
f 2136//2136 1804//1804 1791//1791
f 1791//1791 1804//1804 2137//2137
f 1804//1804 2154//2154 2137//2137
f 1792//1792 1797//1797 2139//2139
f 1797//1797 2155//2155 2139//2139
f 2140//2140 1793//1793 2156//2156 2854//2854
f 2854//2854 2156//2156 1798//1798 2157//2157
f 1799//1799 2158//2158 2854//2854 2157//2157
f 1794//1794 2140//2140 2854//2854 2158//2158
f 2142//2142 1794//1794 2158//2158 2855//2855
f 2159//2159 2855//2855 2158//2158 1799//1799
f 1800//1800 2160//2160 2855//2855 2159//2159
f 1795//1795 2142//2142 2855//2855 2160//2160
f 2161//2161 2144//2144 2160//2160 1800//1800
f 2178//2178 2162//2162 2144//2144 2161//2161
f 2856//2856 2162//2162 2178//2178 2163//2163
f 1801//1801 1796//1796 2146//2146 2856//2856
f 2182//2182 2165//2165 2148//2148 2164//2164
f 2168//2168 2152//2152 2167//2167 2184//2184
f 2165//2165 2166//2166 2150//2150
f 2165//2165 2182//2182 2166//2166
f 2172//2172 2155//2155 2171//2171 1806//1806
f 2152//2152 2168//2168 1802//1802
f 1754//1754 2169//2169 2136//2136
f 1754//1754 1803//1803 2169//2169
f 1804//1804 2170//2170 2154//2154
f 1797//1797 1805//1805 2155//2155
f 1805//1805 2171//2171 2155//2155
f 2857//2857 2157//2157 1798//1798 2172//2172
f 2857//2857 2172//2172 1806//1806 2173//2173
f 1807//1807 2174//2174 2857//2857 2173//2173
f 1799//1799 2157//2157 2857//2857 2174//2174
f 2159//2159 1799//1799 2174//2174 2858//2858
f 2175//2175 2858//2858 2174//2174 1807//1807
f 1808//1808 2176//2176 2858//2858 2175//2175
f 1800//1800 2159//2159 2858//2858 2176//2176
f 2177//2177 2161//2161 2176//2176 1808//1808
f 2195//2195 2178//2178 2161//2161 2177//2177
f 2859//2859 2178//2178 2195//2195 2179//2179
f 2180//2180 2859//2859 2179//2179 2197//2197
f 2180//2180 1801//1801 2163//2163 2859//2859
f 2164//2164 1801//1801 2180//2180 2860//2860
f 2181//2181 2860//2860 2180//2180 2197//2197
f 2199//2199 2182//2182 2860//2860 2181//2181
f 2185//2185 2168//2168 2184//2184 2201//2201
f 2182//2182 2183//2183 2166//2166
f 2182//2182 2199//2199 2183//2183
f 2186//2186 2153//2153 1802//1802 1809//1809
f 2168//2168 2185//2185 1809//1809
f 2168//2168 1809//1809 1802//1802
f 2188//2188 2170//2170 2187//2187 2204//2204
f 2153//2153 2186//2186 1810//1810
f 2169//2169 1814//1814 1804//1804
f 1804//1804 1814//1814 2170//2170
f 1814//1814 2187//2187 2170//2170
f 2171//2171 2188//2188 2204//2204 2189//2189
f 1805//1805 2188//2188 2171//2171
f 2861//2861 2173//2173 1806//1806 1811//1811
f 1812//1812 2191//2191 2861//2861 2190//2190
f 1811//1811 2190//2190 2861//2861
f 1807//1807 2173//2173 2861//2861 2191//2191
f 2175//2175 1807//1807 2191//2191 2862//2862
f 2192//2192 2862//2862 2191//2191 1812//1812
f 1813//1813 2193//2193 2862//2862 2192//2192
f 1808//1808 2175//2175 2862//2862 2193//2193
f 2194//2194 2177//2177 2193//2193 1813//1813
f 2212//2212 2195//2195 2177//2177 2194//2194
f 2863//2863 2195//2195 2212//2212 2196//2196
f 2197//2197 2863//2863 2196//2196 2214//2214
f 2198//2198 2864//2864 2197//2197 2214//2214
f 2179//2179 2863//2863 2197//2197
f 2197//2197 2864//2864 2181//2181
f 2216//2216 2199//2199 2864//2864 2198//2198
f 2202//2202 2185//2185 2201//2201 2218//2218
f 2199//2199 2200//2200 2183//2183
f 2199//2199 2216//2216 2200//2200
f 2204//2204 2187//2187 2203//2203 1815//1815
f 2185//2185 2202//2202 1819//1819
f 2185//2185 1819//1819 1809//1809
f 1809//1809 1819//1819 2186//2186
f 1814//1814 2203//2203 2187//2187
f 2189//2189 2204//2204 1815//1815 2205//2205
f 2206//2206 2189//2189 2205//2205 1816//1816
f 2190//2190 1811//1811 2206//2206 2865//2865
f 2865//2865 2206//2206 1816//1816 2207//2207
f 1817//1817 2208//2208 2865//2865 2207//2207
f 1812//1812 2190//2190 2865//2865 2208//2208
f 2192//2192 1812//1812 2208//2208 2866//2866
f 2209//2209 2866//2866 2208//2208 1817//1817
f 1818//1818 2210//2210 2866//2866 2209//2209
f 1813//1813 2192//2192 2866//2866 2210//2210
f 2211//2211 2194//2194 2210//2210 1818//1818
f 2229//2229 2212//2212 2194//2194 2211//2211
f 2867//2867 2212//2212 2229//2229 2213//2213
f 2214//2214 2867//2867 2213//2213 2231//2231
f 2215//2215 2868//2868 2214//2214 2231//2231
f 2196//2196 2867//2867 2214//2214
f 2214//2214 2868//2868 2198//2198
f 2233//2233 2216//2216 2868//2868 2215//2215
f 2219//2219 2202//2202 2218//2218 2235//2235
f 2216//2216 2217//2217 2200//2200
f 2216//2216 2233//2233 2217//2217
f 1814//1814 2169//2169 2220//2220 1827//1827
f 2202//2202 2219//2219 1819//1819
f 1803//1803 2220//2220 2169//2169
f 2222//2222 2205//2205 1815//1815 1820//1820
f 1814//1814 1827//1827 2203//2203
f 1827//1827 2221//2221 2203//2203
f 2223//2223 1816//1816 2205//2205 2222//2222
f 2222//2222 1821//1821 2223//2223
f 2207//2207 1816//1816 2223//2223 2869//2869
f 2869//2869 2223//2223 1821//1821 2224//2224
f 1822//1822 2225//2225 2869//2869 2224//2224
f 1817//1817 2207//2207 2869//2869 2225//2225
f 2209//2209 1817//1817 2225//2225 2870//2870
f 2226//2226 2870//2870 2225//2225 1822//1822
f 1823//1823 2227//2227 2870//2870 2226//2226
f 1818//1818 2209//2209 2870//2870 2227//2227
f 2228//2228 2211//2211 2227//2227 1823//1823
f 1824//1824 2229//2229 2211//2211 2228//2228
f 2871//2871 2231//2231 1825//1825 2232//2232
f 2230//2230 1825//1825 2231//2231
f 2213//2213 2230//2230 2231//2231
f 2231//2231 2871//2871 2215//2215
f 2248//2248 2233//2233 2871//2871 2232//2232
f 2236//2236 2219//2219 2235//2235 2250//2250
f 2233//2233 2234//2234 2217//2217
f 2233//2233 2248//2248 2234//2234
f 2237//2237 2186//2186 1819//1819 1826//1826
f 2219//2219 2236//2236 1826//1826
f 2219//2219 1826//1826 1819//1819
f 2872//2872 2222//2222 1820//1820 1828//1828
f 2186//2186 2237//2237 1833//1833
f 1827//1827 2238//2238 2221//2221
f 1829//1829 1821//1821 2222//2222 2872//2872
f 1828//1828 2239//2239 2872//2872
f 2873//2873 2224//2224 1821//1821 1829//1829
f 1830//1830 2241//2241 2873//2873 2240//2240
f 1829//1829 2240//2240 2873//2873
f 1822//1822 2224//2224 2873//2873 2241//2241
f 2226//2226 1822//1822 2241//2241 2874//2874
f 2242//2242 2874//2874 2241//2241 1830//1830
f 1831//1831 2243//2243 2874//2874 2242//2242
f 1823//1823 2226//2226 2874//2874 2243//2243
f 2244//2244 2228//2228 2243//2243 1831//1831
f 2875//2875 2230//2230 1824//1824 1832//1832
f 2228//2228 2244//2244 1832//1832
f 2228//2228 1832//1832 1824//1824
f 2246//2246 2875//2875 2245//2245 2263//2263
f 1832//1832 2245//2245 2875//2875
f 2246//2246 1825//1825 2230//2230 2875//2875
f 2247//2247 2232//2232 2246//2246 2263//2263
f 2265//2265 2248//2248 2232//2232 2247//2247
f 2251//2251 2236//2236 2250//2250 2267//2267
f 2248//2248 2249//2249 2234//2234
f 2248//2248 2265//2265 2249//2249
f 1827//1827 2220//2220 2252//2252 1840//1840
f 2236//2236 2251//2251 1839//1839
f 2236//2236 1839//1839 1826//1826
f 1826//1826 1839//1839 2237//2237
f 1803//1803 2252//2252 2220//2220
f 2255//2255 2239//2239 2254//2254 1835//1835
f 1827//1827 1840//1840 2238//2238
f 1840//1840 2253//2253 2238//2238
f 1828//1828 1834//1834 2239//2239
f 1834//1834 2254//2254 2239//2239
f 2240//2240 1829//1829 2255//2255 2876//2876
f 2876//2876 2255//2255 1835//1835 2256//2256
f 2257//2257 2876//2876 2256//2256 1836//1836
f 1830//1830 2240//2240 2876//2876 2257//2257
f 2242//2242 1830//1830 2257//2257 2877//2877
f 2258//2258 2877//2877 2257//2257 1836//1836
f 1837//1837 2259//2259 2877//2877 2258//2258
f 1831//1831 2242//2242 2877//2877 2259//2259
f 2260//2260 2244//2244 2259//2259 1837//1837
f 2276//2276 2261//2261 2244//2244 2260//2260
f 2245//2245 2261//2261 2276//2276 2262//2262
f 2244//2244 2261//2261 1832//1832
f 1832//1832 2261//2261 2245//2245
f 2263//2263 2245//2245 2262//2262 1838//1838
f 2878//2878 2263//2263 1838//1838 2264//2264
f 2263//2263 2878//2878 2247//2247
f 2279//2279 2265//2265 2878//2878 2264//2264
f 2266//2266 2879//2879 2265//2265 2279//2279
f 2265//2265 2879//2879 2249//2249
f 2281//2281 2267//2267 2879//2879 2266//2266
f 2270//2270 2254//2254 2269//2269 1842//1842
f 2267//2267 2281//2281 2251//2251
f 1840//1840 2268//2268 2253//2253
f 1834//1834 1841//1841 2254//2254
f 1841//1841 2269//2269 2254//2254
f 2880//2880 2256//2256 1835//1835 2270//2270
f 2880//2880 2270//2270 1842//1842 2271//2271
f 1843//1843 2272//2272 2880//2880 2271//2271
f 1836//1836 2256//2256 2880//2880 2272//2272
f 2258//2258 1836//1836 2272//2272 2881//2881
f 2273//2273 2881//2881 2272//2272 1843//1843
f 1844//1844 2274//2274 2881//2881 2273//2273
f 1837//1837 2258//2258 2881//2881 2274//2274
f 2275//2275 2260//2260 2274//2274 1844//1844
f 2291//2291 2276//2276 2260//2260 2275//2275
f 2262//2262 2276//2276 2291//2291 2277//2277
f 2295//2295 2279//2279 2264//2264 2278//2278
f 1845//1845 2278//2278 2264//2264
f 2280//2280 2266//2266 2279//2279 2295//2295
f 2297//2297 2281//2281 2266//2266 2280//2280
f 1839//1839 2251//2251 2282//2282 1852//1852
f 2281//2281 2282//2282 2251//2251
f 2281//2281 2297//2297 2282//2282
f 2284//2284 2268//2268 2283//2283 2302//2302
f 1839//1839 1852//1852 2237//2237
f 1803//1803 1846//1846 2252//2252
f 2252//2252 1853//1853 1840//1840
f 1840//1840 1853//1853 2268//2268
f 1853//1853 2283//2283 2268//2268
f 2285//2285 2269//2269 1841//1841 2284//2284
f 1847//1847 1842//1842 2269//2269 2285//2285
f 2882//2882 2271//2271 1842//1842 1847//1847
f 1848//1848 2287//2287 2882//2882 2286//2286
f 1847//1847 2286//2286 2882//2882
f 1843//1843 2271//2271 2882//2882 2287//2287
f 2273//2273 1843//1843 2287//2287 2883//2883
f 2288//2288 2883//2883 2287//2287 1848//1848
f 1849//1849 2289//2289 2883//2883 2288//2288
f 1844//1844 2273//2273 2883//2883 2289//2289
f 2290//2290 2275//2275 2289//2289 1849//1849
f 1850//1850 2291//2291 2275//2275 2290//2290
f 2277//2277 2291//2291 1850//1850 2292//2292
f 2293//2293 2277//2277 2292//2292 2311//2311
f 2294//2294 2278//2278 2293//2293 2311//2311
f 1851//1851 2295//2295 2278//2278 2294//2294
f 2302//2302 2283//2283 2301//2301 2317//2317
f 2295//2295 2296//2296 2280//2280
f 2295//2295 1851//1851 2296//2296
f 2297//2297 2298//2298 2282//2282
f 2297//2297 2314//2314 2298//2298
f 2237//2237 2299//2299 1864//1864
f 1846//1846 2300//2300 2252//2252
f 1853//1853 2301//2301 2283//2283
f 2884//2884 2302//2302 2317//2317 2303//2303
f 2304//2304 2884//2884 2303//2303 1854//1854
f 2304//2304 1847//1847 2285//2285 2884//2884
f 2286//2286 1847//1847 2304//2304 2885//2885
f 2885//2885 2304//2304 1854//1854 2305//2305
f 1855//1855 2306//2306 2885//2885 2305//2305
f 1848//1848 2286//2286 2885//2885 2306//2306
f 2288//2288 1848//1848 2306//2306 2886//2886
f 2307//2307 2886//2886 2306//2306 1855//1855
f 1856//1856 2308//2308 2886//2886 2307//2307
f 1849//1849 2288//2288 2886//2886 2308//2308
f 2290//2290 1849//1849 2308//2308 2309//2309
f 1850//1850 2290//2290 2309//2309 1857//1857
f 2308//2308 1856//1856 2309//2309
f 2887//2887 2292//2292 1850//1850 1857//1857
f 2311//2311 2887//2887 2310//2310 1858//1858
f 1857//1857 2310//2310 2887//2887
f 2888//2888 2311//2311 1858//1858 2312//2312
f 2292//2292 2887//2887 2311//2311
f 2311//2311 2888//2888 2294//2294
f 1851//1851 2294//2294 2888//2888 1859//1859
f 2888//2888 2312//2312 1859//1859
f 2296//2296 1851//1851 1859//1859 2313//2313
f 1852//1852 2298//2298 2315//2315 1863//1863
f 2314//2314 2315//2315 2298//2298
f 2314//2314 2331//2331 2315//2315
f 2317//2317 2301//2301 2316//2316 2334//2334
f 1852//1852 1863//1863 2299//2299
f 2300//2300 1865//1865 1853//1853
f 1853//1853 1865//1865 2301//2301
f 1865//1865 2316//2316 2301//2301
f 2303//2303 2317//2317 2334//2334 2318//2318
f 2319//2319 2303//2303 2318//2318 1860//1860
f 2889//2889 2305//2305 1854//1854 2319//2319
f 2889//2889 2319//2319 1860//1860 2320//2320
f 1861//1861 2321//2321 2889//2889 2320//2320
f 1855//1855 2305//2305 2889//2889 2321//2321
f 2307//2307 1855//1855 2321//2321 2890//2890
f 2322//2322 2890//2890 2321//2321 1861//1861
f 1862//1862 2323//2323 2890//2890 2322//2322
f 1856//1856 2307//2307 2890//2890 2323//2323
f 2309//2309 1856//1856 2323//2323 2324//2324
f 1857//1857 2309//2309 2324//2324 2325//2325
f 2323//2323 1862//1862 2324//2324
f 2891//2891 2310//2310 1857//1857 2325//2325
f 2891//2891 2325//2325 2341//2341 2326//2326
f 2327//2327 2891//2891 2326//2326 2343//2343
f 2327//2327 1858//1858 2310//2310 2891//2891
f 2328//2328 2312//2312 2327//2327 2343//2343
f 2345//2345 2329//2329 2312//2312 2328//2328
f 2313//2313 1859//1859 2329//2329 2330//2330
f 2312//2312 2329//2329 1859//1859
f 2332//2332 2315//2315 2331//2331 2347//2347
f 2329//2329 2345//2345 2330//2330
f 2334//2334 2316//2316 2333//2333 1866//1866
f 2315//2315 2332//2332 1863//1863
f 1865//1865 2333//2333 2316//2316
f 2318//2318 2334//2334 1866//1866 2335//2335
f 2892//2892 2320//2320 1860//1860 1867//1867
f 1868//1868 2337//2337 2892//2892 2336//2336
f 1867//1867 2336//2336 2892//2892
f 1861//1861 2320//2320 2892//2892 2337//2337
f 2322//2322 1861//1861 2337//2337 2893//2893
f 2338//2338 2893//2893 2337//2337 1868//1868
f 1869//1869 2339//2339 2893//2893 2338//2338
f 1862//1862 2322//2322 2893//2893 2339//2339
f 2324//2324 1862//1862 2339//2339 2894//2894
f 2340//2340 2894//2894 2339//2339 1869//1869
f 2358//2358 2341//2341 2894//2894 2340//2340
f 2895//2895 2341//2341 2358//2358 2342//2342
f 2343//2343 2895//2895 2342//2342 1870//1870
f 2896//2896 2343//2343 1870//1870 2344//2344
f 2326//2326 2895//2895 2343//2343
f 2343//2343 2896//2896 2328//2328
f 2361//2361 2345//2345 2896//2896 2344//2344
f 2348//2348 2332//2332 2347//2347 2363//2363
f 2345//2345 2346//2346 2330//2330
f 2345//2345 2361//2361 2346//2346
f 2349//2349 2299//2299 1863//1863 1876//1876
f 2332//2332 2348//2348 1876//1876
f 2332//2332 1876//1876 1863//1863
f 1906//1906 1864//1864 2299//2299 2349//2349
f 2352//2352 2335//2335 2351//2351 1872//1872
f 2300//2300 1878//1878 1865//1865
f 1865//1865 1878//1878 2333//2333
f 1878//1878 2350//2350 2333//2333
f 1866//1866 1871//1871 2335//2335
f 1871//1871 2351//2351 2335//2335
f 2336//2336 1867//1867 2352//2352 2897//2897
f 2897//2897 2352//2352 1872//1872 2353//2353
f 1873//1873 2354//2354 2897//2897 2353//2353
f 1868//1868 2336//2336 2897//2897 2354//2354
f 2338//2338 1868//1868 2354//2354 2898//2898
f 2355//2355 2898//2898 2354//2354 1873//1873
f 1874//1874 2356//2356 2898//2898 2355//2355
f 1869//1869 2338//2338 2898//2898 2356//2356
f 2357//2357 2340//2340 2356//2356 1874//1874
f 2374//2374 2358//2358 2340//2340 2357//2357
f 2899//2899 2358//2358 2374//2374 2359//2359
f 1875//1875 1870//1870 2342//2342 2899//2899
f 2378//2378 2361//2361 2344//2344 2360//2360
f 2364//2364 2348//2348 2363//2363 2380//2380
f 2361//2361 2362//2362 2346//2346
f 2361//2361 2378//2378 2362//2362
f 2368//2368 2351//2351 2367//2367 1880//1880
f 2348//2348 2364//2364 1876//1876
f 1846//1846 2365//2365 2300//2300
f 1846//1846 1877//1877 2365//2365
f 1878//1878 2366//2366 2350//2350
f 1871//1871 1879//1879 2351//2351
f 1879//1879 2367//2367 2351//2351
f 2900//2900 2353//2353 1872//1872 2368//2368
f 2900//2900 2368//2368 1880//1880 2369//2369
f 1881//1881 2370//2370 2900//2900 2369//2369
f 1873//1873 2353//2353 2900//2900 2370//2370
f 2355//2355 1873//1873 2370//2370 2901//2901
f 2371//2371 2901//2901 2370//2370 1881//1881
f 1882//1882 2372//2372 2901//2901 2371//2371
f 1874//1874 2355//2355 2901//2901 2372//2372
f 2373//2373 2357//2357 2372//2372 1882//1882
f 2391//2391 2374//2374 2357//2357 2373//2373
f 2902//2902 2374//2374 2391//2391 2375//2375
f 2376//2376 2902//2902 2375//2375 2393//2393
f 2376//2376 1875//1875 2359//2359 2902//2902
f 2360//2360 1875//1875 2376//2376 2903//2903
f 2377//2377 2903//2903 2376//2376 2393//2393
f 2395//2395 2378//2378 2903//2903 2377//2377
f 2381//2381 2364//2364 2380//2380 2397//2397
f 2378//2378 2379//2379 2362//2362
f 2378//2378 2395//2395 2379//2379
f 2382//2382 2349//2349 1876//1876 1883//1883
f 2364//2364 2381//2381 1883//1883
f 2364//2364 1883//1883 1876//1876
f 2384//2384 2366//2366 2383//2383 2400//2400
f 2349//2349 2382//2382 1906//1906
f 2365//2365 1887//1887 1878//1878
f 1878//1878 1887//1887 2366//2366
f 1887//1887 2383//2383 2366//2366
f 2367//2367 2384//2384 2400//2400 2385//2385
f 1879//1879 2384//2384 2367//2367
f 2904//2904 2369//2369 1880//1880 1884//1884
f 1885//1885 2387//2387 2904//2904 2386//2386
f 1884//1884 2386//2386 2904//2904
f 1881//1881 2369//2369 2904//2904 2387//2387
f 2371//2371 1881//1881 2387//2387 2905//2905
f 2388//2388 2905//2905 2387//2387 1885//1885
f 1886//1886 2389//2389 2905//2905 2388//2388
f 1882//1882 2371//2371 2905//2905 2389//2389
f 2390//2390 2373//2373 2389//2389 1886//1886
f 2408//2408 2391//2391 2373//2373 2390//2390
f 2906//2906 2391//2391 2408//2408 2392//2392
f 2393//2393 2906//2906 2392//2392 2410//2410
f 2394//2394 2907//2907 2393//2393 2410//2410
f 2375//2375 2906//2906 2393//2393
f 2393//2393 2907//2907 2377//2377
f 2412//2412 2395//2395 2907//2907 2394//2394
f 2398//2398 2381//2381 2397//2397 2414//2414
f 2395//2395 2396//2396 2379//2379
f 2395//2395 2412//2412 2396//2396
f 2400//2400 2383//2383 2399//2399 1888//1888
f 2381//2381 2398//2398 1892//1892
f 2381//2381 1892//1892 1883//1883
f 1883//1883 1892//1892 2382//2382
f 1887//1887 2399//2399 2383//2383
f 2385//2385 2400//2400 1888//1888 2401//2401
f 2402//2402 2385//2385 2401//2401 1889//1889
f 2386//2386 1884//1884 2402//2402 2908//2908
f 2908//2908 2402//2402 1889//1889 2403//2403
f 1890//1890 2404//2404 2908//2908 2403//2403
f 1885//1885 2386//2386 2908//2908 2404//2404
f 2388//2388 1885//1885 2404//2404 2909//2909
f 2405//2405 2909//2909 2404//2404 1890//1890
f 1891//1891 2406//2406 2909//2909 2405//2405
f 1886//1886 2388//2388 2909//2909 2406//2406
f 2407//2407 2390//2390 2406//2406 1891//1891
f 2425//2425 2408//2408 2390//2390 2407//2407
f 2910//2910 2408//2408 2425//2425 2409//2409
f 2410//2410 2910//2910 2409//2409 2427//2427
f 2411//2411 2911//2911 2410//2410 2427//2427
f 2392//2392 2910//2910 2410//2410
f 2410//2410 2911//2911 2394//2394
f 2429//2429 2412//2412 2911//2911 2411//2411
f 2415//2415 2398//2398 2414//2414 2431//2431
f 2412//2412 2413//2413 2396//2396
f 2412//2412 2429//2429 2413//2413
f 1887//1887 2365//2365 2416//2416 1900//1900
f 2398//2398 2415//2415 1892//1892
f 1877//1877 2416//2416 2365//2365
f 2418//2418 2401//2401 1888//1888 1893//1893
f 1887//1887 1900//1900 2399//2399
f 1900//1900 2417//2417 2399//2399
f 2419//2419 1889//1889 2401//2401 2418//2418
f 2418//2418 1894//1894 2419//2419
f 2403//2403 1889//1889 2419//2419 2912//2912
f 2912//2912 2419//2419 1894//1894 2420//2420
f 1895//1895 2421//2421 2912//2912 2420//2420
f 1890//1890 2403//2403 2912//2912 2421//2421
f 2405//2405 1890//1890 2421//2421 2913//2913
f 2422//2422 2913//2913 2421//2421 1895//1895
f 1896//1896 2423//2423 2913//2913 2422//2422
f 1891//1891 2405//2405 2913//2913 2423//2423
f 2424//2424 2407//2407 2423//2423 1896//1896
f 1897//1897 2425//2425 2407//2407 2424//2424
f 2914//2914 2427//2427 1898//1898 2428//2428
f 2426//2426 1898//1898 2427//2427
f 2409//2409 2426//2426 2427//2427
f 2427//2427 2914//2914 2411//2411
f 2444//2444 2429//2429 2914//2914 2428//2428
f 2432//2432 2415//2415 2431//2431 2446//2446
f 2429//2429 2430//2430 2413//2413
f 2429//2429 2444//2444 2430//2430
f 2433//2433 2382//2382 1892//1892 1899//1899
f 2415//2415 2432//2432 1899//1899
f 2415//2415 1899//1899 1892//1892
f 2915//2915 2418//2418 1893//1893 1901//1901
f 2382//2382 2433//2433 1906//1906
f 1900//1900 2434//2434 2417//2417
f 1902//1902 1894//1894 2418//2418 2915//2915
f 1901//1901 2435//2435 2915//2915
f 2916//2916 2420//2420 1894//1894 1902//1902
f 1903//1903 2437//2437 2916//2916 2436//2436
f 1902//1902 2436//2436 2916//2916
f 1895//1895 2420//2420 2916//2916 2437//2437
f 2422//2422 1895//1895 2437//2437 2917//2917
f 2438//2438 2917//2917 2437//2437 1903//1903
f 1904//1904 2439//2439 2917//2917 2438//2438
f 1896//1896 2422//2422 2917//2917 2439//2439
f 2440//2440 2424//2424 2439//2439 1904//1904
f 2918//2918 2426//2426 1897//1897 1905//1905
f 2424//2424 2440//2440 1905//1905
f 2424//2424 1905//1905 1897//1897
f 2442//2442 2918//2918 2441//2441 2459//2459
f 1905//1905 2441//2441 2918//2918
f 2442//2442 1898//1898 2426//2426 2918//2918
f 2443//2443 2428//2428 2442//2442 2459//2459
f 2461//2461 2444//2444 2428//2428 2443//2443
f 2447//2447 2432//2432 2446//2446 2463//2463
f 2444//2444 2445//2445 2430//2430
f 2444//2444 2461//2461 2445//2445
f 1900//1900 2416//2416 2448//2448 1913//1913
f 2432//2432 2447//2447 1912//1912
f 2432//2432 1912//1912 1899//1899
f 1899//1899 1912//1912 2433//2433
f 1877//1877 2448//2448 2416//2416
f 2451//2451 2435//2435 2450//2450 1908//1908
f 1900//1900 1913//1913 2434//2434
f 1913//1913 2449//2449 2434//2434
f 1901//1901 1907//1907 2435//2435
f 1907//1907 2450//2450 2435//2435
f 2436//2436 1902//1902 2451//2451 2919//2919
f 2919//2919 2451//2451 1908//1908 2452//2452
f 2453//2453 2919//2919 2452//2452 1909//1909
f 1903//1903 2436//2436 2919//2919 2453//2453
f 2438//2438 1903//1903 2453//2453 2920//2920
f 2454//2454 2920//2920 2453//2453 1909//1909
f 1910//1910 2455//2455 2920//2920 2454//2454
f 1904//1904 2438//2438 2920//2920 2455//2455
f 2456//2456 2440//2440 2455//2455 1910//1910
f 2472//2472 2457//2457 2440//2440 2456//2456
f 2441//2441 2457//2457 2472//2472 2458//2458
f 2440//2440 2457//2457 1905//1905
f 1905//1905 2457//2457 2441//2441
f 2459//2459 2441//2441 2458//2458 1911//1911
f 2921//2921 2459//2459 1911//1911 2460//2460
f 2459//2459 2921//2921 2443//2443
f 2475//2475 2461//2461 2921//2921 2460//2460
f 2462//2462 2922//2922 2461//2461 2475//2475
f 2461//2461 2922//2922 2445//2445
f 2477//2477 2463//2463 2922//2922 2462//2462
f 2466//2466 2450//2450 2465//2465 1915//1915
f 2463//2463 2477//2477 2447//2447
f 1913//1913 2464//2464 2449//2449
f 1907//1907 1914//1914 2450//2450
f 1914//1914 2465//2465 2450//2450
f 2923//2923 2452//2452 1908//1908 2466//2466
f 2923//2923 2466//2466 1915//1915 2467//2467
f 1916//1916 2468//2468 2923//2923 2467//2467
f 1909//1909 2452//2452 2923//2923 2468//2468
f 2454//2454 1909//1909 2468//2468 2924//2924
f 2469//2469 2924//2924 2468//2468 1916//1916
f 1917//1917 2470//2470 2924//2924 2469//2469
f 1910//1910 2454//2454 2924//2924 2470//2470
f 2471//2471 2456//2456 2470//2470 1917//1917
f 2487//2487 2472//2472 2456//2456 2471//2471
f 2458//2458 2472//2472 2487//2487 2473//2473
f 2491//2491 2475//2475 2460//2460 2474//2474
f 1918//1918 2474//2474 2460//2460
f 2476//2476 2462//2462 2475//2475 2491//2491
f 2493//2493 2477//2477 2462//2462 2476//2476
f 1912//1912 2447//2447 2478//2478 1925//1925
f 2477//2477 2478//2478 2447//2447
f 2477//2477 2493//2493 2478//2478
f 2480//2480 2464//2464 2479//2479 2498//2498
f 1912//1912 1925//1925 2433//2433
f 1877//1877 1919//1919 2448//2448
f 2448//2448 1926//1926 1913//1913
f 1913//1913 1926//1926 2464//2464
f 1926//1926 2479//2479 2464//2464
f 2481//2481 2465//2465 1914//1914 2480//2480
f 1920//1920 1915//1915 2465//2465 2481//2481
f 2925//2925 2467//2467 1915//1915 1920//1920
f 1921//1921 2483//2483 2925//2925 2482//2482
f 1920//1920 2482//2482 2925//2925
f 1916//1916 2467//2467 2925//2925 2483//2483
f 2469//2469 1916//1916 2483//2483 2926//2926
f 2484//2484 2926//2926 2483//2483 1921//1921
f 1922//1922 2485//2485 2926//2926 2484//2484
f 1917//1917 2469//2469 2926//2926 2485//2485
f 2486//2486 2471//2471 2485//2485 1922//1922
f 1923//1923 2487//2487 2471//2471 2486//2486
f 2927//2927 2487//2487 1923//1923 2488//2488
f 2489//2489 2927//2927 2488//2488 2507//2507
f 2489//2489 1918//1918 2473//2473 2927//2927
f 2490//2490 2474//2474 2489//2489 2507//2507
f 1924//1924 2491//2491 2474//2474 2490//2490
f 2498//2498 2479//2479 2497//2497 2513//2513
f 2491//2491 2492//2492 2476//2476
f 2491//2491 1924//1924 2492//2492
f 2493//2493 2494//2494 2478//2478
f 2493//2493 2510//2510 2494//2494
f 2433//2433 2495//2495 1937//1937
f 1919//1919 2496//2496 2448//2448
f 1926//1926 2497//2497 2479//2479
f 2928//2928 2498//2498 2513//2513 2499//2499
f 2500//2500 2928//2928 2499//2499 1927//1927
f 2500//2500 1920//1920 2481//2481 2928//2928
f 2482//2482 1920//1920 2500//2500 2929//2929
f 2929//2929 2500//2500 1927//1927 2501//2501
f 1928//1928 2502//2502 2929//2929 2501//2501
f 1921//1921 2482//2482 2929//2929 2502//2502
f 2484//2484 1921//1921 2502//2502 2930//2930
f 2503//2503 2930//2930 2502//2502 1928//1928
f 1929//1929 2504//2504 2930//2930 2503//2503
f 1922//1922 2484//2484 2930//2930 2504//2504
f 2486//2486 1922//1922 2504//2504 2505//2505
f 1923//1923 2486//2486 2505//2505 1930//1930
f 2504//2504 1929//1929 2505//2505
f 2931//2931 2488//2488 1923//1923 1930//1930
f 2507//2507 2931//2931 2506//2506 1931//1931
f 1930//1930 2506//2506 2931//2931
f 2932//2932 2507//2507 1931//1931 2508//2508
f 2488//2488 2931//2931 2507//2507
f 2507//2507 2932//2932 2490//2490
f 1924//1924 2490//2490 2932//2932 1932//1932
f 2932//2932 2508//2508 1932//1932
f 2492//2492 1924//1924 1932//1932 2509//2509
f 1925//1925 2494//2494 2511//2511 1936//1936
f 2510//2510 2511//2511 2494//2494
f 2510//2510 2527//2527 2511//2511
f 2513//2513 2497//2497 2512//2512 2530//2530
f 1925//1925 1936//1936 2495//2495
f 2496//2496 1938//1938 1926//1926
f 1926//1926 1938//1938 2497//2497
f 1938//1938 2512//2512 2497//2497
f 2499//2499 2513//2513 2530//2530 2514//2514
f 2515//2515 2499//2499 2514//2514 1933//1933
f 2933//2933 2501//2501 1927//1927 2515//2515
f 2933//2933 2515//2515 1933//1933 2516//2516
f 1934//1934 2517//2517 2933//2933 2516//2516
f 1928//1928 2501//2501 2933//2933 2517//2517
f 2503//2503 1928//1928 2517//2517 2934//2934
f 2518//2518 2934//2934 2517//2517 1934//1934
f 1935//1935 2519//2519 2934//2934 2518//2518
f 1929//1929 2503//2503 2934//2934 2519//2519
f 2505//2505 1929//1929 2519//2519 2520//2520
f 1930//1930 2505//2505 2520//2520 2521//2521
f 2519//2519 1935//1935 2520//2520
f 2935//2935 2506//2506 1930//1930 2521//2521
f 2935//2935 2521//2521 2537//2537 2522//2522
f 2523//2523 2935//2935 2522//2522 2539//2539
f 2523//2523 1931//1931 2506//2506 2935//2935
f 2524//2524 2508//2508 2523//2523 2539//2539
f 2541//2541 2525//2525 2508//2508 2524//2524
f 2509//2509 1932//1932 2525//2525 2526//2526
f 2508//2508 2525//2525 1932//1932
f 2528//2528 2511//2511 2527//2527 2543//2543
f 2525//2525 2541//2541 2526//2526
f 2530//2530 2512//2512 2529//2529 1939//1939
f 2511//2511 2528//2528 1936//1936
f 1938//1938 2529//2529 2512//2512
f 2514//2514 2530//2530 1939//1939 2531//2531
f 2936//2936 2516//2516 1933//1933 1940//1940
f 1941//1941 2533//2533 2936//2936 2532//2532
f 1940//1940 2532//2532 2936//2936
f 1934//1934 2516//2516 2936//2936 2533//2533
f 2518//2518 1934//1934 2533//2533 2937//2937
f 2534//2534 2937//2937 2533//2533 1941//1941
f 1942//1942 2535//2535 2937//2937 2534//2534
f 1935//1935 2518//2518 2937//2937 2535//2535
f 2520//2520 1935//1935 2535//2535 2938//2938
f 2536//2536 2938//2938 2535//2535 1942//1942
f 2554//2554 2537//2537 2938//2938 2536//2536
f 2939//2939 2537//2537 2554//2554 2538//2538
f 2539//2539 2939//2939 2538//2538 1943//1943
f 2940//2940 2539//2539 1943//1943 2540//2540
f 2522//2522 2939//2939 2539//2539
f 2539//2539 2940//2940 2524//2524
f 2557//2557 2541//2541 2940//2940 2540//2540
f 2544//2544 2528//2528 2543//2543 2559//2559
f 2541//2541 2542//2542 2526//2526
f 2541//2541 2557//2557 2542//2542
f 2545//2545 2495//2495 1936//1936 1949//1949
f 2528//2528 2544//2544 1949//1949
f 2528//2528 1949//1949 1936//1936
f 1979//1979 1937//1937 2495//2495 2545//2545
f 2548//2548 2531//2531 2547//2547 1945//1945
f 2496//2496 1951//1951 1938//1938
f 1938//1938 1951//1951 2529//2529
f 1951//1951 2546//2546 2529//2529
f 1939//1939 1944//1944 2531//2531
f 1944//1944 2547//2547 2531//2531
f 2532//2532 1940//1940 2548//2548 2941//2941
f 2941//2941 2548//2548 1945//1945 2549//2549
f 1946//1946 2550//2550 2941//2941 2549//2549
f 1941//1941 2532//2532 2941//2941 2550//2550
f 2534//2534 1941//1941 2550//2550 2942//2942
f 2551//2551 2942//2942 2550//2550 1946//1946
f 1947//1947 2552//2552 2942//2942 2551//2551
f 1942//1942 2534//2534 2942//2942 2552//2552
f 2553//2553 2536//2536 2552//2552 1947//1947
f 2570//2570 2554//2554 2536//2536 2553//2553
f 2943//2943 2554//2554 2570//2570 2555//2555
f 1948//1948 1943//1943 2538//2538 2943//2943
f 2574//2574 2557//2557 2540//2540 2556//2556
f 2560//2560 2544//2544 2559//2559 2576//2576
f 2557//2557 2558//2558 2542//2542
f 2557//2557 2574//2574 2558//2558
f 2564//2564 2547//2547 2563//2563 1953//1953
f 2544//2544 2560//2560 1949//1949
f 1919//1919 2561//2561 2496//2496
f 1919//1919 1950//1950 2561//2561
f 1951//1951 2562//2562 2546//2546
f 1944//1944 1952//1952 2547//2547
f 1952//1952 2563//2563 2547//2547
f 2944//2944 2549//2549 1945//1945 2564//2564
f 2944//2944 2564//2564 1953//1953 2565//2565
f 1954//1954 2566//2566 2944//2944 2565//2565
f 1946//1946 2549//2549 2944//2944 2566//2566
f 2551//2551 1946//1946 2566//2566 2945//2945
f 2567//2567 2945//2945 2566//2566 1954//1954
f 1955//1955 2568//2568 2945//2945 2567//2567
f 1947//1947 2551//2551 2945//2945 2568//2568
f 2569//2569 2553//2553 2568//2568 1955//1955
f 2587//2587 2570//2570 2553//2553 2569//2569
f 2946//2946 2570//2570 2587//2587 2571//2571
f 2572//2572 2946//2946 2571//2571 2589//2589
f 2572//2572 1948//1948 2555//2555 2946//2946
f 2556//2556 1948//1948 2572//2572 2947//2947
f 2573//2573 2947//2947 2572//2572 2589//2589
f 2591//2591 2574//2574 2947//2947 2573//2573
f 2577//2577 2560//2560 2576//2576 2593//2593
f 2574//2574 2575//2575 2558//2558
f 2574//2574 2591//2591 2575//2575
f 2578//2578 2545//2545 1949//1949 1956//1956
f 2560//2560 2577//2577 1956//1956
f 2560//2560 1956//1956 1949//1949
f 2580//2580 2562//2562 2579//2579 2596//2596
f 2545//2545 2578//2578 1979//1979
f 2561//2561 1960//1960 1951//1951
f 1951//1951 1960//1960 2562//2562
f 1960//1960 2579//2579 2562//2562
f 2563//2563 2580//2580 2596//2596 2581//2581
f 1952//1952 2580//2580 2563//2563
f 2948//2948 2565//2565 1953//1953 1957//1957
f 1958//1958 2583//2583 2948//2948 2582//2582
f 1957//1957 2582//2582 2948//2948
f 1954//1954 2565//2565 2948//2948 2583//2583
f 2567//2567 1954//1954 2583//2583 2949//2949
f 2584//2584 2949//2949 2583//2583 1958//1958
f 1959//1959 2585//2585 2949//2949 2584//2584
f 1955//1955 2567//2567 2949//2949 2585//2585
f 2586//2586 2569//2569 2585//2585 1959//1959
f 2604//2604 2587//2587 2569//2569 2586//2586
f 2950//2950 2587//2587 2604//2604 2588//2588
f 2589//2589 2950//2950 2588//2588 2606//2606
f 2590//2590 2951//2951 2589//2589 2606//2606
f 2571//2571 2950//2950 2589//2589
f 2589//2589 2951//2951 2573//2573
f 2608//2608 2591//2591 2951//2951 2590//2590
f 2594//2594 2577//2577 2593//2593 2610//2610
f 2591//2591 2592//2592 2575//2575
f 2591//2591 2608//2608 2592//2592
f 2596//2596 2579//2579 2595//2595 1961//1961
f 2577//2577 2594//2594 1965//1965
f 2577//2577 1965//1965 1956//1956
f 1956//1956 1965//1965 2578//2578
f 1960//1960 2595//2595 2579//2579
f 2581//2581 2596//2596 1961//1961 2597//2597
f 2598//2598 2581//2581 2597//2597 1962//1962
f 2582//2582 1957//1957 2598//2598 2952//2952
f 2952//2952 2598//2598 1962//1962 2599//2599
f 1963//1963 2600//2600 2952//2952 2599//2599
f 1958//1958 2582//2582 2952//2952 2600//2600
f 2584//2584 1958//1958 2600//2600 2953//2953
f 2601//2601 2953//2953 2600//2600 1963//1963
f 1964//1964 2602//2602 2953//2953 2601//2601
f 1959//1959 2584//2584 2953//2953 2602//2602
f 2603//2603 2586//2586 2602//2602 1964//1964
f 2621//2621 2604//2604 2586//2586 2603//2603
f 2954//2954 2604//2604 2621//2621 2605//2605
f 2606//2606 2954//2954 2605//2605 2623//2623
f 2607//2607 2955//2955 2606//2606 2623//2623
f 2588//2588 2954//2954 2606//2606
f 2606//2606 2955//2955 2590//2590
f 2625//2625 2608//2608 2955//2955 2607//2607
f 2611//2611 2594//2594 2610//2610 2627//2627
f 2608//2608 2609//2609 2592//2592
f 2608//2608 2625//2625 2609//2609
f 1960//1960 2561//2561 2612//2612 1973//1973
f 2594//2594 2611//2611 1965//1965
f 1950//1950 2612//2612 2561//2561
f 2614//2614 2597//2597 1961//1961 1966//1966
f 1960//1960 1973//1973 2595//2595
f 1973//1973 2613//2613 2595//2595
f 2615//2615 1962//1962 2597//2597 2614//2614
f 2614//2614 1967//1967 2615//2615
f 2599//2599 1962//1962 2615//2615 2956//2956
f 2956//2956 2615//2615 1967//1967 2616//2616
f 1968//1968 2617//2617 2956//2956 2616//2616
f 1963//1963 2599//2599 2956//2956 2617//2617
f 2601//2601 1963//1963 2617//2617 2957//2957
f 2618//2618 2957//2957 2617//2617 1968//1968
f 1969//1969 2619//2619 2957//2957 2618//2618
f 1964//1964 2601//2601 2957//2957 2619//2619
f 2620//2620 2603//2603 2619//2619 1969//1969
f 1970//1970 2621//2621 2603//2603 2620//2620
f 2958//2958 2623//2623 1971//1971 2624//2624
f 2622//2622 1971//1971 2623//2623
f 2605//2605 2622//2622 2623//2623
f 2623//2623 2958//2958 2607//2607
f 2640//2640 2625//2625 2958//2958 2624//2624
f 2628//2628 2611//2611 2627//2627 2642//2642
f 2625//2625 2626//2626 2609//2609
f 2625//2625 2640//2640 2626//2626
f 2629//2629 2578//2578 1965//1965 1972//1972
f 2611//2611 2628//2628 1972//1972
f 2611//2611 1972//1972 1965//1965
f 2959//2959 2614//2614 1966//1966 1974//1974
f 2578//2578 2629//2629 1979//1979
f 1973//1973 2630//2630 2613//2613
f 1975//1975 1967//1967 2614//2614 2959//2959
f 1974//1974 2631//2631 2959//2959
f 2960//2960 2616//2616 1967//1967 1975//1975
f 1976//1976 2633//2633 2960//2960 2632//2632
f 1975//1975 2632//2632 2960//2960
f 1968//1968 2616//2616 2960//2960 2633//2633
f 2618//2618 1968//1968 2633//2633 2961//2961
f 2634//2634 2961//2961 2633//2633 1976//1976
f 1977//1977 2635//2635 2961//2961 2634//2634
f 1969//1969 2618//2618 2961//2961 2635//2635
f 2636//2636 2620//2620 2635//2635 1977//1977
f 2962//2962 2622//2622 1970//1970 1978//1978
f 2620//2620 2636//2636 1978//1978
f 2620//2620 1978//1978 1970//1970
f 2638//2638 2962//2962 2637//2637 2655//2655
f 1978//1978 2637//2637 2962//2962
f 2638//2638 1971//1971 2622//2622 2962//2962
f 2639//2639 2624//2624 2638//2638 2655//2655
f 2657//2657 2640//2640 2624//2624 2639//2639
f 2643//2643 2628//2628 2642//2642 2659//2659
f 2640//2640 2641//2641 2626//2626
f 2640//2640 2657//2657 2641//2641
f 1973//1973 2612//2612 2644//2644 1986//1986
f 2628//2628 2643//2643 1985//1985
f 2628//2628 1985//1985 1972//1972
f 1972//1972 1985//1985 2629//2629
f 1950//1950 2644//2644 2612//2612
f 2647//2647 2631//2631 2646//2646 1981//1981
f 1973//1973 1986//1986 2630//2630
f 1986//1986 2645//2645 2630//2630
f 1974//1974 1980//1980 2631//2631
f 1980//1980 2646//2646 2631//2631
f 2632//2632 1975//1975 2647//2647 2963//2963
f 2963//2963 2647//2647 1981//1981 2648//2648
f 2649//2649 2963//2963 2648//2648 1982//1982
f 1976//1976 2632//2632 2963//2963 2649//2649
f 2634//2634 1976//1976 2649//2649 2964//2964
f 2650//2650 2964//2964 2649//2649 1982//1982
f 1983//1983 2651//2651 2964//2964 2650//2650
f 1977//1977 2634//2634 2964//2964 2651//2651
f 2652//2652 2636//2636 2651//2651 1983//1983
f 2668//2668 2653//2653 2636//2636 2652//2652
f 2637//2637 2653//2653 2668//2668 2654//2654
f 2636//2636 2653//2653 1978//1978
f 1978//1978 2653//2653 2637//2637
f 2655//2655 2637//2637 2654//2654 1984//1984
f 2965//2965 2655//2655 1984//1984 2656//2656
f 2655//2655 2965//2965 2639//2639
f 2671//2671 2657//2657 2965//2965 2656//2656
f 2658//2658 2966//2966 2657//2657 2671//2671
f 2657//2657 2966//2966 2641//2641
f 2673//2673 2659//2659 2966//2966 2658//2658
f 2662//2662 2646//2646 2661//2661 1988//1988
f 2659//2659 2673//2673 2643//2643
f 1986//1986 2660//2660 2645//2645
f 1980//1980 1987//1987 2646//2646
f 1987//1987 2661//2661 2646//2646
f 2967//2967 2648//2648 1981//1981 2662//2662
f 2967//2967 2662//2662 1988//1988 2663//2663
f 1989//1989 2664//2664 2967//2967 2663//2663
f 1982//1982 2648//2648 2967//2967 2664//2664
f 2650//2650 1982//1982 2664//2664 2968//2968
f 2665//2665 2968//2968 2664//2664 1989//1989
f 1990//1990 2666//2666 2968//2968 2665//2665
f 1983//1983 2650//2650 2968//2968 2666//2666
f 2667//2667 2652//2652 2666//2666 1990//1990
f 2683//2683 2668//2668 2652//2652 2667//2667
f 2654//2654 2668//2668 2683//2683 2669//2669
f 2687//2687 2671//2671 2656//2656 2670//2670
f 1991//1991 2670//2670 2656//2656
f 2672//2672 2658//2658 2671//2671 2687//2687
f 2689//2689 2673//2673 2658//2658 2672//2672
f 1985//1985 2643//2643 2674//2674 1998//1998
f 2673//2673 2674//2674 2643//2643
f 2673//2673 2689//2689 2674//2674
f 2676//2676 2660//2660 2675//2675 2694//2694
f 1985//1985 1998//1998 2629//2629
f 1950//1950 1992//1992 2644//2644
f 2644//2644 1999//1999 1986//1986
f 1986//1986 1999//1999 2660//2660
f 1999//1999 2675//2675 2660//2660
f 2677//2677 2661//2661 1987//1987 2676//2676
f 1993//1993 1988//1988 2661//2661 2677//2677
f 2969//2969 2663//2663 1988//1988 1993//1993
f 1994//1994 2679//2679 2969//2969 2678//2678
f 1993//1993 2678//2678 2969//2969
f 1989//1989 2663//2663 2969//2969 2679//2679
f 2665//2665 1989//1989 2679//2679 2970//2970
f 2680//2680 2970//2970 2679//2679 1994//1994
f 1995//1995 2681//2681 2970//2970 2680//2680
f 1990//1990 2665//2665 2970//2970 2681//2681
f 2682//2682 2667//2667 2681//2681 1995//1995
f 1996//1996 2683//2683 2667//2667 2682//2682
f 2669//2669 2683//2683 1996//1996 2684//2684
f 2685//2685 2669//2669 2684//2684 2703//2703
f 2686//2686 2670//2670 2685//2685 2703//2703
f 1997//1997 2687//2687 2670//2670 2686//2686
f 2694//2694 2675//2675 2693//2693 2709//2709
f 2687//2687 2688//2688 2672//2672
f 2687//2687 1997//1997 2688//2688
f 2689//2689 2690//2690 2674//2674
f 2689//2689 2706//2706 2690//2690
f 2629//2629 2691//2691 2010//2010
f 1992//1992 2692//2692 2644//2644
f 1999//1999 2693//2693 2675//2675
f 2971//2971 2694//2694 2709//2709 2695//2695
f 2696//2696 2971//2971 2695//2695 2000//2000
f 2696//2696 1993//1993 2677//2677 2971//2971
f 2678//2678 1993//1993 2696//2696 2972//2972
f 2972//2972 2696//2696 2000//2000 2697//2697
f 2001//2001 2698//2698 2972//2972 2697//2697
f 1994//1994 2678//2678 2972//2972 2698//2698
f 2680//2680 1994//1994 2698//2698 2973//2973
f 2699//2699 2973//2973 2698//2698 2001//2001
f 2002//2002 2700//2700 2973//2973 2699//2699
f 1995//1995 2680//2680 2973//2973 2700//2700
f 2682//2682 1995//1995 2700//2700 2701//2701
f 1996//1996 2682//2682 2701//2701 2003//2003
f 2700//2700 2002//2002 2701//2701
f 2974//2974 2684//2684 1996//1996 2003//2003
f 2703//2703 2974//2974 2702//2702 2004//2004
f 2003//2003 2702//2702 2974//2974
f 2975//2975 2703//2703 2004//2004 2704//2704
f 2684//2684 2974//2974 2703//2703
f 2703//2703 2975//2975 2686//2686
f 1997//1997 2686//2686 2975//2975 2005//2005
f 2975//2975 2704//2704 2005//2005
f 2688//2688 1997//1997 2005//2005 2705//2705
f 1998//1998 2690//2690 2707//2707 2009//2009
f 2706//2706 2707//2707 2690//2690
f 2706//2706 2723//2723 2707//2707
f 2709//2709 2693//2693 2708//2708 2726//2726
f 1998//1998 2009//2009 2691//2691
f 2692//2692 2011//2011 1999//1999
f 1999//1999 2011//2011 2693//2693
f 2011//2011 2708//2708 2693//2693
f 2695//2695 2709//2709 2726//2726 2710//2710
f 2711//2711 2695//2695 2710//2710 2006//2006
f 2976//2976 2697//2697 2000//2000 2711//2711
f 2976//2976 2711//2711 2006//2006 2712//2712
f 2007//2007 2713//2713 2976//2976 2712//2712
f 2001//2001 2697//2697 2976//2976 2713//2713
f 2699//2699 2001//2001 2713//2713 2977//2977
f 2714//2714 2977//2977 2713//2713 2007//2007
f 2008//2008 2715//2715 2977//2977 2714//2714
f 2002//2002 2699//2699 2977//2977 2715//2715
f 2701//2701 2002//2002 2715//2715 2716//2716
f 2003//2003 2701//2701 2716//2716 2717//2717
f 2715//2715 2008//2008 2716//2716
f 2978//2978 2702//2702 2003//2003 2717//2717
f 2978//2978 2717//2717 2733//2733 2718//2718
f 2719//2719 2978//2978 2718//2718 2735//2735
f 2719//2719 2004//2004 2702//2702 2978//2978
f 2720//2720 2704//2704 2719//2719 2735//2735
f 2737//2737 2721//2721 2704//2704 2720//2720
f 2705//2705 2005//2005 2721//2721 2722//2722
f 2704//2704 2721//2721 2005//2005
f 2724//2724 2707//2707 2723//2723 2739//2739
f 2721//2721 2737//2737 2722//2722
f 2726//2726 2708//2708 2725//2725 2012//2012
f 2707//2707 2724//2724 2009//2009
f 2011//2011 2725//2725 2708//2708
f 2710//2710 2726//2726 2012//2012 2727//2727
f 2979//2979 2712//2712 2006//2006 2013//2013
f 2014//2014 2729//2729 2979//2979 2728//2728
f 2013//2013 2728//2728 2979//2979
f 2007//2007 2712//2712 2979//2979 2729//2729
f 2714//2714 2007//2007 2729//2729 2980//2980
f 2730//2730 2980//2980 2729//2729 2014//2014
f 2015//2015 2731//2731 2980//2980 2730//2730
f 2008//2008 2714//2714 2980//2980 2731//2731
f 2716//2716 2008//2008 2731//2731 2981//2981
f 2732//2732 2981//2981 2731//2731 2015//2015
f 2750//2750 2733//2733 2981//2981 2732//2732
f 2982//2982 2733//2733 2750//2750 2734//2734
f 2735//2735 2982//2982 2734//2734 2016//2016
f 2983//2983 2735//2735 2016//2016 2736//2736
f 2718//2718 2982//2982 2735//2735
f 2735//2735 2983//2983 2720//2720
f 2753//2753 2737//2737 2983//2983 2736//2736
f 2740//2740 2724//2724 2739//2739 2755//2755
f 2737//2737 2738//2738 2722//2722
f 2737//2737 2753//2753 2738//2738
f 2741//2741 2691//2691 2009//2009 2022//2022
f 2724//2724 2740//2740 2022//2022
f 2724//2724 2022//2022 2009//2009
f 2029//2029 2010//2010 2691//2691 2741//2741
f 2744//2744 2727//2727 2743//2743 2018//2018
f 2692//2692 2023//2023 2011//2011
f 2011//2011 2023//2023 2725//2725
f 2023//2023 2742//2742 2725//2725
f 2012//2012 2017//2017 2727//2727
f 2017//2017 2743//2743 2727//2727
f 2728//2728 2013//2013 2744//2744 2984//2984
f 2984//2984 2744//2744 2018//2018 2745//2745
f 2019//2019 2746//2746 2984//2984 2745//2745
f 2014//2014 2728//2728 2984//2984 2746//2746
f 2730//2730 2014//2014 2746//2746 2985//2985
f 2747//2747 2985//2985 2746//2746 2019//2019
f 2020//2020 2748//2748 2985//2985 2747//2747
f 2015//2015 2730//2730 2985//2985 2748//2748
f 2749//2749 2732//2732 2748//2748 2020//2020
f 2766//2766 2750//2750 2732//2732 2749//2749
f 2986//2986 2750//2750 2766//2766 2751//2751
f 2021//2021 2016//2016 2734//2734 2986//2986
f 2770//2770 2753//2753 2736//2736 2752//2752
f 2756//2756 2740//2740 2755//2755 2772//2772
f 2753//2753 2754//2754 2738//2738
f 2753//2753 2770//2770 2754//2754
f 2760//2760 2743//2743 2759//2759 2025//2025
f 2740//2740 2756//2756 2022//2022
f 1992//1992 2757//2757 2692//2692
f 2023//2023 2758//2758 2742//2742
f 2017//2017 2024//2024 2743//2743
f 2024//2024 2759//2759 2743//2743
f 2987//2987 2745//2745 2018//2018 2760//2760
f 2987//2987 2760//2760 2025//2025 2761//2761
f 2026//2026 2762//2762 2987//2987 2761//2761
f 2019//2019 2745//2745 2987//2987 2762//2762
f 2747//2747 2019//2019 2762//2762 2988//2988
f 2763//2763 2988//2988 2762//2762 2026//2026
f 2027//2027 2764//2764 2988//2988 2763//2763
f 2020//2020 2747//2747 2988//2988 2764//2764
f 2765//2765 2749//2749 2764//2764 2027//2027
f 2783//2783 2766//2766 2749//2749 2765//2765
f 2989//2989 2766//2766 2783//2783 2767//2767
f 2768//2768 2989//2989 2767//2767 2785//2785
f 2768//2768 2021//2021 2751//2751 2989//2989
f 2752//2752 2021//2021 2768//2768 2990//2990
f 2769//2769 2990//2990 2768//2768 2785//2785
f 2787//2787 2770//2770 2990//2990 2769//2769
f 2773//2773 2756//2756 2772//2772 2789//2789
f 2770//2770 2771//2771 2754//2754
f 2770//2770 2787//2787 2771//2771
f 2774//2774 2741//2741 2022//2022 2028//2028
f 2756//2756 2773//2773 2028//2028
f 2756//2756 2028//2028 2022//2022
f 2776//2776 2758//2758 2775//2775 2792//2792
f 2741//2741 2774//2774 2029//2029
f 2757//2757 2033//2033 2023//2023
f 2023//2023 2033//2033 2758//2758
f 2033//2033 2775//2775 2758//2758
f 2759//2759 2776//2776 2792//2792 2777//2777
f 2024//2024 2776//2776 2759//2759
f 2991//2991 2761//2761 2025//2025 2030//2030
f 2031//2031 2779//2779 2991//2991 2778//2778
f 2030//2030 2778//2778 2991//2991
f 2026//2026 2761//2761 2991//2991 2779//2779
f 2763//2763 2026//2026 2779//2779 2992//2992
f 2780//2780 2992//2992 2779//2779 2031//2031
f 2032//2032 2781//2781 2992//2992 2780//2780
f 2027//2027 2763//2763 2992//2992 2781//2781
f 2782//2782 2765//2765 2781//2781 2032//2032
f 2800//2800 2783//2783 2765//2765 2782//2782
f 2993//2993 2783//2783 2800//2800 2784//2784
f 2785//2785 2993//2993 2784//2784 2802//2802
f 2786//2786 2994//2994 2785//2785 2802//2802
f 2767//2767 2993//2993 2785//2785
f 2785//2785 2994//2994 2769//2769
f 2804//2804 2787//2787 2994//2994 2786//2786
f 2790//2790 2773//2773 2789//2789 2806//2806
f 2787//2787 2788//2788 2771//2771
f 2787//2787 2804//2804 2788//2788
f 2792//2792 2775//2775 2791//2791 2034//2034
f 2773//2773 2790//2790 2038//2038
f 2773//2773 2038//2038 2028//2028
f 2028//2028 2038//2038 2774//2774
f 2033//2033 2791//2791 2775//2775
f 2777//2777 2792//2792 2034//2034 2793//2793
f 2794//2794 2777//2777 2793//2793 2035//2035
f 2778//2778 2030//2030 2794//2794 2995//2995
f 2995//2995 2794//2794 2035//2035 2795//2795
f 2036//2036 2796//2796 2995//2995 2795//2795
f 2031//2031 2778//2778 2995//2995 2796//2796
f 2780//2780 2031//2031 2796//2796 2996//2996
f 2797//2797 2996//2996 2796//2796 2036//2036
f 2037//2037 2798//2798 2996//2996 2797//2797
f 2032//2032 2780//2780 2996//2996 2798//2798
f 2799//2799 2782//2782 2798//2798 2037//2037
f 2817//2817 2800//2800 2782//2782 2799//2799
f 2997//2997 2800//2800 2817//2817 2801//2801
f 2802//2802 2997//2997 2801//2801 2819//2819
f 2803//2803 2998//2998 2802//2802 2819//2819
f 2784//2784 2997//2997 2802//2802
f 2802//2802 2998//2998 2786//2786
f 2821//2821 2804//2804 2998//2998 2803//2803
f 2807//2807 2790//2790 2806//2806 2823//2823
f 2804//2804 2805//2805 2788//2788
f 2804//2804 2821//2821 2805//2805
f 2033//2033 2757//2757 2808//2808 1755//1755
f 2790//2790 2807//2807 2038//2038
f 1992//1992 2808//2808 2757//2757
f 2810//2810 2793//2793 2034//2034 2039//2039
f 2033//2033 1755//1755 2791//2791
f 1755//1755 2809//2809 2791//2791
f 2811//2811 2035//2035 2793//2793 2810//2810
f 2810//2810 2040//2040 2811//2811
f 2795//2795 2035//2035 2811//2811 2999//2999
f 2999//2999 2811//2811 2040//2040 2812//2812
f 2041//2041 2813//2813 2999//2999 2812//2812
f 2036//2036 2795//2795 2999//2999 2813//2813
f 2797//2797 2036//2036 2813//2813 3000//3000
f 2814//2814 3000//3000 2813//2813 2041//2041
f 2042//2042 2815//2815 3000//3000 2814//2814
f 2037//2037 2797//2797 3000//3000 2815//2815
f 2816//2816 2799//2799 2815//2815 2042//2042
f 2043//2043 2817//2817 2799//2799 2816//2816
f 3001//3001 2819//2819 2044//2044 2820//2820
f 2818//2818 2044//2044 2819//2819
f 2801//2801 2818//2818 2819//2819
f 2819//2819 3001//3001 2803//2803
f 2829//2829 2821//2821 3001//3001 2820//2820
f 2824//2824 2807//2807 2823//2823 2830//2830
f 2821//2821 2822//2822 2805//2805
f 2821//2821 2829//2829 2822//2822
f 2825//2825 2774//2774 2038//2038 2045//2045
f 2807//2807 2824//2824 2045//2045
f 2807//2807 2045//2045 2038//2038
f 3002//3002 2810//2810 2039//2039 1756//1756
f 2774//2774 2825//2825 1779//1779
f 1992//1992 1754//1754 2808//2808
f 1755//1755 2047//2047 2809//2809
f 1757//1757 2040//2040 2810//2810 3002//3002
f 1756//1756 2049//2049 3002//3002
f 3003//3003 2812//2812 2040//2040 1757//1757
f 1758//1758 2826//2826 3003//3003 2052//2052
f 1757//1757 2052//2052 3003//3003
f 2041//2041 2812//2812 3003//3003 2826//2826
f 2814//2814 2041//2041 2826//2826 3004//3004
f 2055//2055 3004//3004 2826//2826 1758//1758
f 1759//1759 2827//2827 3004//3004 2055//2055
f 2042//2042 2814//2814 3004//3004 2827//2827
f 2058//2058 2816//2816 2827//2827 1759//1759
f 3005//3005 2818//2818 2043//2043 1760//1760
f 2816//2816 2058//2058 1760//1760
f 2816//2816 1760//1760 2043//2043
f 2828//2828 3005//3005 2061//2061 2063//2063
f 1760//1760 2061//2061 3005//3005
f 2828//2828 2044//2044 2818//2818 3005//3005
f 2064//2064 2820//2820 2828//2828 2063//2063
f 2066//2066 2829//2829 2820//2820 2064//2064
f 2070//2070 2824//2824 2830//2830 2069//2069
f 2829//2829 2067//2067 2822//2822
f 2829//2829 2066//2066 2067//2067
f 2824//2824 2070//2070 1766//1766
f 2824//2824 1766//1766 2045//2045
f 2045//2045 1766//1766 2825//2825
f 1779//1779 1810//1810 2831//2831
f 1803//1803 1754//1754 2046//2046
f 1810//1810 1833//1833 2831//2831
f 1833//1833 1864//1864 2831//2831
f 1846//1846 1803//1803 2046//2046
f 1864//1864 1906//1906 2831//2831
f 1877//1877 1846//1846 2046//2046
f 1906//1906 1937//1937 2831//2831
f 1919//1919 1877//1877 2046//2046
f 1937//1937 1979//1979 2831//2831
f 1950//1950 1919//1919 2046//2046
f 1979//1979 2010//2010 2831//2831
f 1992//1992 1950//1950 2046//2046
f 2010//2010 2029//2029 2831//2831
f 2029//2029 1779//1779 2831//2831
f 1754//1754 1992//1992 2046//2046
o SminskiArm
v -0.197189 -0.572172 0.068943
v -0.193163 -0.595083 0.046822
v -0.204111 -0.570731 0.050106
v -0.200935 -0.592879 0.017217
v -0.179007 -0.578093 0.098830
v -0.177000 -0.606192 0.071063
v -0.183032 -0.615145 0.036433
v -0.221008 -0.481592 0.055394
v -0.222632 -0.521147 0.035236
v -0.218530 -0.550902 0.017366
v -0.227963 -0.490519 0.017302
v -0.227149 -0.458022 0.017044
v -0.220875 -0.424683 0.022465
v -0.200114 -0.504049 0.102113
v -0.198200 -0.465961 0.106042
v -0.202373 -0.539160 0.083696
v -0.209623 -0.492672 0.083707
v -0.210888 -0.468638 0.080503
v -0.203763 -0.436265 0.086919
v -0.216101 -0.512521 0.063000
v -0.192905 -0.380903 0.071958
v -0.216213 -0.537348 0.047048
v -0.219552 -0.446185 0.050049
v -0.214356 -0.424724 0.050810
v -0.176568 -0.535348 0.127605
v -0.180534 -0.514937 0.128798
v -0.185726 -0.480914 0.125379
v -0.184762 -0.447119 0.122468
v -0.182021 -0.560486 0.107654
v -0.189397 -0.429520 0.110302
v -0.171169 -0.385972 0.117278
v -0.193854 -0.532445 0.103632
v -0.183002 -0.381865 0.095360
v -0.200737 -0.375443 0.040429
v -0.196686 -0.330315 0.016661
v -0.198000 -0.290349 0.025525
v -0.176491 -0.297603 0.107244
v -0.181068 -0.356935 0.092044
v -0.183333 -0.291442 0.091229
v -0.187375 -0.352790 0.073619
v -0.189196 -0.287032 0.073705
v -0.195439 -0.355392 0.041974
v -0.194607 -0.334953 0.043054
v -0.193653 -0.279197 0.056091
v -0.196532 -0.290739 0.039731
v -0.176638 0.334309 0.107118
v -0.198046 0.333883 0.025587
v -0.183378 0.333815 0.091261
v -0.189219 0.334323 0.073765
v -0.193673 0.333714 0.056122
v -0.196534 0.336379 0.040010
v -0.221422 0.468504 0.058919
v -0.217777 0.437533 0.050917
v -0.220244 0.436781 0.018680
v -0.223673 0.457878 0.018680
v -0.225034 0.486424 0.027973
v -0.199736 0.469267 0.123218
v -0.196203 0.434609 0.117497
v -0.205802 0.422816 0.084809
v -0.213870 0.453343 0.081318
v -0.214391 0.475932 0.086921
v -0.198265 0.381779 0.063133
v -0.199382 0.365508 0.037234
v -0.204899 0.388133 0.029431
v -0.176526 0.429633 0.147811
v -0.180246 0.453164 0.150515
v -0.179916 0.474742 0.154299
v -0.165758 0.386051 0.139246
v -0.178896 0.366241 0.109554
v -0.185048 0.389955 0.109764
v -0.187992 0.363514 0.086052
v -0.060395 -0.566552 0.195457
v -0.030929 -0.581731 0.195008
v 0.004211 -0.580449 0.198495
v -0.012520 -0.571734 0.201334
v -0.103500 -0.476898 0.195286
v -0.084092 -0.523860 0.199488
v -0.090865 -0.492209 0.200432
v -0.100200 -0.450337 0.194227
v -0.061588 -0.502038 0.210056
v -0.064522 -0.460959 0.208949
v -0.072527 -0.404420 0.197054
v -0.037699 -0.478138 0.216673
v -0.044741 -0.546019 0.205844
v -0.044671 -0.405938 0.204884
v -0.032064 -0.503854 0.216492
v -0.031693 -0.451295 0.215355
v -0.007325 -0.523382 0.216360
v 0.000430 -0.480697 0.219570
v 0.002530 -0.442703 0.217030
v -0.013960 -0.407063 0.209021
v -0.087957 -0.303454 0.195633
v -0.061963 -0.378374 0.199661
v -0.072538 -0.307675 0.202165
v -0.054613 -0.305410 0.208171
v -0.020774 -0.380530 0.207671
v -0.035964 -0.307356 0.212822
v -0.005390 -0.313027 0.216941
v -0.020957 -0.282613 0.215504
v -0.006592 0.332352 0.217019
v -0.072248 0.334346 0.202376
v -0.054691 0.335547 0.208233
v -0.037073 0.335027 0.212674
v -0.020949 0.335214 0.215526
v -0.088216 0.334227 0.195614
v -0.130896 0.453289 0.199766
v -0.127898 0.487210 0.204758
v -0.106484 0.475300 0.217876
v -0.110885 0.433433 0.208213
v -0.079949 0.426615 0.221032
v -0.090022 0.454973 0.223135
v -0.093488 0.364504 0.196106
v -0.087842 0.387828 0.204720
v -0.068594 0.475850 0.233147
v -0.067402 0.364650 0.207088
v -0.048967 0.456036 0.236997
v -0.050453 0.491945 0.238915
v -0.042247 0.381837 0.217634
v -0.042047 0.428961 0.232670
v -0.012915 0.438116 0.239017
v -0.021511 0.455188 0.241308
v -0.018710 0.486591 0.243664
v -0.030644 0.365206 0.216257
v -0.008873 0.370275 0.219571
v -0.165281 -0.604939 0.094892
v -0.157051 -0.588760 0.121129
v -0.159215 -0.627721 0.072689
v -0.168641 -0.632982 0.037932
v -0.154131 -0.649703 0.030258
v -0.143263 -0.575570 0.144232
v -0.129605 -0.619071 0.123406
v -0.129346 -0.598566 0.141271
v -0.138121 -0.630725 0.100220
v -0.137126 -0.648073 0.074612
v -0.132907 -0.661041 0.052926
v -0.119388 -0.557529 0.171680
v -0.100645 -0.602075 0.159401
v -0.120400 -0.578300 0.160971
v -0.117125 -0.648814 0.099360
v -0.108840 -0.668439 0.074163
v -0.121560 -0.675346 0.030863
v -0.076614 -0.601983 0.171254
v -0.085380 -0.578107 0.180904
v -0.095674 -0.628298 0.140657
v -0.097903 -0.646271 0.119996
v -0.087192 -0.668585 0.096029
v -0.097607 -0.681893 0.055565
v -0.089357 -0.694576 0.017435
v -0.061514 -0.632995 0.153689
v -0.074062 -0.652506 0.127572
v -0.076665 -0.681565 0.079570
v -0.069099 -0.696297 0.046483
v -0.060983 -0.704307 0.019323
v -0.054559 -0.611833 0.172791
v -0.052370 -0.664028 0.122706
v -0.051353 -0.679487 0.099838
v -0.035560 -0.699750 0.062345
v -0.048261 -0.698580 0.059366
v -0.020099 -0.610076 0.180740
v -0.020734 -0.635326 0.161207
v -0.020528 -0.666957 0.127316
v -0.021381 -0.652401 0.144409
v -0.018861 -0.680503 0.107793
v -0.031772 -0.689772 0.087208
v -0.020356 -0.708256 0.037494
v -0.009782 -0.697445 0.075761
v -0.151790 -0.554542 0.147383
v -0.157024 -0.521020 0.153207
v -0.164273 -0.480979 0.150563
v -0.157674 -0.446930 0.153453
v -0.160088 -0.406147 0.139292
v -0.137696 -0.521919 0.169557
v -0.141081 -0.481030 0.170965
v -0.128835 -0.447709 0.176811
v -0.134930 -0.390508 0.159635
v -0.109159 -0.535274 0.185086
v -0.109720 -0.511903 0.189554
v -0.115747 -0.480895 0.188756
v -0.107608 -0.402367 0.180812
v -0.089800 -0.554213 0.188800
v -0.155920 -0.382728 0.137782
v -0.165200 -0.356026 0.122884
v -0.159926 -0.292875 0.134538
v -0.168824 -0.294627 0.121197
v -0.142469 -0.358371 0.151657
v -0.139554 -0.292522 0.158552
v -0.150187 -0.293291 0.147034
v -0.117038 -0.375702 0.172590
v -0.115259 -0.302985 0.179104
v -0.127832 -0.299824 0.169345
v -0.094208 -0.377925 0.186162
v -0.101113 -0.306945 0.188398
v -0.102268 0.331527 0.187834
v -0.139594 0.313145 0.158570
v -0.162442 0.332241 0.131421
v -0.168802 0.315976 0.121305
v -0.150228 0.314370 0.147078
v -0.115605 0.314887 0.178953
v -0.124973 0.330339 0.171992
v -0.154546 0.431260 0.173805
v -0.157001 0.469921 0.179905
v -0.145220 0.384790 0.162770
v -0.166303 0.414948 0.153931
v -0.163298 0.364729 0.135236
v -0.119273 0.384794 0.185188
v -0.136359 0.427397 0.188888
v -0.143536 0.357373 0.157308
v -0.120023 0.363605 0.179292
v -0.218619 0.508194 0.071499
v -0.222459 0.508438 0.050097
v -0.221812 0.527840 0.032287
v -0.194764 0.509812 0.131374
v -0.205622 0.509192 0.109211
v -0.201264 0.548925 0.100295
v -0.199204 0.576018 0.076934
v -0.214003 0.544368 0.062176
v -0.201886 0.582784 0.052884
v -0.213911 0.557047 0.030231
v -0.201913 0.588889 0.018486
v -0.196239 0.599556 0.024040
v -0.179776 0.498459 0.154680
v -0.173109 0.528556 0.157809
v -0.190408 0.538713 0.128910
v -0.186387 0.561027 0.122798
v -0.168117 0.581990 0.136405
v -0.185687 0.586769 0.100947
v -0.187777 0.600238 0.073285
v -0.171779 0.624815 0.071079
v -0.178806 0.621646 0.052726
v -0.176028 0.628506 0.030018
v -0.131986 0.521082 0.198943
v -0.131442 0.540515 0.194636
v -0.104837 0.509106 0.217959
v -0.119613 0.573735 0.190194
v -0.088783 0.498248 0.225715
v -0.082329 0.552424 0.218932
v -0.105967 0.537935 0.211688
v -0.099939 0.573045 0.202449
v -0.063517 0.520502 0.232638
v -0.058317 0.576161 0.218028
v -0.079307 0.593144 0.202040
v -0.038269 0.517056 0.239436
v -0.044873 0.548646 0.231287
v -0.055792 0.601586 0.205514
v -0.035692 0.623705 0.195719
v -0.034131 0.573820 0.224340
v -0.032287 0.597906 0.213101
v -0.013371 0.528049 0.240769
v -0.011214 0.557299 0.232807
v -0.002700 0.595169 0.217933
v -0.000367 0.629580 0.194799
v -0.154050 0.498048 0.183054
v -0.157039 0.527261 0.176022
v -0.145551 0.563676 0.174202
v -0.166315 0.560722 0.152969
v -0.145672 0.589968 0.158233
v -0.164920 0.603683 0.120670
v -0.167034 0.621336 0.091631
v -0.155466 0.646993 0.057653
v -0.154307 0.652096 0.029977
v -0.142110 0.616255 0.138732
v -0.147901 0.626412 0.118820
v -0.145130 0.643054 0.095903
v -0.131600 0.663680 0.072293
v -0.125395 0.612100 0.160291
v -0.119515 0.646026 0.127692
v -0.122055 0.662252 0.094290
v -0.102254 0.603902 0.183397
v -0.100541 0.626274 0.166527
v -0.100993 0.648345 0.141780
v -0.067695 0.624827 0.185509
v -0.056920 0.645988 0.169983
v -0.080191 0.647316 0.157581
v -0.057518 0.668104 0.142394
v -0.020788 0.651011 0.173823
v -0.130016 0.671671 0.039935
v -0.100290 0.671161 0.105214
v -0.106415 0.687179 0.032260
v -0.079293 0.671015 0.124985
v -0.100000 0.686091 0.062869
v -0.058210 0.689657 0.102762
v -0.081727 0.688453 0.084864
v -0.071007 0.699858 0.051027
v -0.069433 0.703199 0.018680
v -0.035136 0.669643 0.148593
v -0.044493 0.686458 0.117993
v -0.045815 0.704815 0.064053
v -0.047347 0.708522 0.037874
v -0.013738 0.687342 0.124988
v -0.032235 0.699868 0.089907
v -0.019415 0.710125 0.059092
v -0.020703 0.713347 0.019550
v -0.000177 0.672872 0.148945
v 0.000203 0.703178 0.088497
v -0.211655 -0.571326 0.007550
v -0.196746 -0.602495 -0.024671
v -0.212437 -0.571231 -0.023852
v -0.197851 -0.590593 -0.061020
v -0.209665 -0.566594 -0.057256
v -0.200591 -0.573984 -0.080370
v -0.192645 -0.576362 -0.097279
v -0.178216 -0.629771 -0.004940
v -0.184593 -0.612971 -0.058012
v -0.180264 -0.606496 -0.086490
v -0.178405 -0.582373 -0.118812
v -0.174262 -0.560162 -0.141130
v -0.226038 -0.521898 0.006129
v -0.222579 -0.541826 -0.014092
v -0.227690 -0.512573 -0.022265
v -0.229861 -0.480610 -0.014150
v -0.225787 -0.438294 -0.014054
v -0.218083 -0.408730 -0.026850
v -0.220197 -0.541539 -0.048637
v -0.224511 -0.522088 -0.045398
v -0.227507 -0.480882 -0.047111
v -0.224017 -0.439131 -0.045726
v -0.220307 -0.517181 -0.070787
v -0.222130 -0.480909 -0.073178
v -0.220162 -0.445092 -0.070114
v -0.218766 -0.412157 0.006475
v -0.214114 -0.409442 -0.056465
v -0.210908 -0.536357 -0.087181
v -0.214253 -0.502025 -0.093931
v -0.213715 -0.458284 -0.093940
v -0.209367 -0.424442 -0.088760
v -0.204573 -0.399863 -0.078481
v -0.196331 -0.553650 -0.110047
v -0.195906 -0.397280 -0.099279
v -0.196955 -0.537572 -0.118013
v -0.201724 -0.500818 -0.121749
v -0.196228 -0.474469 -0.133298
v -0.192780 -0.413663 -0.118255
v -0.192231 -0.512618 -0.135156
v -0.197881 -0.446156 -0.124473
v -0.180047 -0.402874 -0.131940
v -0.171308 -0.534309 -0.157196
v -0.178377 -0.492140 -0.157469
v -0.174834 -0.447181 -0.157844
v -0.175323 -0.425180 -0.149823
v -0.198137 -0.357099 0.008909
v -0.198005 -0.287854 0.011852
v -0.198208 -0.357728 -0.010815
v -0.195511 -0.356067 -0.035783
v -0.193629 -0.331259 -0.018020
v -0.196530 -0.259673 -0.002582
v -0.188988 -0.336595 -0.047118
v -0.189268 -0.312670 -0.036167
v -0.188829 -0.357930 -0.069795
v -0.183499 -0.305344 -0.053594
v -0.178995 -0.335894 -0.076642
v -0.175983 -0.315370 -0.075104
v -0.176650 -0.287416 -0.069773
v -0.174097 -0.382147 -0.125896
v -0.193670 0.333610 -0.018751
v -0.176617 0.333750 -0.069786
v -0.198039 0.333603 0.011709
v -0.196536 0.333492 -0.002609
v -0.189222 0.334325 -0.036394
v -0.183384 0.333817 -0.053885
v -0.224333 0.477138 0.000337
v -0.220513 0.449354 -0.011542
v -0.218648 0.474249 -0.036428
v -0.201646 0.376593 0.007551
v -0.198076 0.381220 -0.025880
v -0.213239 0.427623 -0.023613
v -0.213716 0.453000 -0.044232
v -0.203544 0.423623 -0.054625
v -0.200699 0.442553 -0.075015
v -0.198788 0.474970 -0.088316
v -0.196271 0.362762 -0.015167
v -0.187992 0.363514 -0.048693
v -0.185142 0.389006 -0.071526
v -0.176780 0.364376 -0.075762
v -0.188506 0.433274 -0.093613
v -0.180191 0.453083 -0.113225
v -0.183753 0.476190 -0.111582
v -0.172814 -0.512146 -0.161032
v -0.173516 -0.470720 -0.162589
v -0.154280 -0.654091 0.007484
v -0.156389 -0.652688 -0.027107
v -0.176264 -0.629989 -0.034872
v -0.163546 -0.635472 -0.068812
v -0.157864 -0.626902 -0.099330
v -0.161501 -0.606095 -0.121675
v -0.160868 -0.583429 -0.143131
v -0.134551 -0.670707 -0.014093
v -0.133753 -0.668386 -0.045924
v -0.142459 -0.654547 -0.071805
v -0.135607 -0.646819 -0.101954
v -0.138435 -0.625218 -0.129538
v -0.120663 -0.679236 0.007090
v -0.110241 -0.685929 -0.021506
v -0.106709 -0.682423 -0.059982
v -0.115620 -0.668039 -0.088180
v -0.115529 -0.647047 -0.126164
v -0.133385 -0.614580 -0.146942
v -0.089263 -0.694803 -0.036054
v -0.087929 -0.684657 -0.082993
v -0.094664 -0.669249 -0.110692
v -0.094075 -0.647912 -0.143138
v -0.096657 -0.627666 -0.163423
v -0.077286 -0.701053 -0.014591
v -0.070173 -0.700583 -0.049994
v -0.062109 -0.683908 -0.108088
v -0.073692 -0.667707 -0.129397
v -0.060600 -0.650423 -0.159168
v -0.041162 -0.710449 -0.004604
v -0.042535 -0.707517 -0.048151
v -0.045277 -0.700043 -0.079190
v -0.051427 -0.671115 -0.135888
v -0.014782 -0.699879 -0.091566
v -0.032847 -0.689196 -0.111287
v -0.021311 -0.675226 -0.138945
v 0.000448 -0.713027 0.008883
v -0.010461 -0.713267 -0.024891
v 0.000157 -0.707862 -0.066338
v 0.000584 -0.690246 -0.114604
v -0.020584 -0.658660 -0.160567
v -0.159878 -0.392931 -0.152617
v -0.172232 -0.349769 -0.099602
v -0.168854 -0.285305 -0.083891
v -0.162815 -0.333532 -0.103522
v -0.160550 -0.313584 -0.099965
v -0.159971 -0.284611 -0.097202
v -0.150284 -0.287121 -0.109633
v -0.149065 -0.337066 -0.123331
v -0.141198 -0.313587 -0.123090
v -0.139591 -0.285107 -0.121224
v -0.145870 -0.384085 -0.161335
v -0.119158 -0.313302 -0.143102
v -0.128127 -0.285277 -0.131825
v -0.124122 -0.377995 -0.176063
v -0.122073 -0.336082 -0.148904
v -0.113839 -0.282440 -0.142936
v -0.092479 -0.314097 -0.161207
v -0.102317 -0.266527 -0.150424
v -0.168833 0.330775 -0.083917
v -0.159945 0.313019 -0.097199
v -0.150235 0.311504 -0.109659
v -0.128035 0.311559 -0.131860
v -0.115574 0.313019 -0.141570
v -0.139590 0.312912 -0.121214
v -0.102297 0.330976 -0.150468
v -0.166254 0.385695 -0.101012
v -0.158125 0.356578 -0.102834
v -0.169382 0.427122 -0.118504
v -0.160937 0.469762 -0.138607
v -0.154410 0.431187 -0.136576
v -0.145653 0.384187 -0.124755
v -0.140916 0.357559 -0.122541
v -0.136305 0.427544 -0.151597
v -0.130506 0.453014 -0.162667
v -0.135441 0.474709 -0.161448
v -0.121210 0.356578 -0.139750
v -0.122130 0.383940 -0.145248
v -0.094137 0.364376 -0.158405
v -0.095717 0.384737 -0.162297
v -0.156879 -0.561709 -0.160954
v -0.137502 -0.583202 -0.167437
v -0.116433 -0.606426 -0.168106
v -0.115677 -0.583250 -0.184067
v -0.084115 -0.607206 -0.187109
v -0.094818 -0.580593 -0.197891
v -0.072504 -0.633346 -0.171028
v -0.060567 -0.585125 -0.209377
v -0.039899 -0.629382 -0.185988
v -0.043840 -0.605753 -0.202379
v -0.014478 -0.613380 -0.201845
v -0.021574 -0.572927 -0.223094
v -0.011103 -0.638494 -0.182100
v 0.000299 -0.592795 -0.214597
v -0.152893 -0.419638 -0.172970
v -0.154066 -0.516677 -0.179596
v -0.148078 -0.493332 -0.187738
v -0.150674 -0.459819 -0.184710
v -0.140578 -0.557452 -0.178562
v -0.135557 -0.536711 -0.189920
v -0.127396 -0.513983 -0.201101
v -0.126842 -0.402134 -0.186938
v -0.122220 -0.474529 -0.207120
v -0.113041 -0.550480 -0.201342
v -0.133531 -0.437898 -0.194552
v -0.114332 -0.493122 -0.211136
v -0.106912 -0.446856 -0.212562
v -0.111883 -0.421704 -0.204001
v -0.098844 -0.387193 -0.197287
v -0.093759 -0.547152 -0.212284
v -0.086093 -0.512557 -0.223420
v -0.087775 -0.403881 -0.210096
v -0.088322 -0.496033 -0.223828
v -0.082471 -0.466496 -0.226115
v -0.058002 -0.558476 -0.221921
v -0.087923 -0.428674 -0.217812
v -0.061436 -0.538538 -0.226672
v -0.063039 -0.492105 -0.232544
v -0.072196 -0.440441 -0.226400
v -0.053773 -0.405409 -0.222528
v -0.045043 -0.514298 -0.234747
v -0.042954 -0.468496 -0.236922
v -0.044544 -0.436677 -0.232877
v -0.019315 -0.543796 -0.232926
v -0.016024 -0.496288 -0.241208
v -0.001779 -0.480955 -0.243664
v -0.000547 -0.454009 -0.240226
v -0.011262 -0.416975 -0.232161
v -0.095807 -0.338267 -0.168833
v -0.084511 -0.291060 -0.161424
v -0.088117 -0.265425 -0.158261
v -0.077053 -0.332428 -0.174924
v -0.066979 -0.313674 -0.171831
v -0.072231 -0.265105 -0.165001
v -0.075540 -0.376535 -0.202187
v -0.048500 -0.322743 -0.181008
v -0.053084 -0.278722 -0.171387
v -0.055066 -0.371957 -0.206567
v -0.034550 -0.306741 -0.178850
v -0.037138 -0.265282 -0.175292
v -0.045011 -0.336632 -0.188411
v -0.033675 -0.390881 -0.221273
v -0.008681 -0.292161 -0.181236
v -0.011491 -0.266860 -0.179500
v -0.009638 -0.335701 -0.193904
v -0.010983 -0.314518 -0.184776
v 0.000188 -0.387854 -0.222525
v -0.088182 0.333835 -0.158239
v -0.020980 0.333434 -0.178159
v -0.006636 0.333439 -0.179657
v -0.072260 0.333817 -0.165009
v -0.054770 0.334325 -0.170847
v -0.037130 0.333715 -0.175299
v -0.118004 0.429104 -0.164915
v -0.104226 0.469159 -0.181353
v -0.097222 0.434227 -0.178344
v -0.067069 0.363514 -0.169616
v -0.075379 0.385985 -0.171656
v -0.072461 0.424457 -0.185553
v -0.061568 0.453212 -0.195727
v -0.054520 0.473944 -0.200341
v -0.042912 0.382314 -0.180258
v -0.041775 0.427894 -0.194993
v -0.019091 0.363166 -0.180493
v -0.018018 0.477136 -0.205961
v -0.010461 0.388266 -0.186558
v -0.020594 0.443650 -0.202475
v 0.000264 0.457881 -0.205298
v -0.223594 0.510406 -0.002442
v -0.218720 0.507868 -0.033844
v -0.213525 0.558226 0.007201
v -0.219472 0.535194 -0.006377
v -0.208715 0.551094 -0.037405
v -0.198892 0.576672 -0.039683
v -0.206735 0.498243 -0.070401
v -0.203842 0.528212 -0.069326
v -0.198287 0.560797 -0.060391
v -0.194806 0.509729 -0.093959
v -0.201764 0.583497 -0.014418
v -0.184897 0.616614 0.006290
v -0.178806 0.621646 -0.015367
v -0.187189 0.601257 -0.036002
v -0.171899 0.624689 -0.033562
v -0.183014 0.593441 -0.060569
v -0.193014 0.538261 -0.086845
v -0.184655 0.573434 -0.078948
v -0.179697 0.498534 -0.117426
v -0.175395 0.540913 -0.113259
v -0.174957 0.567736 -0.099385
v -0.174843 0.518558 -0.120381
v -0.164862 0.641435 0.007553
v -0.155466 0.646993 -0.020294
v -0.166360 0.622011 -0.054628
v -0.146833 0.643748 -0.053327
v -0.160136 0.586106 -0.106648
v -0.155651 0.559147 -0.128810
v -0.154104 0.498090 -0.145649
v -0.156586 0.527979 -0.138985
v -0.136594 0.667681 0.007842
v -0.132025 0.663357 -0.034941
v -0.143336 0.634352 -0.076674
v -0.162456 0.608670 -0.081943
v -0.141795 0.616521 -0.101447
v -0.143060 0.582194 -0.128643
v -0.131416 0.521593 -0.161948
v -0.130225 0.541657 -0.157855
v -0.135433 0.563849 -0.145342
v -0.118611 0.662609 -0.061651
v -0.123746 0.637060 -0.097513
v -0.116352 0.652287 -0.083922
v -0.126831 0.611621 -0.122059
v -0.116078 0.589739 -0.146156
v -0.100479 0.648598 -0.104519
v -0.098210 0.612963 -0.141880
v -0.095019 0.634553 -0.124780
v -0.076208 0.652480 -0.116157
v -0.071385 0.627207 -0.144738
v -0.054015 0.664166 -0.112300
v -0.038767 0.642975 -0.141071
v 0.000246 0.653439 -0.135312
v -0.010526 0.628996 -0.157272
v -0.127160 0.671989 -0.013140
v -0.105120 0.687871 0.005430
v -0.099934 0.686033 -0.025800
v -0.083756 0.689780 -0.039382
v -0.097253 0.673175 -0.067082
v -0.071007 0.699858 -0.013668
v -0.079454 0.674658 -0.081546
v -0.064767 0.691188 -0.056275
v -0.046150 0.708777 -0.000625
v -0.038000 0.706510 -0.027426
v -0.054540 0.684543 -0.079148
v -0.019641 0.711581 -0.010164
v -0.032921 0.692833 -0.071192
v -0.033555 0.668041 -0.114031
v 0.000489 0.703181 -0.051129
v 0.000988 0.709261 -0.028801
v -0.013048 0.687769 -0.086944
v 0.000241 0.672874 -0.111584
v -0.128459 0.498240 -0.166447
v -0.100521 0.567359 -0.167494
v -0.104471 0.509244 -0.180794
v -0.098017 0.541754 -0.177639
v -0.083529 0.590849 -0.164237
v -0.088388 0.498565 -0.188518
v -0.062305 0.521464 -0.195519
v -0.064774 0.554259 -0.187090
v -0.058123 0.576194 -0.180710
v -0.055062 0.601640 -0.168358
v -0.050584 0.501595 -0.201072
v -0.031744 0.584540 -0.183028
v -0.041252 0.623140 -0.157932
v -0.030900 0.535947 -0.199842
v -0.021085 0.510034 -0.205226
v -0.004486 0.600077 -0.177599
v -0.011160 0.558511 -0.195040
v 0.000145 0.589576 -0.183240
v 0.008146 0.534279 -0.202607
v 0.031588 -0.581766 0.194986
v 0.057729 -0.568666 0.195223
v 0.008969 -0.528430 0.215108
v 0.021979 -0.512913 0.216861
v 0.020771 -0.407226 0.208697
v 0.043381 -0.487096 0.215812
v 0.027646 -0.464977 0.217360
v 0.043955 -0.547518 0.205673
v 0.042714 -0.447899 0.212860
v 0.064122 -0.515525 0.207549
v 0.069329 -0.459830 0.207643
v 0.063488 -0.401736 0.200112
v 0.072787 -0.543146 0.199235
v 0.092073 -0.493155 0.200222
v 0.102953 -0.515243 0.193163
v 0.108189 -0.474382 0.193338
v 0.099283 -0.449023 0.194708
v 0.006181 -0.312675 0.216971
v 0.011260 -0.378667 0.208322
v 0.021580 -0.282293 0.215501
v 0.042641 -0.377351 0.204555
v 0.037540 -0.299320 0.212642
v 0.054486 -0.309388 0.208222
v 0.071169 -0.377793 0.196649
v 0.072738 -0.299454 0.202346
v 0.088694 -0.303681 0.195576
v 0.055366 0.334164 0.208200
v 0.007277 0.334506 0.217028
v 0.021633 0.336373 0.215518
v 0.037738 0.333715 0.212658
v 0.072868 0.333817 0.202368
v 0.088808 0.334959 0.195644
v 0.011580 0.444168 0.240583
v 0.018626 0.477136 0.243320
v 0.019077 0.364562 0.218186
v 0.011069 0.388266 0.223917
v 0.030482 0.448804 0.239372
v 0.044757 0.381779 0.217249
v 0.042406 0.428632 0.232570
v 0.055589 0.473828 0.237554
v 0.062943 0.453343 0.232854
v 0.067677 0.363514 0.206975
v 0.074381 0.422559 0.221998
v 0.091388 0.389955 0.204031
v 0.099121 0.434609 0.215186
v 0.104842 0.469267 0.218720
v 0.091178 0.366241 0.197880
v 0.120871 0.386051 0.184742
v 0.129435 0.429633 0.195510
v 0.132139 0.453164 0.199230
v 0.135924 0.474742 0.198899
v 0.020012 -0.608803 0.181612
v 0.010956 -0.634856 0.162206
v 0.011603 -0.661240 0.135601
v 0.010600 -0.687548 0.096712
v 0.019190 -0.701074 0.064334
v 0.010865 -0.708389 0.038813
v 0.037501 -0.639628 0.154601
v 0.031850 -0.665156 0.127350
v 0.034915 -0.684414 0.097934
v 0.046252 -0.701794 0.050766
v 0.031118 -0.710352 0.015579
v 0.052092 -0.618355 0.168708
v 0.055463 -0.595379 0.182649
v 0.054748 -0.659928 0.127591
v 0.058396 -0.680968 0.093898
v 0.049982 -0.695933 0.065262
v 0.076940 -0.602136 0.171279
v 0.086904 -0.578468 0.180309
v 0.071941 -0.628257 0.153481
v 0.072625 -0.647778 0.133825
v 0.079708 -0.663840 0.109543
v 0.083363 -0.681694 0.073737
v 0.061518 -0.702380 0.031486
v 0.087836 -0.688058 0.051209
v 0.090608 -0.694330 0.017173
v 0.098757 -0.624269 0.143167
v 0.102847 -0.597492 0.161282
v 0.105390 -0.644953 0.116079
v 0.099916 -0.668818 0.084483
v 0.113151 -0.561529 0.174125
v 0.123058 -0.580976 0.158144
v 0.128171 -0.607224 0.136106
v 0.126460 -0.631359 0.113154
v 0.124724 -0.648403 0.092074
v 0.133530 -0.658379 0.060040
v 0.113748 -0.675175 0.050118
v 0.114609 -0.682403 0.015310
v 0.142941 -0.660793 0.028516
v 0.143742 -0.575875 0.144203
v 0.148132 -0.619116 0.103372
v 0.157204 -0.588639 0.121740
v 0.147607 -0.640517 0.072043
v 0.171338 -0.598123 0.093070
v 0.163127 -0.630100 0.061917
v 0.170347 -0.634234 0.027926
v 0.089576 -0.554523 0.189068
v 0.096754 -0.402576 0.186660
v 0.110507 -0.535647 0.184555
v 0.124958 -0.492408 0.182720
v 0.130621 -0.447207 0.176101
v 0.119947 -0.403824 0.173633
v 0.134550 -0.554067 0.162623
v 0.137838 -0.522710 0.169773
v 0.138852 -0.468893 0.172437
v 0.154469 -0.491015 0.159925
v 0.144693 -0.404517 0.154933
v 0.156381 -0.552480 0.144066
v 0.156843 -0.520865 0.153982
v 0.158589 -0.457394 0.155105
v 0.176270 -0.534558 0.129019
v 0.175503 -0.511857 0.135874
v 0.180040 -0.491814 0.133251
v 0.175569 -0.459080 0.137107
v 0.157280 -0.385602 0.137118
v 0.175673 -0.557166 0.118967
v 0.171211 -0.384395 0.117645
v 0.094194 -0.376556 0.186467
v 0.103373 -0.308749 0.187434
v 0.117464 -0.376605 0.172743
v 0.116158 -0.281605 0.178919
v 0.134036 -0.379766 0.160155
v 0.128569 -0.299571 0.169236
v 0.143600 -0.361118 0.151067
v 0.139848 -0.299614 0.158850
v 0.150825 -0.295331 0.146995
v 0.165892 -0.356997 0.122677
v 0.160502 -0.292636 0.134569
v 0.169428 -0.293568 0.121195
v 0.116179 0.313626 0.178937
v 0.140194 0.313164 0.158578
v 0.160562 0.313515 0.134555
v 0.169473 0.331724 0.121249
v 0.102928 0.315945 0.187786
v 0.128702 0.314370 0.169212
v 0.153617 0.330339 0.143957
v 0.114989 0.357763 0.182253
v 0.135555 0.414948 0.185286
v 0.138933 0.357373 0.162520
v 0.144394 0.384790 0.164203
v 0.160916 0.363605 0.139007
v 0.155430 0.431260 0.173530
v 0.161529 0.469921 0.175985
v 0.166812 0.384794 0.138257
v 0.170512 0.427397 0.155343
v 0.181391 0.453289 0.149879
v 0.177731 0.364504 0.112472
v 0.179241 -0.577459 0.099905
v 0.178216 -0.604965 0.071651
v 0.193024 -0.575217 0.076087
v 0.185131 -0.607232 0.050217
v 0.186753 -0.616256 0.018294
v 0.200490 -0.577291 0.054676
v 0.201747 -0.587392 0.031823
v 0.185362 -0.438848 0.120224
v 0.196141 -0.504280 0.109843
v 0.197479 -0.467707 0.108619
v 0.194293 -0.541534 0.100196
v 0.199537 -0.438754 0.097910
v 0.184650 -0.382656 0.093639
v 0.202968 -0.543880 0.080987
v 0.205308 -0.515043 0.089718
v 0.211421 -0.492551 0.081169
v 0.210142 -0.468230 0.083356
v 0.203581 -0.420790 0.079361
v 0.219517 -0.447403 0.053278
v 0.213686 -0.542679 0.052868
v 0.214487 -0.421153 0.048943
v 0.216678 -0.551182 0.030322
v 0.221797 -0.425639 0.021435
v 0.202689 -0.374474 0.028749
v 0.221132 -0.476396 0.056578
v 0.220436 -0.515235 0.050783
v 0.224494 -0.493076 0.042091
v 0.222614 -0.539868 0.014137
v 0.227084 -0.511841 0.016455
v 0.228952 -0.477559 0.015593
v 0.226542 -0.448498 0.016470
v 0.177247 -0.297886 0.106942
v 0.181444 -0.355539 0.092327
v 0.183908 -0.292269 0.091312
v 0.197520 -0.378429 0.058521
v 0.188440 -0.354110 0.072101
v 0.189807 -0.285203 0.073705
v 0.195210 -0.360824 0.049680
v 0.195662 -0.333581 0.040008
v 0.194252 -0.284261 0.056109
v 0.198318 -0.352591 0.018356
v 0.197157 -0.288423 0.039630
v 0.198586 -0.306226 0.025176
v 0.177231 0.333827 0.107149
v 0.184008 0.334351 0.091213
v 0.189861 0.335552 0.073661
v 0.194301 0.335031 0.056046
v 0.197151 0.335209 0.039933
v 0.198647 0.333603 0.025651
v 0.186260 0.487742 0.147084
v 0.189838 0.433433 0.129869
v 0.186344 0.387828 0.106826
v 0.188712 0.364650 0.086386
v 0.199258 0.381837 0.061230
v 0.197881 0.365206 0.049627
v 0.201264 0.371239 0.028382
v 0.199500 0.475300 0.125468
v 0.202656 0.426615 0.098932
v 0.204760 0.454973 0.109006
v 0.214771 0.475850 0.087578
v 0.214295 0.428961 0.061030
v 0.218621 0.456036 0.067951
v 0.222220 0.476967 0.059903
v 0.220647 0.438192 0.032020
v 0.223154 0.455780 0.039315
v 0.021441 0.510424 0.242577
v 0.024257 0.535884 0.238403
v 0.011745 0.558195 0.232515
v 0.041051 0.595449 0.213261
v 0.022103 0.615765 0.203695
v 0.032572 0.574052 0.224490
v 0.050601 0.501301 0.238616
v 0.062632 0.529449 0.231713
v 0.061873 0.569446 0.220170
v 0.061477 0.615671 0.195100
v 0.102293 0.500726 0.220343
v 0.101168 0.567841 0.204648
v 0.083458 0.590868 0.201874
v 0.107534 0.517732 0.215861
v 0.094740 0.545280 0.215736
v 0.136270 0.498676 0.198794
v 0.131035 0.542016 0.194957
v 0.138036 0.519430 0.194768
v 0.011047 0.652774 0.172639
v 0.032102 0.640742 0.181896
v 0.033793 0.668322 0.151129
v 0.061745 0.635772 0.178604
v 0.051520 0.659224 0.156973
v 0.095431 0.634599 0.162237
v 0.073508 0.655101 0.152187
v 0.116351 0.589979 0.183610
v 0.098106 0.613270 0.179452
v 0.116564 0.637120 0.142617
v 0.095107 0.655642 0.137126
v 0.135998 0.564771 0.182270
v 0.120089 0.616506 0.161051
v 0.115992 0.654572 0.118854
v 0.139561 0.633790 0.121170
v 0.123320 0.662742 0.092207
v 0.139235 0.587800 0.166540
v 0.137896 0.614775 0.146009
v 0.160653 0.613251 0.117186
v 0.149564 0.639369 0.096302
v 0.138261 0.662208 0.060753
v 0.136872 0.667939 0.029597
v 0.162566 0.504913 0.174930
v 0.155778 0.554329 0.169442
v 0.180866 0.521689 0.150481
v 0.176853 0.541973 0.149067
v 0.162600 0.588912 0.139629
v 0.180583 0.567026 0.129789
v 0.174970 0.609786 0.093990
v 0.176040 0.619776 0.072254
v 0.160055 0.642975 0.057750
v 0.165034 0.641895 0.029921
v 0.017897 0.688298 0.122846
v 0.019774 0.708687 0.065131
v 0.019566 0.712651 0.039528
v 0.031887 0.700356 0.088979
v 0.052122 0.678316 0.129346
v 0.057654 0.689853 0.102930
v 0.046850 0.706336 0.057445
v 0.070196 0.703160 0.018680
v 0.047203 0.709371 0.018680
v 0.074405 0.674711 0.122533
v 0.081805 0.689767 0.080598
v 0.088835 0.693347 0.051858
v 0.094126 0.675770 0.103107
v 0.113970 0.678201 0.064631
v 0.105734 0.687875 0.031674
v 0.193092 0.538667 0.124947
v 0.183102 0.588363 0.105532
v 0.199022 0.567078 0.091241
v 0.197780 0.583549 0.071853
v 0.201949 0.585083 0.049686
v 0.184001 0.618083 0.038833
v 0.199691 0.509721 0.123545
v 0.207499 0.498570 0.107378
v 0.201445 0.545707 0.103463
v 0.214354 0.521795 0.081553
v 0.220144 0.501249 0.069350
v 0.209207 0.553102 0.072763
v 0.220624 0.530707 0.047278
v 0.214024 0.558511 0.030144
v 0.201958 0.590189 0.018806
v 0.196686 0.599843 0.013677
v 0.225354 0.491613 0.035333
v 0.222091 0.529601 0.032854
v 0.011039 -0.713347 -0.022959
v 0.010328 -0.677114 -0.137294
v 0.039755 -0.710217 -0.027955
v 0.042331 -0.704100 -0.067097
v 0.025600 -0.699376 -0.091202
v 0.032340 -0.678016 -0.132433
v 0.055734 -0.665935 -0.142162
v 0.062986 -0.705721 -0.003693
v 0.068828 -0.696256 -0.071038
v 0.059241 -0.683215 -0.111446
v 0.092287 -0.695066 -0.024824
v 0.069040 -0.702269 -0.039899
v 0.075957 -0.677988 -0.111015
v 0.080499 -0.655869 -0.142255
v 0.107796 -0.683040 -0.055658
v 0.107916 -0.677409 -0.076725
v 0.098511 -0.669362 -0.107861
v 0.103528 -0.642242 -0.143555
v 0.137933 -0.667683 0.008506
v 0.122646 -0.678892 -0.025655
v 0.138861 -0.659683 -0.067642
v 0.124389 -0.658535 -0.096591
v 0.126051 -0.642455 -0.122088
v 0.125198 -0.619968 -0.149511
v 0.151792 -0.657739 -0.017984
v 0.147081 -0.658192 -0.047717
v 0.146555 -0.640242 -0.097054
v 0.146999 -0.621179 -0.125011
v 0.148254 -0.597600 -0.147020
v 0.158891 -0.650319 0.006470
v 0.170892 -0.636826 -0.035831
v 0.165498 -0.634260 -0.068065
v 0.168008 -0.615987 -0.098977
v 0.167838 -0.598114 -0.121548
v 0.167926 -0.576325 -0.140086
v 0.173028 -0.552323 -0.147766
v 0.176308 -0.446512 -0.156639
v 0.176939 -0.423511 -0.147804
v 0.173270 -0.395861 -0.138249
v 0.117262 -0.334676 -0.152393
v 0.093588 -0.312433 -0.160395
v 0.113649 -0.281266 -0.143507
v 0.102901 -0.264285 -0.150434
v 0.140821 -0.334986 -0.131321
v 0.119832 -0.311771 -0.142565
v 0.128653 -0.283795 -0.131899
v 0.160388 -0.335742 -0.108835
v 0.142684 -0.312101 -0.121826
v 0.150827 -0.286298 -0.109707
v 0.140242 -0.284897 -0.121178
v 0.158229 -0.385951 -0.150108
v 0.171243 -0.348214 -0.101034
v 0.178539 -0.335225 -0.078581
v 0.164838 -0.313031 -0.094789
v 0.169442 -0.283865 -0.083920
v 0.160576 -0.284470 -0.097192
v 0.128646 0.313172 -0.131857
v 0.116164 0.313685 -0.141584
v 0.150850 0.330309 -0.109687
v 0.169417 0.316357 -0.083920
v 0.140198 0.313370 -0.121215
v 0.160572 0.313863 -0.097182
v 0.106560 0.331976 -0.148319
v 0.093529 0.366358 -0.159423
v 0.120770 0.386936 -0.147762
v 0.139765 0.357590 -0.124360
v 0.120264 0.365382 -0.142595
v 0.144178 0.385873 -0.127486
v 0.135502 0.414090 -0.147680
v 0.167674 0.386950 -0.100880
v 0.161718 0.359227 -0.099545
v 0.178407 0.366358 -0.074545
v 0.167808 0.414933 -0.115433
v 0.173674 0.446700 -0.120653
v 0.180395 0.474845 -0.117100
v 0.147917 0.434118 -0.144632
v 0.157201 0.470135 -0.142953
v 0.008809 -0.649046 -0.172067
v 0.010975 -0.615833 -0.200388
v 0.011320 -0.563846 -0.227208
v 0.043327 -0.652071 -0.163387
v 0.033531 -0.615432 -0.198083
v 0.034050 -0.596290 -0.209743
v 0.035187 -0.563495 -0.225040
v 0.046235 -0.631879 -0.182584
v 0.057852 -0.593529 -0.206003
v 0.081388 -0.635075 -0.165320
v 0.081622 -0.604635 -0.190440
v 0.081659 -0.566277 -0.210778
v 0.102954 -0.618585 -0.167967
v 0.103772 -0.583431 -0.192278
v 0.126123 -0.597249 -0.167986
v 0.125928 -0.563836 -0.187672
v 0.146509 -0.574707 -0.164968
v 0.020168 -0.522814 -0.237453
v 0.009137 -0.487843 -0.242435
v 0.005128 -0.475531 -0.242878
v 0.011807 -0.418589 -0.232601
v 0.051586 -0.396605 -0.219579
v 0.042619 -0.468597 -0.237114
v 0.033841 -0.437507 -0.234733
v 0.057729 -0.553161 -0.223691
v 0.063807 -0.523417 -0.229446
v 0.063813 -0.492251 -0.232496
v 0.066594 -0.447370 -0.229422
v 0.051571 -0.419869 -0.227528
v 0.085256 -0.531393 -0.220248
v 0.074923 -0.427148 -0.222932
v 0.088260 -0.402328 -0.209555
v 0.082728 -0.466562 -0.226244
v 0.119622 -0.405351 -0.194111
v 0.104097 -0.553208 -0.205432
v 0.112024 -0.502643 -0.212341
v 0.108062 -0.459383 -0.214217
v 0.089650 -0.496296 -0.223489
v 0.114718 -0.536545 -0.204786
v 0.130865 -0.512019 -0.199235
v 0.125359 -0.449080 -0.202474
v 0.114224 -0.425419 -0.204304
v 0.152718 -0.553046 -0.169990
v 0.155591 -0.414183 -0.168549
v 0.149959 -0.492149 -0.186634
v 0.134978 -0.475828 -0.198820
v 0.148301 -0.429304 -0.180588
v 0.171698 -0.533806 -0.157703
v 0.153672 -0.519956 -0.180177
v 0.173857 -0.480285 -0.163569
v 0.153811 -0.457555 -0.182128
v 0.030180 -0.301133 -0.178673
v 0.021597 -0.263685 -0.178161
v 0.009790 -0.336244 -0.194289
v 0.013144 -0.314872 -0.184731
v 0.007460 -0.278170 -0.179703
v 0.037724 -0.266329 -0.175297
v 0.033020 -0.335503 -0.190447
v 0.032524 -0.392201 -0.222060
v 0.062660 -0.331598 -0.180658
v 0.064016 -0.312080 -0.172838
v 0.062838 -0.292244 -0.170052
v 0.055351 -0.265299 -0.170869
v 0.056723 -0.374086 -0.207438
v 0.072824 -0.265253 -0.165007
v 0.076375 -0.377718 -0.202767
v 0.093580 -0.335209 -0.168752
v 0.088943 -0.282153 -0.158254
v 0.099328 -0.380527 -0.193698
v 0.121299 -0.381903 -0.180938
v 0.140587 -0.384153 -0.166703
v 0.055316 0.335384 -0.170859
v 0.088719 0.334260 -0.158271
v 0.021596 0.337207 -0.178165
v 0.007211 0.333883 -0.179670
v 0.037681 0.335027 -0.175315
v 0.072856 0.334346 -0.165017
v 0.035433 0.370182 -0.178656
v 0.011207 0.372832 -0.182677
v 0.013415 0.438529 -0.201783
v 0.016900 0.489316 -0.206432
v 0.042645 0.429429 -0.195454
v 0.037489 0.461250 -0.202869
v 0.068010 0.364650 -0.169729
v 0.066032 0.383762 -0.174721
v 0.064160 0.454309 -0.195256
v 0.051317 0.476636 -0.201176
v 0.078750 0.416383 -0.181144
v 0.089353 0.445964 -0.184901
v 0.089868 0.487418 -0.188692
v 0.096510 0.390927 -0.164311
v 0.111732 0.433187 -0.170665
v 0.132667 0.453658 -0.161536
v 0.129975 0.476666 -0.165807
v 0.109901 0.473254 -0.178781
v 0.172954 -0.636716 -0.009441
v 0.198520 -0.599433 0.007882
v 0.189586 -0.614628 -0.024572
v 0.183888 -0.612860 -0.064084
v 0.186770 -0.596211 -0.087897
v 0.187594 -0.575267 -0.110327
v 0.212820 -0.570019 0.007424
v 0.202402 -0.593205 -0.024319
v 0.213317 -0.570610 -0.023854
v 0.201259 -0.585985 -0.059601
v 0.203104 -0.563665 -0.086821
v 0.198433 -0.418579 -0.112097
v 0.192728 -0.546514 -0.122012
v 0.197649 -0.511321 -0.127827
v 0.198411 -0.446280 -0.124659
v 0.182326 -0.393022 -0.122586
v 0.184537 -0.500222 -0.149552
v 0.219283 -0.411428 0.004500
v 0.218901 -0.409226 -0.025641
v 0.216043 -0.413618 -0.056269
v 0.215804 -0.550825 -0.058419
v 0.219446 -0.522543 -0.073621
v 0.214972 -0.501665 -0.093716
v 0.220702 -0.474139 -0.080475
v 0.218815 -0.449742 -0.079299
v 0.217431 -0.431714 -0.072134
v 0.199498 -0.394880 -0.090096
v 0.202600 -0.532577 -0.110320
v 0.198129 -0.477630 -0.131543
v 0.223352 -0.541148 -0.014050
v 0.229682 -0.501771 -0.014906
v 0.229861 -0.469808 -0.014042
v 0.226366 -0.438192 -0.014090
v 0.222165 -0.538935 -0.042899
v 0.227432 -0.501897 -0.046452
v 0.227759 -0.470916 -0.046680
v 0.224423 -0.438692 -0.046722
v 0.196730 -0.332531 0.007173
v 0.194078 -0.328892 -0.019385
v 0.197149 -0.271475 -0.002455
v 0.196377 -0.353378 -0.027131
v 0.189985 -0.321880 -0.035886
v 0.192801 -0.357571 -0.056322
v 0.187113 -0.336308 -0.055625
v 0.184017 -0.302719 -0.053809
v 0.184255 -0.356135 -0.081434
v 0.177308 -0.302456 -0.069664
v 0.203009 -0.369588 0.006885
v 0.198588 -0.303506 0.012096
v 0.197148 0.337207 -0.002612
v 0.194527 0.350139 -0.017947
v 0.189857 0.335547 -0.036316
v 0.184001 0.334346 -0.053872
v 0.198654 0.333883 0.011772
v 0.177288 0.334909 -0.069780
v 0.201417 0.371337 0.009262
v 0.188712 0.364650 -0.049026
v 0.185852 0.388798 -0.071474
v 0.191182 0.436222 -0.091400
v 0.195847 0.467018 -0.093741
v 0.220611 0.438092 0.005195
v 0.199975 0.382885 -0.022114
v 0.214539 0.429624 -0.023470
v 0.219824 0.464400 -0.031190
v 0.202335 0.425594 -0.061769
v 0.204942 0.455386 -0.071311
v 0.207862 0.487893 -0.070466
v 0.223692 0.461505 -0.003715
v 0.225641 0.486289 0.009391
v 0.022051 0.633660 -0.152555
v 0.039277 0.646993 -0.137091
v 0.053925 0.663357 -0.113649
v 0.073611 0.622011 -0.147984
v 0.052546 0.624689 -0.153523
v 0.080635 0.662609 -0.100236
v 0.095658 0.634352 -0.124961
v 0.072310 0.643748 -0.128457
v 0.102905 0.652287 -0.097976
v 0.116496 0.637060 -0.105370
v 0.100926 0.608670 -0.144081
v 0.131284 0.664166 -0.035640
v 0.135141 0.652480 -0.057833
v 0.123502 0.648598 -0.082103
v 0.125631 0.586106 -0.141761
v 0.120431 0.616521 -0.123420
v 0.132242 0.540913 -0.157020
v 0.118369 0.567736 -0.156581
v 0.154767 0.652247 0.007350
v 0.143763 0.634553 -0.076644
v 0.160863 0.612963 -0.079834
v 0.141043 0.611621 -0.108455
v 0.147626 0.582194 -0.124685
v 0.136410 0.498534 -0.161322
v 0.139364 0.518558 -0.156467
v 0.147794 0.559147 -0.137275
v 0.176256 0.628996 0.007850
v 0.160055 0.642975 -0.020391
v 0.163721 0.627207 -0.053009
v 0.165139 0.589739 -0.097703
v 0.176839 0.541657 -0.111850
v 0.164325 0.563849 -0.117057
v 0.164629 0.498090 -0.135733
v 0.157969 0.527979 -0.138211
v 0.021180 0.712524 -0.002182
v 0.013581 0.687244 -0.087926
v 0.032639 0.699797 -0.052831
v 0.039697 0.706377 -0.027200
v 0.044908 0.685875 -0.081789
v 0.032124 0.671989 -0.108784
v 0.048988 0.707024 -0.011412
v 0.058110 0.689544 -0.066077
v 0.090061 0.692853 -0.014642
v 0.075416 0.691209 -0.046019
v 0.100530 0.674658 -0.061079
v 0.086065 0.673175 -0.078877
v 0.107095 0.687145 0.005286
v 0.098132 0.684543 -0.036165
v 0.131857 0.671371 0.007710
v 0.133015 0.668041 -0.015180
v 0.033402 0.583497 -0.183389
v 0.020770 0.616144 -0.166368
v 0.011856 0.557047 -0.195535
v 0.021006 0.519042 -0.204172
v 0.044461 0.544959 -0.195280
v 0.054986 0.601257 -0.168813
v 0.052828 0.507871 -0.200344
v 0.058667 0.576672 -0.180517
v 0.079374 0.560797 -0.179912
v 0.079553 0.593441 -0.164639
v 0.088309 0.528212 -0.185466
v 0.105829 0.538261 -0.174639
v 0.097932 0.573434 -0.166280
v 0.112944 0.509729 -0.176430
v 0.202012 0.584540 -0.013369
v 0.176916 0.623140 -0.022876
v 0.187342 0.601640 -0.036687
v 0.186478 0.567359 -0.082146
v 0.183220 0.590849 -0.065153
v 0.196623 0.541754 -0.079642
v 0.185428 0.498239 -0.110088
v 0.180931 0.521592 -0.113040
v 0.214436 0.557275 0.007169
v 0.218826 0.535947 -0.012524
v 0.220055 0.501598 -0.032211
v 0.214503 0.521464 -0.043930
v 0.206074 0.554259 -0.046398
v 0.199694 0.576194 -0.039747
v 0.199777 0.509243 -0.086097
v 0.222706 0.526911 0.008575
v 0.222979 0.508717 -0.013429
vn -0.8540 -0.3775 0.3579
vn -0.8397 -0.4810 0.2522
vn -0.8969 -0.3633 0.2523
vn -0.8736 -0.4739 0.1106
vn -0.7820 -0.4137 0.4662
vn -0.7762 -0.5258 0.3479
vn -0.7948 -0.5737 0.1979
vn -0.9615 0.0031 0.2749
vn -0.9699 -0.1505 0.1913
vn -0.9464 -0.2994 0.1211
vn -0.9928 -0.0336 0.1149
vn -0.9892 0.0951 0.1112
vn -0.9601 0.2453 0.1341
vn -0.8698 -0.0906 0.4849
vn -0.8618 0.0664 0.5028
vn -0.8845 -0.2463 0.3962
vn -0.9131 -0.0447 0.4053
vn -0.9163 0.0633 0.3954
vn -0.8901 0.1945 0.4123
vn -0.9352 -0.1324 0.3284
vn -0.9165 0.2322 0.3257
vn -0.9315 -0.2496 0.2647
vn -0.9530 0.1465 0.2650
vn -0.9252 0.2577 0.2784
vn -0.7579 -0.2395 0.6069
vn -0.7785 -0.1254 0.6149
vn -0.7959 0.0077 0.6053
vn -0.7927 0.1400 0.5933
vn -0.7873 -0.3319 0.5195
vn -0.8250 0.2108 0.5244
vn -0.8263 0.1659 0.5383
vn -0.8414 -0.2158 0.4954
vn -0.8748 0.2012 0.4407
vn -0.9419 0.2795 0.1864
vn -0.9999 0.0097 0.0093
vn -0.9987 -0.0200 0.0479
vn -0.8986 -0.0204 0.4384
vn -0.9134 0.0514 0.4039
vn -0.9357 -0.0134 0.3525
vn -0.9540 0.0669 0.2922
vn -0.9614 -0.0167 0.2745
vn -0.9783 0.1279 0.1633
vn -0.9876 -0.0057 0.1567
vn -0.9774 -0.0115 0.2110
vn -0.9902 -0.0211 0.1384
vn -0.8955 -0.0430 0.4431
vn -0.9976 -0.0359 0.0592
vn -0.9347 -0.0436 0.3526
vn -0.9619 -0.0325 0.2716
vn -0.9774 -0.0266 0.2095
vn -0.9890 -0.0460 0.1403
vn -0.9821 -0.0790 0.1707
vn -0.9641 -0.2216 0.1462
vn -0.9743 -0.2254 0.0009
vn -0.9935 -0.1131 0.0107
vn -0.9992 0.0011 0.0405
vn -0.8885 -0.0811 0.4517
vn -0.8750 -0.2239 0.4293
vn -0.9199 -0.2579 0.2952
vn -0.9439 -0.1564 0.2908
vn -0.9484 -0.0413 0.3145
vn -0.9406 -0.2619 0.2161
vn -0.9837 -0.1369 0.1169
vn -0.9616 -0.2672 0.0630
vn -0.7888 -0.2331 0.5688
vn -0.7955 -0.1445 0.5884
vn -0.7939 -0.0444 0.6064
vn -0.7869 -0.2538 0.5625
vn -0.8805 -0.1593 0.4465
vn -0.8715 -0.2601 0.4157
vn -0.9424 -0.1346 0.3062
vn -0.2552 -0.3609 0.8970
vn -0.1452 -0.4262 0.8929
vn 0.0205 -0.4092 0.9122
vn -0.0680 -0.3598 0.9306
vn -0.4279 0.0292 0.9033
vn -0.3478 -0.1830 0.9195
vn -0.3745 -0.0442 0.9262
vn -0.4265 0.1297 0.8951
vn -0.2727 -0.0910 0.9578
vn -0.2899 0.0883 0.9530
vn -0.3396 0.1030 0.9349
vn -0.1672 0.0220 0.9857
vn -0.1920 -0.2592 0.9466
vn -0.2001 0.1058 0.9740
vn -0.1446 -0.1047 0.9839
vn -0.1448 0.1241 0.9817
vn -0.0480 -0.1850 0.9816
vn -0.0029 0.0021 1.0000
vn 0.0091 0.1415 0.9899
vn -0.0636 0.1134 0.9915
vn -0.4358 -0.0330 0.8994
vn -0.2954 -0.0240 0.9551
vn -0.3635 -0.0449 0.9305
vn -0.2694 -0.0429 0.9621
vn -0.1060 -0.0373 0.9937
vn -0.1908 -0.0541 0.9801
vn -0.0670 -0.0666 0.9955
vn -0.1340 -0.0040 0.9910
vn -0.0475 -0.0293 0.9984
vn -0.3539 -0.0436 0.9343
vn -0.2739 -0.0402 0.9609
vn -0.2064 -0.0340 0.9779
vn -0.1389 -0.0390 0.9895
vn -0.4309 -0.0467 0.9012
vn -0.5835 -0.1388 0.8002
vn -0.5808 0.0008 0.8141
vn -0.4666 -0.0576 0.8826
vn -0.4849 -0.2293 0.8440
vn -0.3404 -0.2527 0.9057
vn -0.3876 -0.1472 0.9100
vn -0.4625 -0.1503 0.8738
vn -0.3999 -0.2583 0.8794
vn -0.3167 -0.0527 0.9471
vn -0.3114 -0.1378 0.9402
vn -0.2270 -0.1372 0.9642
vn -0.2276 0.0151 0.9736
vn -0.2106 -0.2542 0.9440
vn -0.2062 -0.2484 0.9465
vn -0.0668 -0.2270 0.9716
vn -0.0968 -0.1215 0.9879
vn -0.0718 -0.0048 0.9974
vn -0.1717 -0.1252 0.9772
vn -0.0569 -0.1729 0.9833
vn -0.7160 -0.5245 0.4608
vn -0.6828 -0.4501 0.5754
vn -0.6912 -0.6310 0.3522
vn -0.7297 -0.6490 0.2153
vn -0.6642 -0.7231 0.1898
vn -0.6223 -0.3958 0.6754
vn -0.5601 -0.5870 0.5846
vn -0.5565 -0.5028 0.6614
vn -0.6067 -0.6319 0.4823
vn -0.6041 -0.7077 0.3665
vn -0.5870 -0.7621 0.2730
vn -0.5205 -0.3211 0.7912
vn -0.4376 -0.5142 0.7376
vn -0.5188 -0.4084 0.7510
vn -0.5093 -0.7133 0.4815
vn -0.4770 -0.7971 0.3704
vn -0.5305 -0.8284 0.1798
vn -0.3297 -0.5118 0.7933
vn -0.3704 -0.4111 0.8330
vn -0.4171 -0.6196 0.6649
vn -0.4317 -0.6997 0.5692
vn -0.3767 -0.7960 0.4738
vn -0.4248 -0.8608 0.2803
vn -0.3974 -0.9098 0.1197
vn -0.2623 -0.6530 0.7105
vn -0.3155 -0.7321 0.6037
vn -0.3276 -0.8611 0.3889
vn -0.3113 -0.9176 0.2472
vn -0.2511 -0.9596 0.1269
vn -0.2318 -0.5460 0.8051
vn -0.2236 -0.7765 0.5891
vn -0.2262 -0.8451 0.4844
vn -0.1306 -0.9384 0.3199
vn -0.2156 -0.9284 0.3027
vn -0.0907 -0.5432 0.8347
vn -0.0855 -0.6559 0.7500
vn -0.0910 -0.7915 0.6043
vn -0.0993 -0.7248 0.6817
vn -0.0749 -0.8498 0.5217
vn -0.1416 -0.8920 0.4294
vn -0.0853 -0.9769 0.1961
vn -0.0387 -0.9282 0.3700
vn -0.6616 -0.3029 0.6859
vn -0.6836 -0.1523 0.7138
vn -0.7118 0.0022 0.7024
vn -0.6896 0.1308 0.7123
vn -0.7352 0.1961 0.6489
vn -0.5988 -0.1604 0.7846
vn -0.6159 -0.0016 0.7878
vn -0.5675 0.1298 0.8131
vn -0.6398 0.1052 0.7613
vn -0.4762 -0.2264 0.8497
vn -0.4856 -0.1215 0.8657
vn -0.5205 0.0002 0.8538
vn -0.4950 0.1228 0.8601
vn -0.3856 -0.3011 0.8721
vn -0.7605 0.1017 0.6413
vn -0.8393 0.0128 0.5435
vn -0.8086 -0.0203 0.5880
vn -0.8539 -0.0175 0.5202
vn -0.7177 -0.0122 0.6962
vn -0.7082 -0.0177 0.7058
vn -0.7627 -0.0226 0.6464
vn -0.5819 0.0019 0.8132
vn -0.5783 -0.0308 0.8153
vn -0.6495 -0.0276 0.7599
vn -0.4519 -0.0087 0.8920
vn -0.4994 -0.0425 0.8653
vn -0.5219 -0.0393 0.8521
vn -0.7021 -0.0159 0.7119
vn -0.8247 -0.0362 0.5644
vn -0.8611 0.0046 0.5084
vn -0.7667 -0.0135 0.6419
vn -0.5793 0.0047 0.8151
vn -0.6221 -0.0321 0.7823
vn -0.6926 -0.2211 0.6866
vn -0.6977 -0.0797 0.7120
vn -0.6855 -0.2492 0.6841
vn -0.7290 -0.2898 0.6201
vn -0.8047 -0.1491 0.5746
vn -0.5635 -0.2502 0.7873
vn -0.6131 -0.2454 0.7509
vn -0.7153 -0.1135 0.6896
vn -0.5966 -0.1398 0.7903
vn -0.9639 0.0950 0.2488
vn -0.9879 0.0853 0.1295
vn -0.9824 0.1783 0.0554
vn -0.8609 0.0927 0.5002
vn -0.9207 0.0989 0.3776
vn -0.9002 0.2621 0.3478
vn -0.8891 0.3761 0.2607
vn -0.9465 0.2508 0.2032
vn -0.8981 0.4149 0.1458
vn -0.9491 0.3104 0.0534
vn -0.9038 0.4278 -0.0117
vn -0.8637 0.5032 0.0287
vn -0.7908 0.0443 0.6105
vn -0.7657 0.1793 0.6177
vn -0.8437 0.2246 0.4876
vn -0.8247 0.3304 0.4591
vn -0.7470 0.4181 0.5169
vn -0.8236 0.4348 0.3642
vn -0.8340 0.4975 0.2385
vn -0.7574 0.6091 0.2354
vn -0.7977 0.5867 0.1391
vn -0.7782 0.6261 0.0477
vn -0.5893 0.1347 0.7966
vn -0.5798 0.2430 0.7777
vn -0.4568 0.1036 0.8835
vn -0.5318 0.3816 0.7560
vn -0.3693 0.0459 0.9282
vn -0.3568 0.2795 0.8914
vn -0.4648 0.2256 0.8562
vn -0.4385 0.3718 0.8182
vn -0.2985 0.1505 0.9425
vn -0.2622 0.3857 0.8846
vn -0.3524 0.4621 0.8138
vn -0.1692 0.1319 0.9767
vn -0.2011 0.2699 0.9417
vn -0.2439 0.4998 0.8311
vn -0.1507 0.6015 0.7846
vn -0.1456 0.3785 0.9141
vn -0.1391 0.4894 0.8609
vn -0.0559 0.1781 0.9824
vn -0.0517 0.3133 0.9483
vn -0.0121 0.4677 0.8838
vn -0.0095 0.6247 0.7808
vn -0.6877 0.0438 0.7247
vn -0.6962 0.1708 0.6972
vn -0.6434 0.3340 0.6889
vn -0.7418 0.3133 0.5929
vn -0.6456 0.4484 0.6182
vn -0.7348 0.5070 0.4505
vn -0.7428 0.5868 0.3225
vn -0.6907 0.7022 0.1728
vn -0.6895 0.7225 0.0512
vn -0.6299 0.5658 0.5320
vn -0.6550 0.6152 0.4388
vn -0.6434 0.6879 0.3360
vn -0.5804 0.7795 0.2354
vn -0.5537 0.5458 0.6288
vn -0.5294 0.6980 0.4823
vn -0.5369 0.7738 0.3362
vn -0.4523 0.5072 0.7336
vn -0.4446 0.6144 0.6518
vn -0.4483 0.7098 0.5433
vn -0.2976 0.6032 0.7400
vn -0.2396 0.7016 0.6711
vn -0.3537 0.7069 0.6125
vn -0.2617 0.7931 0.5500
vn -0.0972 0.7170 0.6903
vn -0.5809 0.8085 0.0945
vn -0.4496 0.8081 0.3807
vn -0.4655 0.8830 0.0596
vn -0.3562 0.8072 0.4707
vn -0.4460 0.8741 0.1923
vn -0.2652 0.8937 0.3619
vn -0.3587 0.8862 0.2933
vn -0.3274 0.9338 0.1440
vn -0.3258 0.9454 -0.0005
vn -0.1514 0.7995 0.5813
vn -0.1896 0.8778 0.4399
vn -0.2171 0.9519 0.2161
vn -0.2128 0.9738 0.0802
vn -0.0638 0.8842 0.4627
vn -0.1414 0.9362 0.3218
vn -0.0785 0.9811 0.1768
vn -0.0775 0.9970 0.0079
vn -0.0033 0.8113 0.5847
vn -0.0067 0.9472 0.3206
vn -0.9192 -0.3872 0.0712
vn -0.8598 -0.5078 -0.0536
vn -0.9210 -0.3863 -0.0500
vn -0.8619 -0.4670 -0.1976
vn -0.9124 -0.3620 -0.1909
vn -0.8768 -0.3812 -0.2932
vn -0.8313 -0.4083 -0.3772
vn -0.7808 -0.6237 0.0364
vn -0.8027 -0.5646 -0.1919
vn -0.7821 -0.5318 -0.3248
vn -0.7775 -0.4253 -0.4633
vn -0.7671 -0.3226 -0.5545
vn -0.9863 -0.1512 0.0659
vn -0.9671 -0.2540 -0.0103
vn -0.9930 -0.1128 -0.0360
vn -0.9999 0.0124 -0.0100
vn -0.9856 0.1688 -0.0088
vn -0.9490 0.3094 -0.0602
vn -0.9514 -0.2633 -0.1596
vn -0.9809 -0.1430 -0.1319
vn -0.9910 0.0094 -0.1334
vn -0.9750 0.1728 -0.1395
vn -0.9561 -0.1407 -0.2571
vn -0.9648 0.0060 -0.2631
vn -0.9543 0.1554 -0.2551
vn -0.9509 0.3042 0.0563
vn -0.9287 0.3153 -0.1951
vn -0.9139 -0.2328 -0.3326
vn -0.9254 -0.0772 -0.3711
vn -0.9232 0.0927 -0.3729
vn -0.9104 0.2412 -0.3362
vn -0.8946 0.3480 -0.2803
vn -0.8505 -0.2991 -0.4326
vn -0.8522 0.3567 -0.3828
vn -0.8541 -0.2164 -0.4730
vn -0.8836 -0.0769 -0.4619
vn -0.8542 0.0352 -0.5188
vn -0.8394 0.2787 -0.4667
vn -0.8281 -0.1410 -0.5425
vn -0.8599 0.1601 -0.4847
vn -0.7846 0.3302 -0.5247
vn -0.7443 -0.2277 -0.6278
vn -0.7679 -0.0390 -0.6393
vn -0.7601 0.1542 -0.6312
vn -0.7677 0.2473 -0.5911
vn -0.9774 0.2095 0.0294
vn -0.9981 -0.0154 -0.0604
vn -0.9639 0.2596 -0.0590
vn -0.9471 0.2840 -0.1495
vn -0.9883 0.0744 -0.1334
vn -0.9897 -0.0016 -0.1432
vn -0.9576 0.1660 -0.2353
vn -0.9684 0.0400 -0.2462
vn -0.8930 0.3427 -0.2918
vn -0.9424 0.0524 -0.3304
vn -0.8867 0.2262 -0.4032
vn -0.8947 0.1070 -0.4336
vn -0.9043 0.0236 -0.4262
vn -0.7617 0.4014 -0.5086
vn -0.9770 -0.0309 -0.2109
vn -0.9019 -0.0457 -0.4294
vn -0.9979 -0.0375 -0.0530
vn -0.9880 -0.0376 -0.1500
vn -0.9608 -0.0365 -0.2748
vn -0.9341 -0.0417 -0.3546
vn -0.9957 -0.0336 -0.0862
vn -0.9761 -0.1693 -0.1365
vn -0.9666 -0.0521 -0.2511
vn -0.9780 -0.1975 -0.0674
vn -0.9434 -0.2512 -0.2166
vn -0.9479 -0.2582 -0.1865
vn -0.9439 -0.1545 -0.2917
vn -0.9106 -0.2677 -0.3148
vn -0.8954 -0.1838 -0.4055
vn -0.8855 -0.0571 -0.4610
vn -0.9753 -0.1219 -0.1843
vn -0.9400 -0.1349 -0.3133
vn -0.8742 -0.2600 -0.4101
vn -0.8732 -0.1514 -0.4633
vn -0.8362 -0.2328 -0.4966
vn -0.7966 -0.1439 -0.5872
vn -0.8099 -0.0424 -0.5851
vn -0.7478 -0.1213 -0.6527
vn -0.7454 0.0478 -0.6649
vn -0.6691 -0.7384 0.0840
vn -0.6813 -0.7281 -0.0757
vn -0.7693 -0.6295 -0.1090
vn -0.7107 -0.6605 -0.2421
vn -0.6847 -0.6238 -0.3770
vn -0.7018 -0.5301 -0.4759
vn -0.6942 -0.4351 -0.5734
vn -0.5847 -0.8112 -0.0095
vn -0.5799 -0.8001 -0.1533
vn -0.6221 -0.7398 -0.2563
vn -0.5908 -0.7059 -0.3907
vn -0.6010 -0.6214 -0.5027
vn -0.5249 -0.8479 0.0742
vn -0.4786 -0.8770 -0.0417
vn -0.4686 -0.8592 -0.2053
vn -0.5073 -0.7958 -0.3307
vn -0.5015 -0.7050 -0.5015
vn -0.5745 -0.5674 -0.5899
vn -0.4017 -0.9098 -0.1042
vn -0.3744 -0.8741 -0.3094
vn -0.4148 -0.8007 -0.4323
vn -0.4125 -0.7075 -0.5738
vn -0.4255 -0.6266 -0.6530
vn -0.3291 -0.9442 -0.0110
vn -0.3031 -0.9388 -0.1639
vn -0.2738 -0.8685 -0.4131
vn -0.3280 -0.7916 -0.5156
vn -0.2591 -0.7229 -0.6405
vn -0.1669 -0.9857 0.0238
vn -0.1654 -0.9761 -0.1410
vn -0.1976 -0.9362 -0.2906
vn -0.2193 -0.8098 -0.5442
vn -0.0639 -0.9385 -0.3392
vn -0.1453 -0.8880 -0.4364
vn -0.0962 -0.8260 -0.5555
vn 0.0004 -0.9970 0.0770
vn -0.0528 -0.9968 -0.0607
vn -0.0016 -0.9772 -0.2125
vn 0.0040 -0.8944 -0.4472
vn -0.0931 -0.7539 -0.6503
vn -0.7022 0.3687 -0.6090
vn -0.8065 0.3816 -0.4516
vn -0.8562 0.0295 -0.5158
vn -0.7938 0.2949 -0.5319
vn -0.8081 0.1325 -0.5740
vn -0.8129 0.0303 -0.5816
vn -0.7641 0.0396 -0.6439
vn -0.7083 0.3462 -0.6152
vn -0.7116 0.1546 -0.6853
vn -0.7118 0.0372 -0.7014
vn -0.6352 0.4113 -0.6537
vn -0.6098 0.1795 -0.7719
vn -0.6523 0.0498 -0.7563
vn -0.5390 0.4394 -0.7186
vn -0.5883 0.3781 -0.7148
vn -0.5734 0.0541 -0.8175
vn -0.4681 0.2278 -0.8538
vn -0.5198 0.0036 -0.8543
vn -0.8582 -0.0352 -0.5120
vn -0.8149 -0.0157 -0.5794
vn -0.7639 -0.0189 -0.6451
vn -0.6450 -0.0189 -0.7639
vn -0.5798 -0.0157 -0.8146
vn -0.7070 -0.0189 -0.7070
vn -0.5122 -0.0354 -0.8581
vn -0.7897 -0.2466 -0.5618
vn -0.7915 -0.1102 -0.6011
vn -0.7485 -0.2468 -0.6155
vn -0.7134 -0.0800 -0.6962
vn -0.6880 -0.2214 -0.6911
vn -0.6908 -0.2416 -0.6815
vn -0.7012 -0.1100 -0.7045
vn -0.6132 -0.2451 -0.7510
vn -0.5830 -0.1466 -0.7991
vn -0.6042 -0.0430 -0.7957
vn -0.6013 -0.1080 -0.7917
vn -0.5795 -0.2441 -0.7775
vn -0.4622 -0.1448 -0.8749
vn -0.4534 -0.2495 -0.8557
vn -0.6831 -0.3314 -0.6508
vn -0.5986 -0.4335 -0.6736
vn -0.5000 -0.5319 -0.6835
vn -0.5016 -0.4302 -0.7505
vn -0.3596 -0.5356 -0.7641
vn -0.4027 -0.4182 -0.8142
vn -0.3141 -0.6415 -0.6999
vn -0.2695 -0.4345 -0.8594
vn -0.1835 -0.6350 -0.7504
vn -0.1957 -0.5218 -0.8303
vn -0.0700 -0.5537 -0.8298
vn -0.0992 -0.3877 -0.9164
vn -0.0474 -0.6694 -0.7414
vn 0.0023 -0.4651 -0.8853
vn -0.6636 0.2632 -0.7003
vn -0.6694 -0.1489 -0.7278
vn -0.6455 -0.0408 -0.7627
vn -0.6590 0.0877 -0.7470
vn -0.6131 -0.3140 -0.7249
vn -0.6000 -0.2265 -0.7673
vn -0.5438 -0.1333 -0.8285
vn -0.5488 0.3404 -0.7635
vn -0.5277 0.0344 -0.8487
vn -0.4915 -0.2830 -0.8236
vn -0.5788 0.1864 -0.7939
vn -0.4897 -0.0517 -0.8704
vn -0.4595 0.1408 -0.8770
vn -0.4841 0.2623 -0.8348
vn -0.4336 0.4117 -0.8016
vn -0.3984 -0.2694 -0.8768
vn -0.3733 -0.1367 -0.9176
vn -0.3726 0.3354 -0.8653
vn -0.3871 -0.0382 -0.9212
vn -0.3519 0.0661 -0.9337
vn -0.2499 -0.3275 -0.9112
vn -0.3768 0.2261 -0.8983
vn -0.2598 -0.2188 -0.9405
vn -0.2579 -0.0388 -0.9654
vn -0.3057 0.1735 -0.9362
vn -0.2368 0.3190 -0.9177
vn -0.1915 -0.1329 -0.9725
vn -0.1894 0.0612 -0.9800
vn -0.1810 0.1848 -0.9660
vn -0.0805 -0.2428 -0.9667
vn -0.1007 -0.0959 -0.9903
vn -0.0301 0.0016 -0.9995
vn -0.0087 0.1509 -0.9885
vn -0.0617 0.2628 -0.9629
vn -0.4590 0.4152 -0.7854
vn -0.4217 0.0985 -0.9013
vn -0.4494 0.0156 -0.8932
vn -0.3499 0.4013 -0.8465
vn -0.3215 0.2357 -0.9171
vn -0.3465 0.0134 -0.9380
vn -0.3274 0.4468 -0.8326
vn -0.2481 0.3592 -0.8997
vn -0.2630 0.0566 -0.9631
vn -0.2384 0.4610 -0.8548
vn -0.1910 0.2018 -0.9606
vn -0.2031 0.0041 -0.9792
vn -0.2173 0.4501 -0.8661
vn -0.1425 0.3903 -0.9096
vn -0.0861 0.1134 -0.9898
vn -0.0923 0.0136 -0.9956
vn -0.0749 0.4439 -0.8929
vn -0.0936 0.2842 -0.9542
vn -0.0005 0.4052 -0.9142
vn -0.4295 -0.0457 -0.9019
vn -0.1403 -0.0340 -0.9895
vn -0.0567 -0.0318 -0.9979
vn -0.3548 -0.0417 -0.9340
vn -0.2697 -0.0315 -0.9624
vn -0.2097 -0.0253 -0.9774
vn -0.5139 -0.2473 -0.8214
vn -0.4497 -0.0828 -0.8893
vn -0.4231 -0.2200 -0.8789
vn -0.3114 -0.1405 -0.9398
vn -0.3376 -0.2552 -0.9060
vn -0.3202 -0.2526 -0.9130
vn -0.2854 -0.1570 -0.9455
vn -0.2455 -0.0567 -0.9677
vn -0.2085 -0.2592 -0.9430
vn -0.1934 -0.2574 -0.9467
vn -0.1204 -0.1312 -0.9840
vn -0.0824 -0.0352 -0.9960
vn -0.0663 -0.2604 -0.9632
vn -0.1002 -0.1944 -0.9758
vn 0.0070 -0.1084 -0.9941
vn -0.9929 0.0833 -0.0851
vn -0.9664 0.0931 -0.2398
vn -0.9470 0.3166 -0.0541
vn -0.9674 0.2251 -0.1162
vn -0.9326 0.2695 -0.2402
vn -0.8858 0.3867 -0.2567
vn -0.9264 0.0383 -0.3745
vn -0.9103 0.1835 -0.3710
vn -0.8836 0.3150 -0.3466
vn -0.8609 0.0968 -0.4994
vn -0.8981 0.4165 -0.1411
vn -0.8233 0.5647 -0.0565
vn -0.7975 0.5863 -0.1423
vn -0.8330 0.4996 -0.2377
vn -0.7585 0.6082 -0.2340
vn -0.8130 0.4648 -0.3507
vn -0.8503 0.2373 -0.4698
vn -0.8194 0.3740 -0.4344
vn -0.7890 0.0425 -0.6129
vn -0.7815 0.2372 -0.5771
vn -0.7772 0.3521 -0.5216
vn -0.7719 0.1316 -0.6219
vn -0.7297 0.6819 -0.0497
vn -0.6898 0.7040 -0.1690
vn -0.7391 0.5919 -0.3216
vn -0.6493 0.6921 -0.3152
vn -0.7115 0.4371 -0.5502
vn -0.6940 0.3073 -0.6512
vn -0.6870 0.0457 -0.7252
vn -0.6941 0.1718 -0.6990
vn -0.6130 0.7888 -0.0453
vn -0.5811 0.7769 -0.2423
vn -0.6339 0.6503 -0.4187
vn -0.7260 0.5240 -0.4452
vn -0.6335 0.5610 -0.5328
vn -0.6322 0.4252 -0.6477
vn -0.5843 0.1440 -0.7986
vn -0.5741 0.2451 -0.7813
vn -0.5932 0.3307 -0.7340
vn -0.5321 0.7736 -0.3442
vn -0.5473 0.6539 -0.5224
vn -0.5155 0.7317 -0.4460
vn -0.5596 0.5463 -0.6232
vn -0.5121 0.4456 -0.7343
vn -0.4452 0.7129 -0.5418
vn -0.4354 0.5456 -0.7161
vn -0.4273 0.6448 -0.6338
vn -0.3294 0.7293 -0.5997
vn -0.3119 0.6163 -0.7231
vn -0.2480 0.7744 -0.5821
vn -0.1688 0.6949 -0.6990
vn -0.0001 0.7299 -0.6835
vn -0.0469 0.6246 -0.7795
vn -0.5672 0.8112 -0.1425
vn -0.4613 0.8854 -0.0569
vn -0.4457 0.8737 -0.1950
vn -0.3622 0.8944 -0.2624
vn -0.4382 0.8188 -0.3708
vn -0.3215 0.9354 -0.1470
vn -0.3555 0.8189 -0.4506
vn -0.2825 0.9041 -0.3206
vn -0.2133 0.9737 -0.0799
vn -0.1755 0.9585 -0.2247
vn -0.2342 0.8650 -0.4438
vn -0.0730 0.9901 -0.1202
vn -0.1443 0.9093 -0.3902
vn -0.1416 0.7964 -0.5880
vn 0.0015 0.9472 -0.3206
vn 0.0056 0.9771 -0.2128
vn -0.0673 0.8825 -0.4654
vn 0.0037 0.8082 -0.5889
vn -0.5737 0.0388 -0.8181
vn -0.4435 0.3507 -0.8248
vn -0.4575 0.1016 -0.8834
vn -0.4261 0.2344 -0.8738
vn -0.3667 0.4534 -0.8124
vn -0.3676 0.0416 -0.9290
vn -0.2856 0.1546 -0.9458
vn -0.2857 0.2866 -0.9145
vn -0.2583 0.3821 -0.8873
vn -0.2442 0.5011 -0.8302
vn -0.2266 0.0604 -0.9721
vn -0.1434 0.4181 -0.8970
vn -0.1750 0.5889 -0.7890
vn -0.1459 0.2287 -0.9625
vn -0.0915 0.0897 -0.9918
vn -0.0282 0.5102 -0.8596
vn -0.0623 0.3197 -0.9455
vn 0.0108 0.4274 -0.9040
vn 0.0297 0.2107 -0.9771
vn 0.1388 -0.4141 0.8996
vn 0.2490 -0.3677 0.8960
vn 0.0546 -0.2358 0.9703
vn 0.1108 -0.1263 0.9858
vn 0.0963 0.1153 0.9887
vn 0.2000 -0.0250 0.9795
vn 0.1242 0.0705 0.9897
vn 0.1755 -0.2711 0.9464
vn 0.1905 0.1368 0.9721
vn 0.2753 -0.1409 0.9510
vn 0.3021 0.0869 0.9493
vn 0.2913 0.0933 0.9521
vn 0.3141 -0.2501 0.9159
vn 0.3753 -0.0482 0.9257
vn 0.4378 -0.1445 0.8874
vn 0.4638 0.0368 0.8852
vn 0.4181 0.1432 0.8971
vn 0.0700 -0.0666 0.9953
vn 0.0522 -0.0443 0.9977
vn 0.1380 -0.0054 0.9904
vn 0.1973 -0.0404 0.9795
vn 0.1999 -0.0369 0.9791
vn 0.2732 -0.0552 0.9604
vn 0.3460 -0.0233 0.9379
vn 0.3515 -0.0290 0.9357
vn 0.4241 -0.0381 0.9048
vn 0.2711 -0.0320 0.9620
vn 0.0559 -0.0338 0.9979
vn 0.1389 -0.0442 0.9893
vn 0.2097 -0.0259 0.9774
vn 0.3519 -0.0433 0.9350
vn 0.4356 -0.0414 0.8992
vn 0.0459 -0.1883 0.9810
vn 0.0718 -0.0381 0.9967
vn 0.1173 -0.1364 0.9837
vn 0.0719 -0.2594 0.9631
vn 0.1474 -0.1629 0.9756
vn 0.2169 -0.2607 0.9407
vn 0.1893 -0.2581 0.9474
vn 0.2527 -0.0501 0.9663
vn 0.2937 -0.1576 0.9428
vn 0.3062 -0.1347 0.9424
vn 0.3217 -0.2579 0.9110
vn 0.4155 -0.2597 0.8717
vn 0.4331 -0.2204 0.8740
vn 0.4500 -0.0823 0.8892
vn 0.4487 -0.1631 0.8787
vn 0.5627 -0.2512 0.7876
vn 0.5688 -0.2331 0.7888
vn 0.5884 -0.1445 0.7955
vn 0.6060 -0.0436 0.7943
vn 0.0814 -0.5501 0.8311
vn 0.0401 -0.6556 0.7540
vn 0.0452 -0.7688 0.6379
vn 0.0386 -0.8761 0.4805
vn 0.0711 -0.9428 0.3258
vn 0.0403 -0.9772 0.2086
vn 0.1584 -0.6773 0.7185
vn 0.1303 -0.7897 0.5994
vn 0.1434 -0.8651 0.4807
vn 0.1948 -0.9458 0.2597
vn 0.1276 -0.9867 0.1008
vn 0.2156 -0.5849 0.7819
vn 0.2340 -0.4800 0.8455
vn 0.2290 -0.7609 0.6071
vn 0.2573 -0.8509 0.4581
vn 0.2248 -0.9090 0.3509
vn 0.3325 -0.5154 0.7898
vn 0.3736 -0.4057 0.8342
vn 0.3088 -0.6287 0.7137
vn 0.3175 -0.7019 0.6376
vn 0.3484 -0.7752 0.5270
vn 0.3549 -0.8601 0.3665
vn 0.2652 -0.9484 0.1737
vn 0.3812 -0.8860 0.2641
vn 0.3982 -0.9102 0.1141
vn 0.4258 -0.6131 0.6654
vn 0.4418 -0.4946 0.7485
vn 0.4527 -0.6957 0.5577
vn 0.4377 -0.7978 0.4146
vn 0.4841 -0.3395 0.8064
vn 0.5263 -0.4231 0.7376
vn 0.5526 -0.5384 0.6362
vn 0.5452 -0.6353 0.5470
vn 0.5403 -0.7140 0.4453
vn 0.5833 -0.7535 0.3033
vn 0.4916 -0.8309 0.2606
vn 0.4968 -0.8610 0.1091
vn 0.6218 -0.7616 0.1829
vn 0.6250 -0.4001 0.6703
vn 0.6444 -0.5862 0.4910
vn 0.6811 -0.4512 0.5767
vn 0.6397 -0.6756 0.3665
vn 0.7391 -0.5022 0.4490
vn 0.7083 -0.6345 0.3094
vn 0.7314 -0.6577 0.1803
vn 0.3849 -0.3035 0.8716
vn 0.4387 0.1079 0.8921
vn 0.4782 -0.2280 0.8481
vn 0.5507 -0.0511 0.8331
vn 0.5660 0.1397 0.8125
vn 0.5477 0.1288 0.8267
vn 0.5834 -0.2953 0.7566
vn 0.5939 -0.1677 0.7869
vn 0.6038 0.0469 0.7958
vn 0.6708 -0.0352 0.7408
vn 0.6612 0.1643 0.7320
vn 0.6792 -0.2952 0.6720
vn 0.6802 -0.1594 0.7155
vn 0.6866 0.1020 0.7199
vn 0.7620 -0.2195 0.6093
vn 0.7541 -0.1228 0.6451
vn 0.7701 -0.0315 0.6371
vn 0.7561 0.0934 0.6478
vn 0.7570 0.1269 0.6410
vn 0.7552 -0.3284 0.5673
vn 0.8302 0.1618 0.5335
vn 0.4545 -0.0185 0.8906
vn 0.5194 -0.0431 0.8535
vn 0.5716 0.0119 0.8204
vn 0.5854 -0.0051 0.8107
vn 0.6446 0.0758 0.7607
vn 0.6371 -0.0296 0.7702
vn 0.7191 -0.0132 0.6948
vn 0.7034 -0.0266 0.7103
vn 0.7654 -0.0214 0.6433
vn 0.8383 0.0169 0.5449
vn 0.8103 -0.0187 0.5858
vn 0.8538 -0.0165 0.5203
vn 0.5880 -0.0193 0.8087
vn 0.7119 -0.0159 0.7021
vn 0.8178 0.0035 0.5755
vn 0.8522 -0.0403 0.5217
vn 0.5135 -0.0137 0.8580
vn 0.6477 -0.0208 0.7616
vn 0.7832 -0.0325 0.6209
vn 0.5684 -0.1165 0.8144
vn 0.6201 -0.2898 0.7290
vn 0.6902 -0.1116 0.7150
vn 0.6845 -0.2488 0.6853
vn 0.7903 -0.1398 0.5965
vn 0.6866 -0.2211 0.6926
vn 0.7129 -0.0774 0.6970
vn 0.7873 -0.2502 0.5635
vn 0.7509 -0.2454 0.6131
vn 0.8002 -0.1387 0.5834
vn 0.8738 -0.1503 0.4625
vn 0.7802 -0.4007 0.4803
vn 0.7697 -0.5230 0.3660
vn 0.8374 -0.3947 0.3782
vn 0.8033 -0.5357 0.2603
vn 0.8049 -0.5798 0.1265
vn 0.8722 -0.3966 0.2863
vn 0.8786 -0.4409 0.1833
vn 0.7979 0.1799 0.5753
vn 0.8463 -0.0895 0.5251
vn 0.8521 0.0540 0.5206
vn 0.8357 -0.2565 0.4856
vn 0.8702 0.1828 0.4575
vn 0.8807 0.1989 0.4298
vn 0.8860 -0.2655 0.3802
vn 0.8974 -0.1432 0.4173
vn 0.9174 -0.0461 0.3954
vn 0.9104 0.0636 0.4087
vn 0.8927 0.2475 0.3766
vn 0.9499 0.1465 0.2761
vn 0.9243 -0.2612 0.2781
vn 0.9283 0.2677 0.2578
vn 0.9349 -0.3033 0.1845
vn 0.9600 0.2451 0.1353
vn 0.9449 0.2924 0.1474
vn 0.9579 0.0273 0.2858
vn 0.9518 -0.1441 0.2707
vn 0.9749 -0.0430 0.2185
vn 0.9661 -0.2380 0.1001
vn 0.9873 -0.1182 0.1062
vn 0.9940 0.0252 0.1060
vn 0.9856 0.1269 0.1121
vn 0.8988 -0.0213 0.4379
vn 0.9166 0.0430 0.3976
vn 0.9357 -0.0149 0.3526
vn 0.9285 0.2543 0.2707
vn 0.9533 0.0711 0.2935
vn 0.9617 -0.0138 0.2738
vn 0.9657 0.1639 0.2015
vn 0.9904 -0.0027 0.1383
vn 0.9785 -0.0143 0.2056
vn 0.9862 0.1603 0.0406
vn 0.9896 -0.0125 0.1436
vn 0.9974 -0.0395 0.0598
vn 0.9012 -0.0458 0.4310
vn 0.9341 -0.0439 0.3542
vn 0.9608 -0.0402 0.2742
vn 0.9778 -0.0341 0.2069
vn 0.9898 -0.0390 0.1374
vn 0.9979 -0.0356 0.0533
vn 0.8128 0.0025 0.5825
vn 0.8440 -0.2293 0.4849
vn 0.8794 -0.2583 0.3999
vn 0.9403 -0.1377 0.3114
vn 0.9442 -0.2540 0.2098
vn 0.9771 -0.1246 0.1723
vn 0.9817 -0.1771 0.0693
vn 0.8826 -0.0574 0.4667
vn 0.9057 -0.2527 0.3404
vn 0.9100 -0.1472 0.3876
vn 0.9479 -0.0496 0.3148
vn 0.9467 -0.2483 0.2053
vn 0.9610 -0.1476 0.2337
vn 0.9829 -0.0400 0.1798
vn 0.9741 -0.2169 0.0638
vn 0.9886 -0.1256 0.0827
vn 0.0894 0.0871 0.9922
vn 0.1142 0.2261 0.9674
vn 0.0471 0.3228 0.9453
vn 0.1804 0.4710 0.8635
vn 0.1022 0.5685 0.8163
vn 0.1394 0.3653 0.9204
vn 0.2334 0.0619 0.9704
vn 0.2766 0.1900 0.9420
vn 0.2707 0.3494 0.8970
vn 0.2674 0.5589 0.7849
vn 0.4328 0.0457 0.9003
vn 0.4473 0.3507 0.8228
vn 0.3621 0.4553 0.8134
vn 0.4703 0.1442 0.8706
vn 0.4078 0.2521 0.8776
vn 0.6045 0.0426 0.7955
vn 0.5793 0.2341 0.7807
vn 0.6210 0.1437 0.7705
vn 0.0475 0.7286 0.6833
vn 0.1379 0.6748 0.7250
vn 0.1443 0.7920 0.5932
vn 0.2647 0.6544 0.7083
vn 0.2279 0.7510 0.6197
vn 0.4138 0.6491 0.6383
vn 0.3227 0.7400 0.5902
vn 0.5095 0.4484 0.7344
vn 0.4246 0.5504 0.7189
vn 0.5142 0.6607 0.5469
vn 0.4170 0.7443 0.5217
vn 0.5869 0.3432 0.7333
vn 0.5267 0.5627 0.6372
vn 0.5135 0.7378 0.4381
vn 0.6142 0.6462 0.4530
vn 0.5477 0.7720 0.3225
vn 0.6179 0.4414 0.6506
vn 0.6152 0.5555 0.5594
vn 0.7136 0.5488 0.4354
vn 0.6617 0.6715 0.3334
vn 0.6171 0.7650 0.1846
vn 0.6086 0.7917 0.0534
vn 0.7163 0.0802 0.6932
vn 0.6933 0.2833 0.6627
vn 0.7928 0.1409 0.5930
vn 0.7749 0.2425 0.5837
vn 0.7197 0.4413 0.5360
vn 0.7991 0.3494 0.4892
vn 0.7783 0.5347 0.3292
vn 0.7837 0.5749 0.2352
vn 0.7077 0.6856 0.1705
vn 0.7267 0.6849 0.0529
vn 0.0831 0.8872 0.4537
vn 0.0784 0.9738 0.2133
vn 0.0733 0.9943 0.0779
vn 0.1471 0.9357 0.3207
vn 0.2252 0.8416 0.4910
vn 0.2478 0.8980 0.3636
vn 0.2235 0.9589 0.1750
vn 0.3198 0.9475 0.0029
vn 0.2052 0.9787 0.0068
vn 0.3327 0.8237 0.4591
vn 0.3535 0.8946 0.2734
vn 0.3780 0.9143 0.1454
vn 0.4184 0.8290 0.3711
vn 0.5022 0.8400 0.2052
vn 0.4671 0.8822 0.0590
vn 0.8548 0.2286 0.4659
vn 0.8119 0.4436 0.3795
vn 0.8798 0.3491 0.3227
vn 0.8719 0.4307 0.2330
vn 0.8953 0.4237 0.1374
vn 0.8149 0.5717 0.0953
vn 0.8838 0.1036 0.4562
vn 0.9286 0.0470 0.3681
vn 0.8950 0.2499 0.3694
vn 0.9439 0.1583 0.2900
vn 0.9718 0.0613 0.2277
vn 0.9311 0.2873 0.2247
vn 0.9699 0.1979 0.1422
vn 0.9462 0.3176 0.0619
vn 0.9019 0.4318 0.0107
vn 0.8587 0.5116 -0.0301
vn 0.9978 0.0193 0.0628
vn 0.9828 0.1792 0.0441
vn 0.0543 -0.9971 -0.0529
vn 0.0409 -0.8266 -0.5613
vn 0.1500 -0.9864 -0.0673
vn 0.1705 -0.9588 -0.2272
vn 0.1137 -0.9297 -0.3502
vn 0.1360 -0.8400 -0.5253
vn 0.2472 -0.7829 -0.5709
vn 0.2627 -0.9643 0.0317
vn 0.3093 -0.9134 -0.2646
vn 0.2397 -0.8732 -0.4243
vn 0.4025 -0.9137 -0.0557
vn 0.3030 -0.9449 -0.1242
vn 0.3314 -0.8418 -0.4260
vn 0.3487 -0.7449 -0.5688
vn 0.4643 -0.8672 -0.1798
vn 0.4600 -0.8411 -0.2843
vn 0.4257 -0.8013 -0.4203
vn 0.4473 -0.6902 -0.5688
vn 0.5894 -0.8045 0.0737
vn 0.5287 -0.8468 -0.0577
vn 0.5977 -0.7635 -0.2445
vn 0.5410 -0.7555 -0.3694
vn 0.5397 -0.6908 -0.4811
vn 0.5415 -0.5926 -0.5964
vn 0.6524 -0.7572 -0.0317
vn 0.6341 -0.7580 -0.1529
vn 0.6376 -0.6780 -0.3657
vn 0.6340 -0.5966 -0.4921
vn 0.6403 -0.4943 -0.5880
vn 0.6937 -0.7152 0.0851
vn 0.7433 -0.6589 -0.1159
vn 0.7212 -0.6497 -0.2403
vn 0.7268 -0.5775 -0.3717
vn 0.7287 -0.4925 -0.4759
vn 0.7311 -0.3930 -0.5577
vn 0.7544 -0.3053 -0.5811
vn 0.7646 0.1544 -0.6257
vn 0.7725 0.2557 -0.5813
vn 0.7533 0.3506 -0.5564
vn 0.5661 0.3730 -0.7351
vn 0.4651 0.2159 -0.8585
vn 0.5710 0.0476 -0.8195
vn 0.5155 -0.0053 -0.8569
vn 0.6691 0.3445 -0.6585
vn 0.6122 0.1717 -0.7718
vn 0.6514 0.0430 -0.7575
vn 0.7705 0.3138 -0.5549
vn 0.7194 0.1489 -0.6784
vn 0.7633 0.0349 -0.6451
vn 0.7070 0.0384 -0.7061
vn 0.6831 0.4008 -0.6105
vn 0.8080 0.3872 -0.4441
vn 0.8825 0.2211 -0.4151
vn 0.8260 0.1248 -0.5497
vn 0.8595 0.0192 -0.5108
vn 0.8062 0.0324 -0.5908
vn 0.6383 -0.0106 -0.7697
vn 0.5910 -0.0019 -0.8066
vn 0.7576 -0.0357 -0.6518
vn 0.8583 -0.0131 -0.5129
vn 0.7109 -0.0160 -0.7031
vn 0.8085 -0.0177 -0.5882
vn 0.5431 -0.0409 -0.8387
vn 0.4497 -0.1539 -0.8798
vn 0.5645 -0.2582 -0.7840
vn 0.6925 -0.1169 -0.7119
vn 0.5931 -0.1585 -0.7893
vn 0.6814 -0.2505 -0.6877
vn 0.6052 -0.2834 -0.7439
vn 0.7877 -0.2527 -0.5619
vn 0.7996 -0.1254 -0.5872
vn 0.8734 -0.1674 -0.4573
vn 0.7474 -0.2774 -0.6037
vn 0.7663 -0.1747 -0.6183
vn 0.7945 -0.0468 -0.6055
vn 0.6587 -0.2195 -0.7197
vn 0.6945 -0.0700 -0.7160
vn 0.0492 -0.7196 -0.6927
vn 0.0484 -0.5801 -0.8131
vn 0.0448 -0.3371 -0.9404
vn 0.1835 -0.7312 -0.6571
vn 0.1440 -0.5737 -0.8063
vn 0.1367 -0.4703 -0.8718
vn 0.1496 -0.3385 -0.9290
vn 0.2027 -0.6392 -0.7418
vn 0.2545 -0.4704 -0.8449
vn 0.3407 -0.6576 -0.6719
vn 0.3457 -0.5287 -0.7752
vn 0.3443 -0.3547 -0.8692
vn 0.4422 -0.5819 -0.6825
vn 0.4451 -0.4367 -0.7818
vn 0.5419 -0.4893 -0.6833
vn 0.5543 -0.3374 -0.7609
vn 0.6347 -0.3935 -0.6651
vn 0.0920 -0.1731 -0.9806
vn 0.0952 -0.0744 -0.9927
vn 0.0904 0.0758 -0.9930
vn 0.0582 0.2604 -0.9637
vn 0.2443 0.3634 -0.8990
vn 0.1843 0.0562 -0.9813
vn 0.1392 0.1854 -0.9728
vn 0.2437 -0.2948 -0.9240
vn 0.2624 -0.1675 -0.9503
vn 0.2515 -0.0408 -0.9670
vn 0.2803 0.1361 -0.9502
vn 0.2110 0.2631 -0.9414
vn 0.3753 -0.2052 -0.9039
vn 0.3329 0.2327 -0.9138
vn 0.3715 0.3395 -0.8641
vn 0.3536 0.0637 -0.9332
vn 0.5239 0.3272 -0.7864
vn 0.4396 -0.3039 -0.8452
vn 0.4762 -0.0779 -0.8759
vn 0.4558 0.0925 -0.8852
vn 0.3807 -0.0574 -0.9229
vn 0.5007 -0.2243 -0.8360
vn 0.5712 -0.1280 -0.8107
vn 0.5519 0.1415 -0.8218
vn 0.4902 0.2279 -0.8413
vn 0.6565 -0.2951 -0.6942
vn 0.6710 0.2908 -0.6820
vn 0.6510 -0.0405 -0.7580
vn 0.5760 0.0236 -0.8171
vn 0.6349 0.2208 -0.7404
vn 0.7495 -0.2087 -0.6282
vn 0.6619 -0.1602 -0.7323
vn 0.7464 0.0070 -0.6654
vn 0.6648 0.1116 -0.7386
vn 0.2017 0.1624 -0.9659
vn 0.1352 0.0155 -0.9907
vn 0.0621 0.4403 -0.8957
vn 0.1052 0.2924 -0.9505
vn 0.0573 0.0621 -0.9964
vn 0.2139 0.0251 -0.9765
vn 0.1822 0.4636 -0.8671
vn 0.1329 0.3850 -0.9133
vn 0.2897 0.4060 -0.8667
vn 0.2982 0.2305 -0.9262
vn 0.3080 0.0913 -0.9470
vn 0.2778 0.0237 -0.9603
vn 0.2379 0.4541 -0.8586
vn 0.3603 0.0152 -0.9327
vn 0.3286 0.4411 -0.8352
vn 0.4414 0.4034 -0.8015
vn 0.4457 0.0622 -0.8930
vn 0.4236 0.4362 -0.7939
vn 0.5346 0.4234 -0.7314
vn 0.6109 0.4085 -0.6782
vn 0.2766 -0.0425 -0.9601
vn 0.4330 -0.0488 -0.9001
vn 0.1466 -0.0464 -0.9881
vn 0.0489 -0.0330 -0.9983
vn 0.2098 -0.0372 -0.9770
vn 0.3528 -0.0449 -0.9346
vn 0.1887 -0.1807 -0.9653
vn 0.0584 -0.1869 -0.9807
vn 0.0598 -0.2210 -0.9734
vn 0.0670 0.0090 -0.9977
vn 0.2022 -0.2473 -0.9476
vn 0.1598 -0.1104 -0.9810
vn 0.3134 -0.1470 -0.9382
vn 0.2977 -0.2621 -0.9180
vn 0.2945 -0.1549 -0.9430
vn 0.2376 -0.0331 -0.9708
vn 0.3394 -0.2703 -0.9009
vn 0.3872 -0.1800 -0.9043
vn 0.3770 0.0020 -0.9262
vn 0.4449 -0.2655 -0.8553
vn 0.4929 -0.2319 -0.8386
vn 0.5823 -0.1461 -0.7997
vn 0.5847 -0.0398 -0.8103
vn 0.4810 -0.0651 -0.8743
vn 0.7569 -0.6534 0.0123
vn 0.8669 -0.4940 0.0661
vn 0.8224 -0.5652 -0.0644
vn 0.8006 -0.5600 -0.2131
vn 0.8105 -0.4852 -0.3283
vn 0.8120 -0.3902 -0.4340
vn 0.9225 -0.3790 0.0732
vn 0.8782 -0.4748 -0.0574
vn 0.9244 -0.3782 -0.0503
vn 0.8753 -0.4419 -0.1965
vn 0.8831 -0.3384 -0.3249
vn 0.8609 0.2602 -0.4371
vn 0.8306 -0.2712 -0.4864
vn 0.8570 -0.1320 -0.4980
vn 0.8628 0.1520 -0.4822
vn 0.8002 0.3625 -0.4777
vn 0.7900 -0.0921 -0.6062
vn 0.9507 0.3046 0.0584
vn 0.9480 0.3126 -0.0592
vn 0.9289 0.3170 -0.1917
vn 0.9279 -0.3103 -0.2069
vn 0.9468 -0.1685 -0.2743
vn 0.9267 -0.0773 -0.3678
vn 0.9522 0.0300 -0.3041
vn 0.9414 0.1330 -0.3099
vn 0.9332 0.2312 -0.2752
vn 0.8731 0.3562 -0.3330
vn 0.8862 -0.2110 -0.4124
vn 0.8612 0.0267 -0.5076
vn 0.9709 -0.2391 -0.0108
vn 0.9966 -0.0811 -0.0122
vn 0.9985 0.0520 -0.0145
vn 0.9853 0.1706 -0.0073
vn 0.9648 -0.2337 -0.1205
vn 0.9874 -0.0774 -0.1382
vn 0.9897 0.0463 -0.1356
vn 0.9754 0.1731 -0.1364
vn 0.9991 0.0149 -0.0387
vn 0.9880 0.0550 -0.1446
vn 0.9905 -0.0018 -0.1375
vn 0.9616 0.2481 -0.1176
vn 0.9700 0.0814 -0.2291
vn 0.9211 0.3135 -0.2310
vn 0.9449 0.1823 -0.2717
vn 0.9418 0.0427 -0.3335
vn 0.8675 0.3530 -0.3505
vn 0.9040 0.0657 -0.4225
vn 0.9471 0.3201 0.0221
vn 0.9982 -0.0296 -0.0528
vn 0.9878 -0.0285 -0.1533
vn 0.9758 -0.0805 -0.2031
vn 0.9633 -0.0302 -0.2666
vn 0.9349 -0.0443 -0.3522
vn 0.9980 -0.0356 -0.0530
vn 0.8981 -0.0417 -0.4378
vn 0.9808 -0.1826 -0.0685
vn 0.9400 -0.1401 -0.3111
vn 0.8759 -0.2604 -0.4062
vn 0.8433 -0.2248 -0.4881
vn 0.8638 -0.0846 -0.4967
vn 0.9746 -0.2141 -0.0659
vn 0.9478 -0.2442 -0.2049
vn 0.9479 -0.2428 -0.2060
vn 0.9679 -0.0995 -0.2308
vn 0.9057 -0.2537 -0.3395
vn 0.9171 -0.1442 -0.3716
vn 0.9273 0.0022 -0.3743
vn 0.9908 -0.1001 -0.0913
vn 0.9993 -0.0023 -0.0379
vn 0.0896 0.6500 -0.7546
vn 0.1667 0.7084 -0.6859
vn 0.2423 0.7768 -0.5813
vn 0.3216 0.5919 -0.7391
vn 0.2239 0.6050 -0.7641
vn 0.3443 0.7735 -0.5321
vn 0.4187 0.6503 -0.6339
vn 0.3152 0.6921 -0.6493
vn 0.4460 0.7317 -0.5155
vn 0.5224 0.6539 -0.5473
vn 0.4452 0.5240 -0.7260
vn 0.5821 0.7744 -0.2480
vn 0.5997 0.7293 -0.3294
vn 0.5418 0.7129 -0.4452
vn 0.5502 0.4371 -0.7115
vn 0.5328 0.5610 -0.6335
vn 0.5771 0.2372 -0.7815
vn 0.5216 0.3521 -0.7772
vn 0.6875 0.7244 -0.0499
vn 0.6338 0.6448 -0.4273
vn 0.7161 0.5456 -0.4354
vn 0.6232 0.5463 -0.5596
vn 0.6477 0.4252 -0.6322
vn 0.6130 0.0425 -0.7889
vn 0.6219 0.1316 -0.7719
vn 0.6512 0.3073 -0.6940
vn 0.7818 0.6217 -0.0478
vn 0.7001 0.6927 -0.1736
vn 0.7231 0.6163 -0.3119
vn 0.7343 0.4456 -0.5121
vn 0.7813 0.2451 -0.5741
vn 0.7340 0.3307 -0.5932
vn 0.7254 0.0455 -0.6869
vn 0.6990 0.1718 -0.6941
vn 0.0783 0.9936 -0.0810
vn 0.0626 0.8851 -0.4611
vn 0.1376 0.9360 -0.3240
vn 0.1802 0.9593 -0.2173
vn 0.1951 0.8733 -0.4465
vn 0.1349 0.8072 -0.5747
vn 0.2427 0.9617 -0.1273
vn 0.2630 0.8926 -0.3663
vn 0.3890 0.9096 -0.1461
vn 0.3213 0.9044 -0.2808
vn 0.4502 0.8192 -0.3554
vn 0.3709 0.8190 -0.4377
vn 0.4720 0.8793 -0.0643
vn 0.4436 0.8650 -0.2347
vn 0.5848 0.8099 -0.0458
vn 0.5858 0.7968 -0.1480
vn 0.1408 0.4167 -0.8981
vn 0.0919 0.5605 -0.8230
vn 0.0602 0.3218 -0.9449
vn 0.0961 0.1253 -0.9874
vn 0.2034 0.2558 -0.9451
vn 0.2363 0.5023 -0.8318
vn 0.2398 0.0908 -0.9666
vn 0.2583 0.3836 -0.8867
vn 0.3411 0.3119 -0.8868
vn 0.3507 0.4648 -0.8130
vn 0.3701 0.1799 -0.9114
vn 0.4698 0.2373 -0.8503
vn 0.4344 0.3740 -0.8194
vn 0.4965 0.0961 -0.8627
vn 0.8972 0.4179 -0.1428
vn 0.7891 0.5889 -0.1749
vn 0.8302 0.5011 -0.2442
vn 0.8248 0.3507 -0.4435
vn 0.8124 0.4534 -0.3667
vn 0.8738 0.2344 -0.4261
vn 0.8166 0.0413 -0.5757
vn 0.7986 0.1440 -0.5843
vn 0.9474 0.3146 -0.0584
vn 0.9604 0.2330 -0.1526
vn 0.9713 0.0516 -0.2324
vn 0.9442 0.1541 -0.2910
vn 0.9145 0.2866 -0.2857
vn 0.8873 0.3821 -0.2583
vn 0.8848 0.1022 -0.4545
vn 0.9851 0.1680 -0.0375
vn 0.9875 0.0810 -0.1349
s 1
f 3009//3009 3007//3007 3008//3008
f 3012//3012 3007//3007 3009//3009
f 3016//3016 3014//3014 3013//3013
f 3016//3016 3013//3013 3017//3017
f 3017//3017 3028//3028 3018//3018
f 3023//3023 3020//3020 3024//3024
f 3025//3025 3021//3021 3019//3019
f 3013//3013 3022//3022 3023//3023
f 3025//3025 3014//3014 3027//3027
f 3028//3028 3013//3013 3023//3023
f 3028//3028 3024//3024 3029//3029
f 3018//3018 3028//3028 3029//3029
f 3032//3032 3019//3019 3031//3031
f 3020//3020 3032//3032 3033//3033
f 3037//3037 3034//3034 3030//3030
f 3037//3037 3021//3021 3034//3034
f 3037//3037 3030//3030 3031//3031
f 3035//3035 3036//3036 3038//3038
f 3024//3024 3035//3035 3038//3038
f 3006//3006 3010//3010 3034//3034
f 3026//3026 3024//3024 3038//3038
f 3029//3029 3026//3026 3039//3039
f 3048//3048 3045//3045 3046//3046
f 3050//3050 3048//3048 3049//3049
f 3044//3044 3051//3051 3053//3053
f 3060//3060 3057//3057 3061//3061
f 3066//3066 3057//3057 3065//3065
f 3058//3058 3067//3067 3064//3064
f 3058//3058 3064//3064 3065//3065
f 3069//3069 3068//3068 3067//3067
f 3069//3069 3067//3067 3058//3058
f 3072//3072 3062//3062 3071//3071
f 3075//3075 3073//3073 3070//3070
f 3063//3063 3070//3070 3071//3071
f 3075//3075 3063//3063 3064//3064
f 3067//3067 3076//3076 3075//3075
f 3068//3068 3052//3052 3056//3056
f 3083//3083 3082//3082 3085//3085
f 3081//3081 3083//3083 3086//3086
f 3084//3084 3086//3086 3087//3087
f 3085//3085 3082//3082 3089//3089
f 3085//3085 3088//3088 3086//3086
f 3087//3087 3086//3086 3090//3090
f 3089//3089 3077//3077 3078//3078
f 3091//3091 3088//3088 3085//3085
f 3094//3094 3091//3091 3093//3093
f 3093//3093 3089//3089 3080//3080
f 3092//3092 3095//3095 3096//3096
f 3090//3090 3092//3092 3096//3096
f 3098//3098 3090//3090 3101//3101
f 3102//3102 3101//3101 3103//3103
f 3104//3104 3102//3102 3103//3103
f 3097//3097 3099//3099 3106//3106
f 3104//3104 3105//3105 3109//3109
f 3111//3111 3211//3211 3114//3114
f 3114//3114 3115//3115 3116//3116
f 3118//3118 3117//3117 3120//3120
f 3124//3124 3115//3115 3123//3123
f 3119//3119 3121//3121 3122//3122
f 3119//3119 3116//3116 3121//3121
f 3120//3120 3106//3106 3107//3107
f 3123//3123 3115//3115 3118//3118
f 3123//3123 3120//3120 3128//3128
f 3131//3131 3136//3136 3137//3137
f 3131//3131 3130//3130 3136//3136
f 3131//3131 3137//3137 3135//3135
f 3132//3132 3139//3139 3138//3138
f 3137//3137 3142//3142 3143//3143
f 3138//3138 3144//3144 3136//3136
f 3138//3138 3139//3139 3144//3144
f 3142//3142 3147//3147 3148//3148
f 3152//3152 3145//3145 3140//3140
f 3147//3147 3142//3142 3154//3154
f 3156//3156 3151//3151 3145//3145
f 3147//3147 3154//3154 3159//3159
f 3154//3154 3155//3155 3160//3160
f 3163//3163 3156//3156 3157//3157
f 3169//3169 3161//3161 3163//3163
f 3170//3170 3162//3162 3163//3163
f 3158//3158 3170//3170 3163//3163
f 3171//3171 3168//3168 3169//3169
f 3030//3030 3172//3172 3173//3173
f 3033//3033 3175//3175 3176//3176
f 3034//3034 3131//3131 3172//3172
f 3034//3034 3010//3010 3131//3131
f 3035//3035 3033//3033 3176//3176
f 3035//3035 3176//3176 3036//3036
f 3178//3178 3179//3179 3175//3175
f 3175//3175 3179//3179 3180//3180
f 3175//3175 3180//3180 3176//3176
f 3182//3182 3177//3177 3181//3181
f 3179//3179 3184//3184 3180//3180
f 3185//3185 3141//3141 3148//3148
f 3181//3181 3141//3141 3185//3185
f 3182//3182 3082//3082 3083//3083
f 3185//3185 3077//3077 3082//3082
f 3185//3185 3082//3082 3181//3181
f 3189//3189 3187//3187 3188//3188
f 3189//3189 3042//3042 3187//3187
f 3036//3036 3187//3187 3043//3043
f 3187//3187 3042//3042 3043//3043
f 3176//3176 3180//3180 3186//3186
f 3187//3187 3186//3186 3190//3190
f 3192//3192 3190//3190 3191//3191
f 3190//3190 3180//3180 3193//3193
f 3193//3193 3194//3194 3195//3195
f 3190//3190 3193//3193 3195//3195
f 3193//3193 3184//3184 3196//3196
f 3087//3087 3098//3098 3196//3196
f 3196//3196 3098//3098 3099//3099
f 3197//3197 3097//3097 3198//3198
f 3194//3194 3197//3197 3198//3198
f 3189//3189 3188//3188 3201//3201
f 3051//3051 3189//3189 3201//3201
f 3201//3201 3188//3188 3200//3200
f 3204//3204 3199//3199 3195//3195
f 3200//3200 3051//3051 3201//3201
f 3206//3206 3111//3111 3112//3112
f 3207//3207 3210//3210 3211//3211
f 3212//3212 3200//3200 3202//3202
f 3211//3211 3210//3210 3114//3114
f 3213//3213 3212//3212 3204//3204
f 3210//3210 3117//3117 3118//3118
f 3210//3210 3213//3213 3117//3117
f 3215//3215 3057//3057 3214//3214
f 3218//3218 3062//3062 3217//3217
f 3214//3214 3066//3066 3218//3218
f 3214//3214 3057//3057 3066//3066
f 3223//3223 3216//3216 3221//3221
f 3223//3223 3222//3222 3224//3224
f 3226//3226 3227//3227 3217//3217
f 3217//3217 3227//3227 3228//3228
f 3219//3219 3228//3228 3229//3229
f 3229//3229 3230//3230 3231//3231
f 3231//3231 3219//3219 3229//3229
f 3232//3232 3220//3220 3231//3231
f 3222//3222 3220//3220 3232//3232
f 3222//3222 3232//3232 3234//3234
f 3222//3222 3234//3234 3225//3225
f 3225//3225 3234//3234 3235//3235
f 3112//3112 3113//3113 3238//3238
f 3112//3112 3238//3238 3236//3236
f 3242//3242 3241//3241 3243//3243
f 3240//3240 3113//3113 3119//3119
f 3238//3238 3240//3240 3244//3244
f 3241//3241 3245//3245 3246//3246
f 3243//3243 3241//3241 3246//3246
f 3122//3122 3247//3247 3244//3244
f 3241//3241 3244//3244 3248//3248
f 3247//3247 3253//3253 3248//3248
f 3251//3251 3254//3254 3255//3255
f 3252//3252 3251//3251 3255//3255
f 3260//3260 3261//3261 3230//3230
f 3263//3263 3231//3231 3262//3262
f 3258//3258 3257//3257 3236//3236
f 3258//3258 3236//3236 3237//3237
f 3267//3267 3262//3262 3266//3266
f 3259//3259 3237//3237 3239//3239
f 3272//3272 3268//3268 3271//3271
f 3269//3269 3268//3268 3272//3272
f 3278//3278 3274//3274 3276//3276
f 3276//3276 3246//3246 3249//3249
f 3279//3279 3278//3278 3277//3277
f 3264//3264 3269//3269 3281//3281
f 3287//3287 3282//3282 3284//3284
f 3291//3291 3284//3284 3279//3279
f 3287//3287 3286//3286 3292//3292
f 3288//3288 3287//3287 3292//3292
f 3288//3288 3292//3292 3293//3293
f 3291//3291 3279//3279 3290//3290
f 3295//3295 3286//3286 3291//3291
f 3292//3292 3295//3295 3296//3296
f 3297//3297 3293//3293 3296//3296
f 3290//3290 3280//3280 3298//3298
f 3303//3303 3304//3304 3305//3305
f 3301//3301 3307//3307 3009//3009
f 3309//3309 3305//3305 3306//3306
f 3312//3312 3015//3015 3014//3014
f 3313//3313 3015//3015 3312//3312
f 3315//3315 3016//3016 3017//3017
f 3315//3315 3017//3017 3316//3316
f 3316//3316 3017//3017 3018//3018
f 3318//3318 3313//3313 3319//3319
f 3314//3314 3315//3315 3320//3320
f 3300//3300 3009//3009 3015//3015
f 3318//3318 3302//3302 3313//3313
f 3317//3317 3326//3326 3321//3321
f 3328//3328 3322//3322 3323//3323
f 3324//3324 3329//3329 3323//3323
f 3306//3306 3305//3305 3332//3332
f 3333//3333 3330//3330 3331//3331
f 3339//3339 3329//3329 3330//3330
f 3333//3333 3337//3337 3330//3330
f 3338//3338 3334//3334 3335//3335
f 3040//3040 3041//3041 3346//3346
f 3345//3345 3039//3039 3047//3047
f 3349//3349 3040//3040 3346//3346
f 3351//3351 3349//3349 3352//3352
f 3348//3348 3353//3353 3326//3326
f 3354//3354 3351//3351 3352//3352
f 3355//3355 3353//3353 3351//3351
f 3358//3358 3333//3333 3425//3425
f 3349//3349 3350//3350 3359//3359
f 3357//3357 3354//3354 3360//3360
f 3352//3352 3359//3359 3363//3363
f 3060//3060 3061//3061 3365//3365
f 3375//3375 3368//3368 3369//3369
f 3369//3369 3368//3368 3370//3370
f 3370//3370 3366//3366 3371//3371
f 3376//3376 3369//3369 3377//3377
f 3373//3373 3377//3377 3372//3372
f 3449//3449 3377//3377 3379//3379
f 3341//3341 3338//3338 3382//3382
f 3383//3383 3342//3342 3336//3336
f 3133//3133 3307//3307 3384//3384
f 3133//3133 3012//3012 3307//3307
f 3309//3309 3387//3387 3308//3308
f 3310//3310 3389//3389 3309//3309
f 3311//3311 3390//3390 3310//3310
f 3384//3384 3146//3146 3134//3134
f 3391//3391 3384//3384 3385//3385
f 3392//3392 3385//3385 3393//3393
f 3394//3394 3388//3388 3395//3395
f 3395//3395 3389//3389 3401//3401
f 3396//3396 3146//3146 3384//3384
f 3391//3391 3396//3396 3384//3384
f 3397//3397 3391//3391 3392//3392
f 3398//3398 3392//3392 3399//3399
f 3394//3394 3399//3399 3393//3393
f 3400//3400 3395//3395 3401//3401
f 3153//3153 3146//3146 3396//3396
f 3398//3398 3402//3402 3397//3397
f 3403//3403 3399//3399 3404//3404
f 3400//3400 3404//3404 3399//3399
f 3407//3407 3153//3153 3397//3397
f 3408//3408 3407//3407 3402//3402
f 3402//3402 3407//3407 3397//3397
f 3403//3403 3408//3408 3398//3398
f 3409//3409 3404//3404 3410//3410
f 3405//3405 3410//3410 3404//3404
f 3412//3412 3158//3158 3407//3407
f 3409//3409 3414//3414 3403//3403
f 3415//3415 3409//3409 3410//3410
f 3416//3416 3414//3414 3417//3417
f 3419//3419 3170//3170 3412//3412
f 3420//3420 3412//3412 3413//3413
f 3421//3421 3413//3413 3414//3414
f 3416//3416 3421//3421 3414//3414
f 3422//3422 3416//3416 3417//3417
f 3418//3418 3422//3422 3417//3417
f 3355//3355 3425//3425 3353//3353
f 3427//3427 3425//3425 3355//3355
f 3340//3340 3358//3358 3424//3424
f 3439//3439 3435//3435 3436//3436
f 3439//3439 3440//3440 3435//3435
f 3426//3426 3357//3357 3360//3360
f 3444//3444 3429//3429 3443//3443
f 3441//3441 3439//3439 3446//3446
f 3433//3433 3444//3444 3447//3447
f 3445//3445 3433//3433 3447//3447
f 3449//3449 3378//3378 3377//3377
f 3443//3443 3442//3442 3450//3450
f 3451//3451 3449//3449 3379//3379
f 3452//3452 3380//3380 3381//3381
f 3454//3454 3450//3450 3449//3449
f 3460//3460 3454//3454 3456//3456
f 3448//3448 3446//3446 3459//3459
f 3465//3465 3406//3406 3401//3401
f 3467//3467 3469//3469 3406//3406
f 3470//3470 3472//3472 3467//3467
f 3471//3471 3423//3423 3411//3411
f 3497//3497 3474//3474 3470//3470
f 3471//3471 3475//3475 3423//3423
f 3473//3473 3475//3475 3471//3471
f 3476//3476 3473//3473 3472//3472
f 3474//3474 3476//3476 3472//3472
f 3477//3477 3343//3343 3344//3344
f 3480//3480 3383//3383 3343//3343
f 3481//3481 3463//3463 3341//3341
f 3485//3485 3479//3479 3480//3480
f 3490//3490 3487//3487 3484//3484
f 3468//3468 3486//3486 3492//3492
f 3496//3496 3485//3485 3489//3489
f 3496//3496 3500//3500 3495//3495
f 3503//3503 3499//3499 3493//3493
f 3500//3500 3503//3503 3493//3493
f 3502//3502 3505//3505 3501//3501
f 3499//3499 3506//3506 3497//3497
f 3504//3504 3507//3507 3500//3500
f 3507//3507 3506//3506 3503//3503
f 3508//3508 3507//3507 3504//3504
f 3510//3510 3505//3505 3524//3524
f 3434//3434 3477//3477 3424//3424
f 3484//3484 3477//3477 3434//3434
f 3438//3438 3511//3511 3437//3437
f 3512//3512 3440//3440 3439//3439
f 3437//3437 3491//3491 3484//3484
f 3512//3512 3515//3515 3440//3440
f 3511//3511 3517//3517 3491//3491
f 3515//3515 3518//3518 3514//3514
f 3516//3516 3519//3519 3512//3512
f 3514//3514 3518//3518 3523//3523
f 3519//3519 3521//3521 3515//3515
f 3520//3520 3523//3523 3524//3524
f 3518//3518 3521//3521 3528//3528
f 3513//3513 3441//3441 3530//3530
f 3530//3530 3516//3516 3513//3513
f 3532//3532 3526//3526 3531//3531
f 3531//3531 3522//3522 3535//3535
f 3538//3538 3536//3536 3457//3457
f 3537//3537 3538//3538 3457//3457
f 3544//3544 3539//3539 3540//3540
f 3541//3541 3544//3544 3540//3540
f 3549//3549 3545//3545 3542//3542
f 3543//3543 3549//3549 3542//3542
f 3548//3548 3546//3546 3544//3544
f 3548//3548 3544//3544 3545//3545
f 3547//3547 3550//3550 3549//3549
f 3365//3365 3061//3061 3551//3551
f 3551//3551 3216//3216 3554//3554
f 3561//3561 3553//3553 3224//3224
f 3555//3555 3554//3554 3561//3561
f 3367//3367 3552//3552 3557//3557
f 3558//3558 3552//3552 3555//3555
f 3374//3374 3557//3557 3560//3560
f 3560//3560 3557//3557 3558//3558
f 3562//3562 3225//3225 3235//3235
f 3563//3563 3561//3561 3562//3562
f 3556//3556 3561//3561 3564//3564
f 3564//3564 3561//3561 3563//3563
f 3556//3556 3564//3564 3566//3566
f 3568//3568 3559//3559 3566//3566
f 3572//3572 3569//3569 3560//3560
f 3562//3562 3235//3235 3573//3573
f 3573//3573 3235//3235 3265//3265
f 3565//3565 3575//3575 3564//3564
f 3566//3566 3584//3584 3568//3568
f 3566//3566 3575//3575 3584//3584
f 3578//3578 3570//3570 3571//3571
f 3452//3452 3569//3569 3579//3579
f 3580//3580 3572//3572 3570//3570
f 3576//3576 3583//3583 3575//3575
f 3585//3585 3584//3584 3583//3583
f 3577//3577 3586//3586 3578//3578
f 3578//3578 3586//3586 3589//3589
f 3576//3576 3582//3582 3590//3590
f 3586//3586 3593//3593 3594//3594
f 3592//3592 3595//3595 3591//3591
f 3596//3596 3597//3597 3599//3599
f 3599//3599 3597//3597 3598//3598
f 3582//3582 3574//3574 3604//3604
f 3605//3605 3606//3606 3604//3604
f 3614//3614 3610//3610 3611//3611
f 3610//3610 3598//3598 3595//3595
f 3289//3289 3293//3293 3612//3612
f 3607//3607 3609//3609 3613//3613
f 3613//3613 3609//3609 3612//3612
f 3611//3611 3607//3607 3613//3613
f 3610//3610 3600//3600 3598//3598
f 3610//3610 3614//3614 3600//3600
f 3612//3612 3297//3297 3615//3615
f 3611//3611 3613//3613 3616//3616
f 3600//3600 3614//3614 3617//3617
f 3613//3613 3615//3615 3619//3619
f 3620//3620 3616//3616 3618//3618
f 3620//3620 3621//3621 3617//3617
f 3458//3458 3579//3579 3622//3622
f 3623//3623 3588//3588 3589//3589
f 3623//3623 3589//3589 3594//3594
f 3624//3624 3622//3622 3587//3587
f 3588//3588 3625//3625 3587//3587
f 3623//3623 3625//3625 3588//3588
f 3623//3623 3594//3594 3626//3626
f 3626//3626 3594//3594 3596//3596
f 3627//3627 3537//3537 3624//3624
f 3625//3625 3623//3623 3629//3629
f 3626//3626 3599//3599 3631//3631
f 3632//3632 3543//3543 3627//3627
f 3628//3628 3632//3632 3627//3627
f 3629//3629 3635//3635 3628//3628
f 3630//3630 3633//3633 3629//3629
f 3633//3633 3638//3638 3635//3635
f 3635//3635 3638//3638 3640//3640
f 3093//3093 3643//3643 3644//3644
f 3096//3096 3095//3095 3645//3645
f 3094//3094 3644//3644 3646//3646
f 3647//3647 3094//3094 3646//3646
f 3079//3079 3641//3641 3648//3648
f 3095//3095 3647//3647 3649//3649
f 3645//3645 3095//3095 3649//3649
f 3644//3644 3648//3648 3650//3650
f 3652//3652 3645//3645 3649//3649
f 3648//3648 3642//3642 3653//3653
f 3646//3646 3650//3650 3654//3654
f 3651//3651 3646//3646 3654//3654
f 3652//3652 3649//3649 3651//3651
f 3657//3657 3651//3651 3656//3656
f 3658//3658 3661//3661 3662//3662
f 3661//3661 3645//3645 3652//3652
f 3665//3665 3663//3663 3664//3664
f 3662//3662 3663//3663 3667//3667
f 3105//3105 3658//3658 3668//3668
f 3667//3667 3665//3665 3671//3671
f 3671//3671 3666//3666 3672//3672
f 3129//3129 3675//3675 3676//3676
f 3125//3125 3676//3676 3673//3673
f 3675//3675 3668//3668 3669//3669
f 3674//3674 3673//3673 3677//3677
f 3676//3676 3675//3675 3678//3678
f 3676//3676 3678//3678 3679//3679
f 3677//3677 3679//3679 3681//3681
f 3678//3678 3682//3682 3684//3684
f 3684//3684 3685//3685 3683//3683
f 3684//3684 3688//3688 3689//3689
f 3685//3685 3689//3689 3690//3690
f 3691//3691 3686//3686 3690//3690
f 3692//3692 3079//3079 3164//3164
f 3641//3641 3079//3079 3692//3692
f 3695//3695 3168//3168 3171//3171
f 3171//3171 3696//3696 3695//3695
f 3694//3694 3699//3699 3698//3698
f 3694//3694 3698//3698 3693//3693
f 3695//3695 3696//3696 3700//3700
f 3692//3692 3703//3703 3704//3704
f 3698//3698 3703//3703 3692//3692
f 3699//3699 3700//3700 3705//3705
f 3701//3701 3707//3707 3696//3696
f 3714//3714 3701//3701 3702//3702
f 3704//3704 3708//3708 3709//3709
f 3717//3717 3710//3710 3711//3711
f 3706//3706 3712//3712 3705//3705
f 3701//3701 3714//3714 3715//3715
f 3719//3719 3712//3712 3720//3720
f 3713//3713 3720//3720 3712//3712
f 3722//3722 3718//3718 3723//3723
f 3724//3724 3719//3719 3725//3725
f 3727//3727 3726//3726 3720//3720
f 3729//3729 3727//3727 3728//3728
f 3722//3722 3723//3723 3730//3730
f 3732//3732 3723//3723 3731//3731
f 3724//3724 3725//3725 3731//3731
f 3725//3725 3726//3726 3733//3733
f 3729//3729 3726//3726 3727//3727
f 3788//3788 3732//3732 3734//3734
f 3738//3738 3652//3652 3651//3651
f 3741//3741 3657//3657 3656//3656
f 3742//3742 3738//3738 3741//3741
f 3743//3743 3721//3721 3722//3722
f 3656//3656 3740//3740 3745//3745
f 3741//3741 3656//3656 3745//3745
f 3743//3743 3744//3744 3739//3739
f 3746//3746 3745//3745 3740//3740
f 3742//3742 3741//3741 3747//3747
f 3730//3730 3732//3732 3748//3748
f 3730//3730 3748//3748 3743//3743
f 3752//3752 3749//3749 3751//3751
f 3747//3747 3750//3750 3755//3755
f 3751//3751 3748//3748 3756//3756
f 3759//3759 3758//3758 3760//3760
f 3763//3763 3761//3761 3759//3759
f 3762//3762 3742//3742 3747//3747
f 3755//3755 3764//3764 3762//3762
f 3768//3768 3766//3766 3767//3767
f 3767//3767 3755//3755 3757//3757
f 3759//3759 3761//3761 3770//3770
f 3763//3763 3765//3765 3771//3771
f 3766//3766 3768//3768 3772//3772
f 3774//3774 3666//3666 3759//3759
f 3775//3775 3770//3770 3763//3763
f 3776//3776 3771//3771 3766//3766
f 3777//3777 3672//3672 3774//3774
f 3781//3781 3779//3779 3776//3776
f 3780//3780 3784//3784 3785//3785
f 3784//3784 3781//3781 3787//3787
f 3792//3792 3794//3794 3791//3791
f 3753//3753 3752//3752 3796//3796
f 3797//3797 3753//3753 3796//3796
f 3798//3798 3801//3801 3802//3802
f 3803//3803 3796//3796 3802//3802
f 3790//3790 3793//3793 3801//3801
f 3790//3790 3801//3801 3798//3798
f 3806//3806 3805//3805 3799//3799
f 3816//3816 3813//3813 3815//3815
f 3814//3814 3813//3813 3816//3816
f 3820//3820 3819//3819 3767//3767
f 3821//3821 3819//3819 3820//3820
f 3825//3825 3823//3823 3822//3822
f 3826//3826 3823//3823 3825//3825
f 3828//3828 3826//3826 3825//3825
f 3808//3808 3822//3822 3805//3805
f 3811//3811 3822//3822 3808//3808
f 3811//3811 3825//3825 3822//3822
f 3828//3828 3825//3825 3811//3811
f 3769//3769 3819//3819 3831//3831
f 3821//3821 3831//3831 3819//3819
f 3832//3832 3831//3831 3821//3821
f 3783//3783 3786//3786 3837//3837
f 3785//3785 3784//3784 3838//3838
f 3786//3786 3785//3785 3838//3838
f 3784//3784 3787//3787 3839//3839
f 3839//3839 3787//3787 3840//3840
f 3840//3840 3832//3832 3833//3833
f 3841//3841 3840//3840 3842//3842
f 3838//3838 3845//3845 3846//3846
f 3841//3841 3845//3845 3839//3839
f 3848//3848 3845//3845 3841//3841
f 3847//3847 3846//3846 3849//3849
f 3847//3847 3849//3849 3850//3850
f 3850//3850 3849//3849 3852//3852
f 3127//3127 3674//3674 3853//3853
f 3253//3253 3853//3853 3854//3854
f 3858//3858 3855//3855 3854//3854
f 3859//3859 3680//3680 3863//3863
f 3860//3860 3859//3859 3863//3863
f 3856//3856 3861//3861 3865//3865
f 3867//3867 3860//3860 3866//3866
f 3864//3864 3867//3867 3869//3869
f 3869//3869 3866//3866 3870//3870
f 3280//3280 3256//3256 3871//3871
f 3256//3256 3857//3857 3872//3872
f 3871//3871 3872//3872 3873//3873
f 3875//3875 3874//3874 3877//3877
f 3862//3862 3865//3865 3879//3879
f 3877//3877 3876//3876 3881//3881
f 3879//3879 3878//3878 3883//3883
f 3885//3885 3884//3884 3880//3880
f 3894//3894 3887//3887 3882//3882
f 3897//3897 3888//3888 3887//3887
f 3886//3886 3890//3890 3891//3891
f 3898//3898 3897//3897 3894//3894
f 3900//3900 3890//3890 3899//3899
f 3891//3891 3890//3890 3901//3901
f 3296//3296 3299//3299 3904//3904
f 3905//3905 3296//3296 3904//3904
f 3903//3903 3298//3298 3873//3873
f 3907//3907 3903//3903 3873//3873
f 3904//3904 3299//3299 3906//3906
f 3873//3873 3875//3875 3907//3907
f 3906//3906 3908//3908 3909//3909
f 3905//3905 3909//3909 3911//3911
f 3908//3908 3907//3907 3912//3912
f 3909//3909 3913//3913 3914//3914
f 3912//3912 3881//3881 3915//3915
f 3916//3916 3913//3913 3915//3915
f 3915//3915 3884//3884 3886//3886
f 3892//3892 3917//3917 3916//3916
f 3895//3895 3893//3893 3837//3837
f 3918//3918 3896//3896 3895//3895
f 3918//3918 3898//3898 3896//3896
f 3897//3897 3898//3898 3919//3919
f 3920//3920 3919//3919 3898//3898
f 3901//3901 3900//3900 3923//3923
f 3837//3837 3844//3844 3924//3924
f 3926//3926 3918//3918 3924//3924
f 3925//3925 3844//3844 3847//3847
f 3927//3927 3926//3926 3924//3924
f 3928//3928 3927//3927 3925//3925
f 3929//3929 3920//3920 3926//3926
f 3930//3930 3929//3929 3927//3927
f 3922//3922 3921//3921 3929//3929
f 3931//3931 3922//3922 3930//3930
f 3936//3936 3419//3419 3420//3420
f 3940//3940 3421//3421 3416//3416
f 3937//3937 3422//3422 3418//3418
f 3937//3937 3418//3418 3423//3423
f 3419//3419 3702//3702 3697//3697
f 3941//3941 3422//3422 3937//3937
f 3938//3938 3943//3943 3702//3702
f 3945//3945 3940//3940 3941//3941
f 3942//3942 3945//3945 3941//3941
f 3716//3716 3714//3714 3943//3943
f 3947//3947 3943//3943 3938//3938
f 3947//3947 3946//3946 3943//3943
f 3947//3947 3938//3938 3939//3939
f 3944//3944 3947//3947 3939//3939
f 3948//3948 3944//3944 3945//3945
f 3950//3950 3946//3946 3944//3944
f 3949//3949 3953//3953 3952//3952
f 3951//3951 3956//3956 3950//3950
f 3957//3957 3951//3951 3952//3952
f 3952//3952 3958//3958 3957//3957
f 3960//3960 3954//3954 3955//3955
f 3958//3958 3963//3963 3962//3962
f 3963//3963 3958//3958 3959//3959
f 3960//3960 3965//3965 3954//3954
f 4108//4108 3965//3965 3960//3960
f 3967//3967 3961//3961 3956//3956
f 3964//3964 3970//3970 3969//3969
f 3980//3980 3979//3979 3975//3975
f 3980//3980 3975//3975 3976//3976
f 3983//3983 3982//3982 3979//3979
f 3983//3983 3979//3979 3980//3980
f 3989//3989 3988//3988 3982//3982
f 3989//3989 3982//3982 3983//3983
f 3986//3986 3979//3979 3982//3982
f 3993//3993 3992//3992 3977//3977
f 3985//3985 3981//3981 3992//3992
f 3991//3991 3984//3984 3994//3994
f 3996//3996 3994//3994 3985//3985
f 3997//3997 3995//3995 3991//3991
f 3993//3993 3978//3978 3998//3998
f 3998//3998 4002//4002 4001//4001
f 4000//4000 4002//4002 3999//3999
f 4001//4001 3996//3996 3992//3992
f 4001//4001 4006//4006 3994//3994
f 4003//4003 4001//4001 4002//4002
f 4004//4004 4003//4003 4000//4000
f 3997//3997 4006//4006 3995//3995
f 4011//4011 4009//4009 4008//4008
f 4012//4012 4010//4010 4009//4009
f 3475//3475 4013//4013 3423//3423
f 3473//3473 4014//4014 3475//3475
f 4021//4021 4017//4017 4018//4018
f 4020//4020 4022//4022 4016//4016
f 4021//4021 4023//4023 4020//4020
f 4015//4015 3474//3474 3506//3506
f 4030//4030 3506//3506 3507//3507
f 4033//4033 3509//3509 3510//3510
f 4030//4030 4019//4019 4015//4015
f 4033//4033 4036//4036 3509//3509
f 4019//4019 4037//4037 4021//4021
f 4041//4041 4036//4036 4071//4071
f 4037//4037 4024//4024 4021//4021
f 4045//4045 4039//4039 4035//4035
f 4040//4040 4045//4045 4035//4035
f 4043//4043 4040//4040 4041//4041
f 4039//4039 4050//4050 4038//4038
f 4047//4047 4051//4051 4028//4028
f 4046//4046 4054//4054 4044//4044
f 4028//4028 4055//4055 4029//4029
f 4052//4052 4061//4061 4051//4051
f 4046//4046 4056//4056 4059//4059
f 4058//4058 4048//4048 4049//4049
f 4063//4063 4062//4062 4057//4057
f 4068//4068 4064//4064 4067//4067
f 4068//4068 3525//3525 3526//3526
f 4066//4066 3529//3529 3527//3527
f 4069//4069 4064//4064 4065//4065
f 4071//4071 3529//3529 4066//4066
f 4071//4071 4066//4066 4070//4070
f 4071//4071 4033//4033 3529//3529
f 4072//4072 4070//4070 4067//4067
f 4076//4076 4034//4034 4071//4071
f 4077//4077 4074//4074 4075//4075
f 3976//3976 3975//3975 4079//4079
f 4080//4080 4074//4074 4077//4077
f 4079//4079 4082//4082 4081//4081
f 4044//4044 4078//4078 4081//4081
f 3975//3975 4082//4082 4079//4079
f 4082//4082 4046//4046 4081//4081
f 3986//3986 3974//3974 4056//4056
f 3986//3986 4056//4056 4083//4083
f 4068//4068 3526//3526 3532//3532
f 4077//4077 4075//4075 4084//4084
f 4085//4085 3978//3978 4080//4080
f 4084//4084 4069//4069 4088//4088
f 4085//4085 4077//4077 4089//4089
f 4091//4091 3546//3546 3548//3548
f 4092//4092 3548//3548 3549//3549
f 3550//3550 4092//4092 3549//3549
f 4093//4093 3550//3550 3547//3547
f 4090//4090 4088//4088 4086//4086
f 4092//4092 4095//4095 4094//4094
f 4095//4095 3550//3550 4093//4093
f 4094//4094 4097//4097 4090//4090
f 4095//4095 4099//4099 4098//4098
f 4096//4096 4089//4089 4084//4084
f 4094//4094 4100//4100 4097//4097
f 4098//4098 4101//4101 4094//4094
f 4085//4085 3999//3999 3998//3998
f 4100//4100 4103//4103 4097//4097
f 4102//4102 4101//4101 4098//4098
f 4107//4107 4106//4106 4105//4105
f 4102//4102 4107//4107 4101//4101
f 4011//4011 4004//4004 4104//4104
f 4105//4105 4011//4011 4104//4104
f 3968//3968 4112//4112 4111//4111
f 3969//3969 4113//4113 4112//4112
f 4109//4109 3794//3794 3792//3792
f 4114//4114 3794//3794 4109//4109
f 4117//4117 4116//4116 4115//4115
f 4117//4117 4111//4111 4112//4112
f 4118//4118 4112//4112 4113//4113
f 3972//3972 4122//4122 4136//4136
f 4118//4118 4128//4128 4117//4117
f 4134//4134 4127//4127 4133//4133
f 4135//4135 4130//4130 4129//4129
f 4134//4134 4133//4133 4119//4119
f 4120//4120 4135//4135 4118//4118
f 4121//4121 4135//4135 4120//4120
f 4136//4136 4121//4121 4124//4124
f 4114//4114 3815//3815 3809//3809
f 4139//4139 3817//3817 4138//4138
f 4126//4126 4140//4140 4144//4144
f 4141//4141 4116//4116 4128//4128
f 4129//4129 4142//4142 4141//4141
f 4131//4131 4143//4143 4142//4142
f 4133//4133 4144//4144 4132//4132
f 4133//4133 4127//4127 4144//4144
f 4152//4152 4149//4149 4151//4151
f 4154//4154 3988//3988 3989//3989
f 4154//4154 3989//3989 3990//3990
f 3987//3987 4153//4153 4134//4134
f 4123//4123 3974//3974 3982//3982
f 3828//3828 3811//3811 4155//4155
f 4146//4146 4156//4156 4145//4145
f 4147//4147 4156//4156 4146//4146
f 4126//4126 4155//4155 4125//4125
f 4154//4154 3990//3990 3995//3995
f 4162//4162 4160//4160 4154//4154
f 4158//4158 4163//4163 4157//4157
f 4164//4164 4169//4169 4158//4158
f 4160//4160 4164//4164 4159//4159
f 4006//4006 4162//4162 3995//3995
f 4007//4007 4162//4162 4006//4006
f 4007//4007 4165//4165 4164//4164
f 4005//4005 4166//4166 4165//4165
f 4009//4009 4167//4167 4166//4166
f 4009//4009 4010//4010 4167//4167
f 4163//4163 4161//4161 4157//4157
f 4169//4169 4163//4163 4158//4158
f 4172//4172 4169//4169 4165//4165
f 4172//4172 4170//4170 4169//4169
f 4166//4166 4172//4172 4165//4165
f 4167//4167 4174//4174 4173//4173
f 4062//4062 4124//4124 4061//4061
f 3972//3972 4136//4136 4062//4062
f 4178//4178 4177//4177 3602//3602
f 4184//4184 4179//4179 4182//4182
f 4184//4184 4183//4183 4180//4180
f 4185//4185 4190//4190 4186//4186
f 4192//4192 4187//4187 4183//4183
f 4202//4202 4193//4193 4194//4194
f 4191//4191 4199//4199 4202//4202
f 4195//4195 3892//3892 3902//3902
f 4205//4205 4196//4196 4189//4189
f 4197//4197 4196//4196 4205//4205
f 4199//4199 4198//4198 4206//4206
f 4012//4012 4209//4209 4010//4010
f 4210//4210 4201//4201 4193//4193
f 4202//4202 4199//4199 4208//4208
f 3297//3297 3905//3905 4211//4211
f 3620//3620 3618//3618 4212//4212
f 4212//4212 3621//3621 3620//3620
f 4212//4212 4215//4215 4216//4216
f 4217//4217 4211//4211 3911//3911
f 4214//4214 4211//4211 4217//4217
f 4218//4218 4213//4213 4214//4214
f 4179//4179 4178//4178 4216//4216
f 3910//3910 3917//3917 4223//4223
f 4224//4224 4221//4221 4220//4220
f 4223//4223 4225//4225 4226//4226
f 4188//4188 4224//4224 4226//4226
f 4221//4221 4188//4188 4189//4189
f 4221//4221 4224//4224 4188//4188
f 4221//4221 4189//4189 4190//4190
f 4225//4225 3892//3892 4195//4195
f 4228//4228 3637//3637 3603//3603
f 3603//3603 4177//4177 4228//4228
f 4093//4093 3547//3547 3636//3636
f 4227//4227 4229//4229 3639//3639
f 3640//3640 4231//4231 4230//4230
f 3640//3640 4229//4229 4231//4231
f 4232//4232 4227//4227 4228//4228
f 4181//4181 4180//4180 4232//4232
f 4234//4234 4227//4227 4232//4232
f 4233//4233 4093//4093 4230//4230
f 4233//4233 4102//4102 4099//4099
f 4237//4237 4233//4233 4231//4231
f 4234//4234 4232//4232 4236//4236
f 4239//4239 4235//4235 4236//4236
f 4236//4236 4187//4187 4239//4239
f 4236//4236 4180//4180 4187//4187
f 4240//4240 4102//4102 4237//4237
f 4106//4106 4200//4200 4012//4012
f 4201//4201 4200//4200 4240//4240
f 4245//4245 4205//4205 4243//4243
f 4245//4245 4206//4206 4197//4197
f 4207//4207 4246//4246 4248//4248
f 4244//4244 4246//4246 4207//4207
f 4244//4244 4207//4207 4208//4208
f 4244//4244 4208//4208 4206//4206
f 4244//4244 4206//4206 4245//4245
f 3932//3932 3931//3931 4249//4249
f 4241//4241 4249//4249 4250//4250
f 4253//4253 4250//4250 4252//4252
f 4254//4254 4241//4241 4253//4253
f 4174//4174 4251//4251 4171//4171
f 4252//4252 4251//4251 4174//4174
f 4246//4246 4244//4244 4253//4253
f 4255//4255 4247//4247 4248//4248
f 4257//4257 4176//4176 4175//4175
f 4257//4257 4256//4256 4176//4176
f 4250//4250 4256//4256 4257//4257
f 4250//4250 4249//4249 4256//4256
f 3020//3020 3023//3023 3022//3022 3019//3019
f 3007//3007 3012//3012 3011//3011
f 3006//3006 3007//3007 3011//3011
f 3006//3006 3008//3008 3007//3007
f 3017//3017 3013//3013 3028//3028
f 3006//3006 3021//3021 3027//3027 3008//3008
f 3025//3025 3019//3019 3022//3022
f 3020//3020 3033//3033 3035//3035 3024//3024
f 3025//3025 3027//3027 3021//3021
f 3025//3025 3013//3013 3014//3014
f 3025//3025 3022//3022 3013//3013
f 3028//3028 3023//3023 3024//3024
f 3029//3029 3024//3024 3026//3026
f 3015//3015 3009//3009 3008//3008
f 3027//3027 3015//3015 3008//3008
f 3027//3027 3014//3014 3015//3015
f 3020//3020 3019//3019 3032//3032
f 3037//3037 3019//3019 3021//3021
f 3037//3037 3031//3031 3019//3019
f 3043//3043 3045//3045 3026//3026 3038//3038
f 3006//3006 3034//3034 3021//3021
f 3018//3018 3029//3029 3039//3039
f 3044//3044 3043//3043 3042//3042
f 3044//3044 3046//3046 3045//3045 3043//3043
f 3045//3045 3047//3047 3039//3039 3026//3026
f 3040//3040 3048//3048 3050//3050 3041//3041
f 3048//3048 3047//3047 3045//3045
f 3049//3049 3048//3048 3046//3046
f 3053//3053 3054//3054 3046//3046 3044//3044
f 3044//3044 3042//3042 3051//3051
f 3054//3054 3055//3055 3049//3049 3046//3046
f 3055//3055 3056//3056 3050//3050 3049//3049
f 3050//3050 3056//3056 3052//3052 3041//3041
f 3058//3058 3057//3057 3060//3060 3059//3059
f 3063//3063 3062//3062 3065//3065 3064//3064
f 3051//3051 3074//3074 3076//3076 3053//3053
f 3066//3066 3065//3065 3062//3062
f 3058//3058 3065//3065 3057//3057
f 3059//3059 3069//3069 3058//3058
f 3063//3063 3075//3075 3070//3070
f 3063//3063 3071//3071 3062//3062
f 3054//3054 3076//3076 3068//3068 3055//3055
f 3075//3075 3076//3076 3074//3074
f 3076//3076 3054//3054 3053//3053
f 3067//3067 3075//3075 3064//3064
f 3094//3094 3095//3095 3092//3092 3088//3088
f 3067//3067 3068//3068 3076//3076
f 3068//3068 3056//3056 3055//3055
f 3084//3084 3081//3081 3086//3086
f 3089//3089 3082//3082 3077//3077
f 3086//3086 3083//3083 3085//3085
f 3091//3091 3085//3085 3089//3089
f 3092//3092 3086//3086 3088//3088
f 3090//3090 3086//3086 3092//3092
f 3088//3088 3091//3091 3094//3094
f 3098//3098 3101//3101 3102//3102 3100//3100
f 3080//3080 3089//3089 3078//3078
f 3093//3093 3091//3091 3089//3089
f 3098//3098 3087//3087 3090//3090
f 3100//3100 3099//3099 3098//3098
f 3100//3100 3107//3107 3106//3106 3099//3099
f 3101//3101 3090//3090 3096//3096
f 3104//3104 3103//3103 3105//3105
f 3102//3102 3108//3108 3107//3107 3100//3100
f 3104//3104 3109//3109 3108//3108 3102//3102
f 3113//3113 3111//3111 3114//3114 3116//3116
f 3110//3110 3097//3097 3106//3106
f 3112//3112 3111//3111 3113//3113
f 3118//3118 3114//3114 3210//3210
f 3114//3114 3118//3118 3115//3115
f 3110//3110 3106//3106 3120//3120 3117//3117
f 3119//3119 3113//3113 3116//3116
f 3115//3115 3124//3124 3121//3121 3116//3116
f 3121//3121 3126//3126 3127//3127 3122//3122
f 3123//3123 3118//3118 3120//3120
f 3125//3125 3126//3126 3121//3121 3124//3124
f 3107//3107 3108//3108 3128//3128 3120//3120
f 3123//3123 3129//3129 3125//3125 3124//3124
f 3129//3129 3123//3123 3128//3128
f 3108//3108 3109//3109 3129//3129 3128//3128
f 3129//3129 3109//3109 3105//3105
f 3011//3011 3012//3012 3133//3133 3132//3132
f 3010//3010 3130//3130 3131//3131
f 3011//3011 3132//3132 3130//3130
f 3132//3132 3133//3133 3140//3140 3139//3139
f 3138//3138 3136//3136 3130//3130
f 3132//3132 3138//3138 3130//3130
f 3141//3141 3143//3143 3142//3142 3148//3148
f 3134//3134 3146//3146 3140//3140
f 3134//3134 3140//3140 3133//3133
f 3137//3137 3143//3143 3135//3135
f 3139//3139 3145//3145 3144//3144
f 3140//3140 3145//3145 3139//3139
f 3136//3136 3149//3149 3142//3142 3137//3137
f 3147//3147 3159//3159 3077//3077 3148//3148
f 3150//3150 3136//3136 3144//3144
f 3150//3150 3149//3149 3136//3136
f 3144//3144 3151//3151 3150//3150
f 3145//3145 3151//3151 3144//3144
f 3152//3152 3140//3140 3146//3146
f 3153//3153 3152//3152 3146//3146
f 3149//3149 3155//3155 3154//3154
f 3149//3149 3154//3154 3142//3142
f 3150//3150 3155//3155 3149//3149
f 3151//3151 3155//3155 3150//3150
f 3156//3156 3145//3145 3152//3152
f 3157//3157 3156//3156 3152//3152
f 3153//3153 3158//3158 3157//3157
f 3153//3153 3157//3157 3152//3152
f 3155//3155 3151//3151 3161//3161 3160//3160
f 3161//3161 3151//3151 3156//3156
f 3159//3159 3164//3164 3078//3078 3077//3077
f 3163//3163 3161//3161 3156//3156
f 3158//3158 3163//3163 3157//3157
f 3160//3160 3166//3166 3167//3167 3154//3154
f 3165//3165 3159//3159 3154//3154
f 3165//3165 3164//3164 3159//3159
f 3161//3161 3168//3168 3166//3166 3160//3160
f 3167//3167 3165//3165 3154//3154
f 3079//3079 3080//3080 3078//3078 3164//3164
f 3169//3169 3168//3168 3161//3161
f 3169//3169 3163//3163 3162//3162
f 3174//3174 3175//3175 3033//3033 3032//3032
f 3171//3171 3169//3169 3162//3162
f 3170//3170 3171//3171 3162//3162
f 3031//3031 3030//3030 3173//3173
f 3174//3174 3031//3031 3173//3173
f 3174//3174 3032//3032 3031//3031
f 3173//3173 3177//3177 3178//3178 3174//3174
f 3030//3030 3034//3034 3172//3172
f 3177//3177 3173//3173 3172//3172
f 3177//3177 3182//3182 3183//3183 3178//3178
f 3175//3175 3174//3174 3178//3178
f 3135//3135 3172//3172 3131//3131
f 3135//3135 3143//3143 3141//3141 3172//3172
f 3179//3179 3178//3178 3183//3183
f 3081//3081 3183//3183 3182//3182 3083//3083
f 3141//3141 3177//3177 3172//3172
f 3141//3141 3181//3181 3177//3177
f 3182//3182 3181//3181 3082//3082
f 3190//3190 3192//3192 3188//3188 3187//3187
f 3084//3084 3183//3183 3081//3081
f 3179//3179 3183//3183 3084//3084
f 3184//3184 3179//3179 3084//3084
f 3185//3185 3148//3148 3077//3077
f 3087//3087 3184//3184 3084//3084
f 3036//3036 3176//3176 3186//3186
f 3187//3187 3036//3036 3186//3186
f 3043//3043 3038//3038 3036//3036
f 3186//3186 3180//3180 3190//3190
f 3196//3196 3197//3197 3194//3194 3193//3193
f 3180//3180 3184//3184 3193//3193
f 3195//3195 3191//3191 3190//3190
f 3097//3097 3197//3197 3196//3196 3099//3099
f 3196//3196 3184//3184 3087//3087
f 3188//3188 3192//3192 3202//3202 3200//3200
f 3051//3051 3042//3042 3189//3189
f 3192//3192 3191//3191 3199//3199
f 3199//3199 3191//3191 3195//3195
f 3202//3202 3192//3192 3199//3199
f 3194//3194 3203//3203 3204//3204 3195//3195
f 3205//3205 3206//3206 3071//3071 3070//3070
f 3198//3198 3097//3097 3110//3110
f 3198//3198 3203//3203 3194//3194
f 3070//3070 3208//3208 3205//3205
f 3051//3051 3200//3200 3209//3209 3074//3074
f 3072//3072 3071//3071 3206//3206
f 3208//3208 3073//3073 3207//3207
f 3208//3208 3070//3070 3073//3073
f 3074//3074 3209//3209 3073//3073 3075//3075
f 3205//3205 3211//3211 3111//3111 3206//3206
f 3205//3205 3208//3208 3207//3207 3211//3211
f 3209//3209 3212//3212 3207//3207 3073//3073
f 3212//3212 3202//3202 3199//3199
f 3212//3212 3209//3209 3200//3200
f 3212//3212 3213//3213 3210//3210 3207//3207
f 3204//3204 3212//3212 3199//3199
f 3204//3204 3198//3198 3117//3117 3213//3213
f 3198//3198 3204//3204 3203//3203
f 3117//3117 3198//3198 3110//3110
f 3219//3219 3221//3221 3214//3214 3218//3218
f 3061//3061 3057//3057 3215//3215
f 3216//3216 3061//3061 3215//3215
f 3218//3218 3066//3066 3062//3062
f 3062//3062 3072//3072 3226//3226 3217//3217
f 3221//3221 3219//3219 3220//3220
f 3221//3221 3215//3215 3214//3214
f 3216//3216 3215//3215 3221//3221
f 3222//3222 3221//3221 3220//3220
f 3223//3223 3221//3221 3222//3222
f 3242//3242 3243//3243 3239//3239 3237//3237
f 3228//3228 3218//3218 3217//3217
f 3219//3219 3218//3218 3228//3228
f 3220//3220 3219//3219 3231//3231
f 3234//3234 3232//3232 3233//3233
f 3225//3225 3224//3224 3222//3222
f 3240//3240 3238//3238 3113//3113
f 3242//3242 3236//3236 3238//3238
f 3242//3242 3238//3238 3241//3241
f 3237//3237 3236//3236 3242//3242
f 3245//3245 3251//3251 3252//3252 3249//3249
f 3241//3241 3238//3238 3244//3244
f 3122//3122 3240//3240 3119//3119
f 3244//3244 3240//3240 3122//3122
f 3245//3245 3241//3241 3248//3248
f 3249//3249 3246//3246 3245//3245
f 3247//3247 3122//3122 3127//3127
f 3248//3248 3244//3244 3247//3247
f 3245//3245 3248//3248 3251//3251
f 3255//3255 3256//3256 3250//3250 3252//3252
f 3250//3250 3249//3249 3252//3252
f 3253//3253 3247//3247 3127//3127
f 3254//3254 3248//3248 3253//3253
f 3251//3251 3248//3248 3254//3254
f 3206//3206 3257//3257 3226//3226 3072//3072
f 3258//3258 3227//3227 3226//3226 3257//3257
f 3259//3259 3260//3260 3227//3227 3258//3258
f 3268//3268 3264//3264 3233//3233 3263//3263
f 3260//3260 3228//3228 3227//3227
f 3229//3229 3228//3228 3260//3260
f 3230//3230 3229//3229 3260//3260
f 3262//3262 3231//3231 3230//3230
f 3263//3263 3262//3262 3267//3267
f 3263//3263 3232//3232 3231//3231
f 3233//3233 3232//3232 3263//3263
f 3264//3264 3265//3265 3235//3235 3234//3234
f 3234//3234 3233//3233 3264//3264
f 3261//3261 3266//3266 3262//3262 3230//3230
f 3257//3257 3206//3206 3112//3112
f 3257//3257 3112//3112 3236//3236
f 3259//3259 3258//3258 3237//3237
f 3261//3261 3260//3260 3259//3259
f 3259//3259 3239//3239 3270//3270 3261//3261
f 3266//3266 3261//3261 3270//3270
f 3268//3268 3263//3263 3267//3267
f 3269//3269 3264//3264 3268//3268
f 3270//3270 3274//3274 3275//3275 3271//3271
f 3270//3270 3239//3239 3273//3273
f 3271//3271 3266//3266 3270//3270
f 3271//3271 3267//3267 3266//3266
f 3268//3268 3267//3267 3271//3271
f 3273//3273 3239//3239 3243//3243
f 3273//3273 3243//3243 3246//3246
f 3274//3274 3270//3270 3273//3273
f 3250//3250 3280//3280 3277//3277 3276//3276
f 3275//3275 3274//3274 3278//3278
f 3276//3276 3273//3273 3246//3246
f 3274//3274 3273//3273 3276//3276
f 3278//3278 3276//3276 3277//3277
f 3276//3276 3249//3249 3250//3250
f 3284//3284 3282//3282 3271//3271 3275//3275
f 3280//3280 3250//3250 3256//3256
f 3265//3265 3264//3264 3281//3281
f 3272//3272 3271//3271 3282//3282
f 3272//3272 3282//3282 3285//3285 3269//3269
f 3288//3288 3289//3289 3283//3283 3285//3285
f 3285//3285 3282//3282 3287//3287
f 3285//3285 3281//3281 3269//3269
f 3283//3283 3281//3281 3285//3285
f 3284//3284 3275//3275 3278//3278
f 3287//3287 3284//3284 3286//3286
f 3288//3288 3285//3285 3287//3287
f 3294//3294 3299//3299 3295//3295 3291//3291
f 3279//3279 3277//3277 3290//3290
f 3284//3284 3278//3278 3279//3279
f 3286//3286 3284//3284 3291//3291
f 3289//3289 3288//3288 3293//3293
f 3290//3290 3277//3277 3280//3280
f 3291//3291 3290//3290 3294//3294
f 3295//3295 3292//3292 3286//3286
f 3296//3296 3293//3293 3292//3292
f 3294//3294 3290//3290 3298//3298
f 3009//3009 3300//3300 3302//3302 3301//3301
f 3296//3296 3295//3295 3299//3299
f 3302//3302 3304//3304 3303//3303 3301//3301
f 3312//3312 3016//3016 3315//3315 3314//3314
f 3009//3009 3307//3307 3012//3012
f 3386//3386 3307//3307 3301//3301
f 3308//3308 3386//3386 3301//3301
f 3303//3303 3308//3308 3301//3301
f 3303//3303 3309//3309 3308//3308
f 3305//3305 3309//3309 3303//3303
f 3310//3310 3309//3309 3306//3306
f 3016//3016 3312//3312 3014//3014
f 3314//3314 3313//3313 3312//3312
f 3325//3325 3317//3317 3316//3316 3018//3018
f 3315//3315 3316//3316 3321//3321 3320//3320
f 3319//3319 3313//3313 3314//3314
f 3320//3320 3323//3323 3322//3322 3319//3319
f 3317//3317 3321//3321 3316//3316
f 3319//3319 3314//3314 3320//3320
f 3322//3322 3318//3318 3319//3319
f 3320//3320 3321//3321 3324//3324 3323//3323
f 3015//3015 3313//3313 3302//3302 3300//3300
f 3318//3318 3327//3327 3305//3305 3304//3304
f 3318//3318 3304//3304 3302//3302
f 3326//3326 3330//3330 3324//3324 3321//3321
f 3322//3322 3327//3327 3318//3318
f 3328//3328 3327//3327 3322//3322
f 3323//3323 3329//3329 3328//3328
f 3324//3324 3330//3330 3329//3329
f 3328//3328 3335//3335 3334//3334 3327//3327
f 3331//3331 3330//3330 3326//3326
f 3332//3332 3305//3305 3327//3327
f 3334//3334 3332//3332 3327//3327
f 3328//3328 3329//3329 3336//3336 3335//3335
f 3334//3334 3341//3341 3311//3311 3332//3332
f 3339//3339 3336//3336 3329//3329
f 3310//3310 3306//3306 3332//3332
f 3339//3339 3330//3330 3337//3337
f 3311//3311 3310//3310 3332//3332
f 3338//3338 3335//3335 3336//3336 3342//3342
f 3341//3341 3334//3334 3338//3338
f 3339//3339 3337//3337 3344//3344 3343//3343
f 3343//3343 3336//3336 3339//3339
f 3039//3039 3345//3345 3325//3325 3018//3018
f 3340//3340 3344//3344 3337//3337
f 3345//3345 3347//3347 3317//3317 3325//3325
f 3048//3048 3040//3040 3345//3345 3047//3047
f 3348//3348 3317//3317 3347//3347
f 3348//3348 3326//3326 3317//3317
f 3345//3345 3040//3040 3349//3349 3347//3347
f 3350//3350 3349//3349 3346//3346
f 3347//3347 3349//3349 3351//3351 3348//3348
f 3351//3351 3354//3354 3356//3356 3355//3355
f 3351//3351 3353//3353 3348//3348
f 3331//3331 3326//3326 3353//3353
f 3337//3337 3333//3333 3358//3358 3340//3340
f 3357//3357 3356//3356 3354//3354
f 3333//3333 3331//3331 3353//3353
f 3425//3425 3333//3333 3353//3353
f 3052//3052 3361//3361 3346//3346 3041//3041
f 3352//3352 3349//3349 3359//3359
f 3346//3346 3361//3361 3362//3362 3350//3350
f 3363//3363 3364//3364 3354//3354 3352//3352
f 3359//3359 3350//3350 3362//3362
f 3068//3068 3368//3368 3361//3361 3052//3052
f 3360//3360 3354//3354 3364//3364
f 3366//3366 3059//3059 3060//3060
f 3365//3365 3366//3366 3060//3060
f 3367//3367 3366//3366 3365//3365
f 3367//3367 3374//3374 3373//3373 3371//3371
f 3368//3368 3068//3068 3069//3069
f 3368//3368 3069//3069 3059//3059
f 3370//3370 3368//3368 3059//3059
f 3366//3366 3370//3370 3059//3059
f 3367//3367 3371//3371 3366//3366
f 3372//3372 3369//3369 3370//3370
f 3372//3372 3370//3370 3371//3371
f 3373//3373 3372//3372 3371//3371
f 3361//3361 3368//3368 3375//3375 3362//3362
f 3375//3375 3376//3376 3363//3363 3359//3359
f 3359//3359 3362//3362 3375//3375
f 3376//3376 3378//3378 3360//3360 3364//3364
f 3376//3376 3375//3375 3369//3369
f 3364//3364 3363//3363 3376//3376
f 3372//3372 3377//3377 3369//3369
f 3379//3379 3373//3373 3374//3374 3380//3380
f 3378//3378 3376//3376 3377//3377
f 3379//3379 3377//3377 3373//3373
f 3393//3393 3387//3387 3388//3388 3394//3394
f 3381//3381 3380//3380 3374//3374
f 3451//3451 3379//3379 3380//3380
f 3382//3382 3338//3338 3342//3342
f 3343//3343 3383//3383 3336//3336
f 3133//3133 3384//3384 3134//3134
f 3385//3385 3384//3384 3307//3307
f 3386//3386 3385//3385 3307//3307
f 3387//3387 3385//3385 3386//3386
f 3308//3308 3387//3387 3386//3386
f 3309//3309 3388//3388 3387//3387
f 3389//3389 3388//3388 3309//3309
f 3390//3390 3389//3389 3310//3310
f 3385//3385 3392//3392 3391//3391
f 3387//3387 3393//3393 3385//3385
f 3400//3400 3401//3401 3406//3406 3405//3405
f 3389//3389 3395//3395 3388//3388
f 3390//3390 3401//3401 3389//3389
f 3391//3391 3397//3397 3396//3396
f 3398//3398 3397//3397 3392//3392
f 3393//3393 3399//3399 3392//3392
f 3400//3400 3399//3399 3394//3394
f 3395//3395 3400//3400 3394//3394
f 3397//3397 3153//3153 3396//3396
f 3399//3399 3403//3403 3398//3398
f 3405//3405 3404//3404 3400//3400
f 3412//3412 3407//3407 3408//3408 3413//3413
f 3407//3407 3158//3158 3153//3153
f 3398//3398 3408//3408 3402//3402
f 3404//3404 3409//3409 3403//3403
f 3411//3411 3410//3410 3405//3405
f 3355//3355 3356//3356 3428//3428 3427//3427
f 3414//3414 3413//3413 3408//3408
f 3403//3403 3414//3414 3408//3408
f 3411//3411 3415//3415 3410//3410
f 3412//3412 3170//3170 3158//3158
f 3409//3409 3417//3417 3414//3414
f 3415//3415 3417//3417 3409//3409
f 3418//3418 3417//3417 3415//3415
f 3420//3420 3419//3419 3412//3412
f 3421//3421 3420//3420 3413//3413
f 3340//3340 3424//3424 3344//3344
f 3357//3357 3426//3426 3356//3356
f 3356//3356 3426//3426 3429//3429 3428//3428
f 3425//3425 3427//3427 3431//3431 3358//3358
f 3427//3427 3428//3428 3432//3432 3431//3431
f 3429//3429 3430//3430 3428//3428
f 3428//3428 3430//3430 3433//3433 3432//3432
f 3431//3431 3434//3434 3424//3424 3358//3358
f 3435//3435 3432//3432 3433//3433 3436//3436
f 3432//3432 3435//3435 3431//3431
f 3437//3437 3434//3434 3431//3431 3438//3438
f 3442//3442 3443//3443 3429//3429 3426//3426
f 3435//3435 3438//3438 3431//3431
f 3435//3435 3440//3440 3438//3438
f 3442//3442 3426//3426 3360//3360
f 3445//3445 3446//3446 3439//3439 3436//3436
f 3444//3444 3430//3430 3429//3429
f 3433//3433 3430//3430 3444//3444
f 3445//3445 3436//3436 3433//3433
f 3380//3380 3452//3452 3453//3453 3451//3451
f 3448//3448 3441//3441 3446//3446
f 3378//3378 3442//3442 3360//3360
f 3450//3450 3442//3442 3378//3378
f 3450//3450 3378//3378 3449//3449
f 3454//3454 3449//3449 3451//3451
f 3450//3450 3455//3455 3447//3447 3444//3444
f 3450//3450 3444//3444 3443//3443
f 3454//3454 3451//3451 3453//3453 3456//3456
f 3455//3455 3450//3450 3454//3454
f 3453//3453 3452//3452 3457//3457 3456//3456
f 3447//3447 3455//3455 3459//3459 3445//3445
f 3458//3458 3457//3457 3452//3452
f 3455//3455 3454//3454 3460//3460 3459//3459
f 3459//3459 3460//3460 3462//3462 3461//3461
f 3446//3446 3445//3445 3459//3459
f 3461//3461 3448//3448 3459//3459
f 3411//3411 3405//3405 3406//3406 3469//3469
f 3464//3464 3401//3401 3390//3390
f 3463//3463 3464//3464 3390//3390
f 3464//3464 3465//3465 3401//3401
f 3466//3466 3465//3465 3464//3464
f 3481//3481 3466//3466 3464//3464
f 3467//3467 3406//3406 3465//3465
f 3466//3466 3467//3467 3465//3465
f 3468//3468 3467//3467 3466//3466
f 3418//3418 3415//3415 3411//3411 3423//3423
f 3470//3470 3467//3467 3468//3468
f 3471//3471 3411//3411 3469//3469
f 3467//3467 3471//3471 3469//3469
f 3472//3472 3471//3471 3467//3467
f 3342//3342 3479//3479 3478//3478 3382//3382
f 3473//3473 3471//3471 3472//3472
f 3474//3474 3472//3472 3470//3470
f 3463//3463 3390//3390 3311//3311
f 3463//3463 3311//3311 3341//3341
f 3424//3424 3477//3477 3344//3344
f 3478//3478 3341//3341 3382//3382
f 3342//3342 3383//3383 3480//3480 3479//3479
f 3481//3481 3341//3341 3478//3478 3482//3482
f 3477//3477 3480//3480 3343//3343
f 3481//3481 3464//3464 3463//3463
f 3483//3483 3479//3479 3485//3485 3488//3488
f 3483//3483 3482//3482 3478//3478
f 3479//3479 3483//3483 3478//3478
f 3477//3477 3487//3487 3480//3480
f 3484//3484 3487//3487 3477//3477
f 3486//3486 3466//3466 3481//3481
f 3482//3482 3486//3486 3481//3481
f 3486//3486 3482//3482 3483//3483
f 3486//3486 3483//3483 3493//3493 3492//3492
f 3485//3485 3480//3480 3487//3487
f 3489//3489 3485//3485 3487//3487
f 3490//3490 3489//3489 3487//3487
f 3486//3486 3468//3468 3466//3466
f 3491//3491 3494//3494 3490//3490 3484//3484
f 3488//3488 3493//3493 3483//3483
f 3490//3490 3498//3498 3489//3489
f 3490//3490 3494//3494 3498//3498
f 3485//3485 3496//3496 3495//3495 3488//3488
f 3495//3495 3493//3493 3488//3488
f 3468//3468 3492//3492 3497//3497 3470//3470
f 3498//3498 3501//3501 3496//3496 3489//3489
f 3499//3499 3497//3497 3492//3492
f 3499//3499 3492//3492 3493//3493
f 3500//3500 3493//3493 3495//3495
f 3498//3498 3494//3494 3502//3502 3501//3501
f 3496//3496 3501//3501 3505//3505 3504//3504
f 3496//3496 3504//3504 3500//3500
f 3504//3504 3505//3505 3509//3509 3508//3508
f 3506//3506 3474//3474 3497//3497
f 3503//3503 3506//3506 3499//3499
f 3500//3500 3507//3507 3503//3503
f 3502//3502 3524//3524 3505//3505
f 3439//3439 3441//3441 3513//3513 3512//3512
f 3510//3510 3509//3509 3505//3505
f 3484//3484 3434//3434 3437//3437
f 3440//3440 3511//3511 3438//3438
f 3514//3514 3511//3511 3440//3440 3515//3515
f 3437//3437 3511//3511 3491//3491
f 3520//3520 3517//3517 3514//3514 3523//3523
f 3513//3513 3516//3516 3512//3512
f 3511//3511 3514//3514 3517//3517
f 3491//3491 3517//3517 3494//3494
f 3512//3512 3519//3519 3515//3515
f 3502//3502 3494//3494 3517//3517 3520//3520
f 3525//3525 3519//3519 3522//3522 3526//3526
f 3518//3518 3515//3515 3521//3521
f 3520//3520 3524//3524 3502//3502
f 3519//3519 3525//3525 3521//3521
f 3527//3527 3523//3523 3518//3518 3528//3528
f 3516//3516 3533//3533 3534//3534 3519//3519
f 3525//3525 3528//3528 3521//3521
f 3524//3524 3527//3527 3529//3529
f 3524//3524 3523//3523 3527//3527
f 3524//3524 3529//3529 3510//3510
f 3522//3522 3531//3531 3526//3526
f 3530//3530 3441//3441 3448//3448
f 3533//3533 3516//3516 3530//3530
f 3519//3519 3534//3534 3535//3535 3522//3522
f 3456//3456 3536//3536 3462//3462 3460//3460
f 3530//3530 3461//3461 3539//3539 3533//3533
f 3457//3457 3536//3536 3456//3456
f 3537//3537 3457//3457 3458//3458
f 3530//3530 3448//3448 3461//3461
f 3538//3538 3462//3462 3536//3536
f 3461//3461 3462//3462 3540//3540 3539//3539
f 3540//3540 3462//3462 3538//3538 3541//3541
f 3538//3538 3537//3537 3542//3542 3541//3541
f 3534//3534 3539//3539 3546//3546 3535//3535
f 3543//3543 3542//3542 3537//3537
f 3539//3539 3534//3534 3533//3533
f 3545//3545 3544//3544 3541//3541
f 3542//3542 3545//3545 3541//3541
f 3551//3551 3552//3552 3367//3367 3365//3365
f 3544//3544 3546//3546 3539//3539
f 3547//3547 3549//3549 3543//3543
f 3546//3546 3531//3531 3535//3535
f 3532//3532 3531//3531 3546//3546
f 3549//3549 3548//3548 3545//3545
f 3551//3551 3061//3061 3216//3216
f 3223//3223 3553//3553 3554//3554 3216//3216
f 3561//3561 3224//3224 3225//3225 3562//3562
f 3553//3553 3223//3223 3224//3224
f 3561//3561 3554//3554 3553//3553
f 3552//3552 3551//3551 3554//3554
f 3555//3555 3552//3552 3554//3554
f 3556//3556 3555//3555 3561//3561
f 3558//3558 3557//3557 3552//3552
f 3559//3559 3558//3558 3555//3555
f 3556//3556 3559//3559 3555//3555
f 3374//3374 3367//3367 3557//3557
f 3567//3567 3558//3558 3559//3559 3568//3568
f 3565//3565 3564//3564 3563//3563
f 3556//3556 3566//3566 3559//3559
f 3374//3374 3560//3560 3569//3569 3381//3381
f 3567//3567 3568//3568 3571//3571 3570//3570
f 3560//3560 3558//3558 3567//3567
f 3570//3570 3560//3560 3567//3567
f 3565//3565 3574//3574 3576//3576 3575//3575
f 3570//3570 3572//3572 3560//3560
f 3563//3563 3562//3562 3573//3573
f 3574//3574 3563//3563 3573//3573
f 3574//3574 3565//3565 3563//3563
f 3566//3566 3564//3564 3575//3575
f 3584//3584 3577//3577 3571//3571 3568//3568
f 3569//3569 3572//3572 3580//3580 3579//3579
f 3569//3569 3452//3452 3381//3381
f 3577//3577 3578//3578 3571//3571
f 3577//3577 3585//3585 3593//3593 3586//3586
f 3578//3578 3580//3580 3570//3570
f 3581//3581 3573//3573 3265//3265
f 3574//3574 3573//3573 3581//3581
f 3576//3576 3574//3574 3582//3582
f 3584//3584 3575//3575 3583//3583
f 3584//3584 3585//3585 3577//3577
f 3588//3588 3580//3580 3578//3578 3589//3589
f 3579//3579 3458//3458 3452//3452
f 3580//3580 3587//3587 3579//3579
f 3580//3580 3588//3588 3587//3587
f 3590//3590 3592//3592 3583//3583 3576//3576
f 3583//3583 3592//3592 3591//3591
f 3595//3595 3597//3597 3593//3593 3591//3591
f 3585//3585 3583//3583 3591//3591
f 3593//3593 3585//3585 3591//3591
f 3586//3586 3594//3594 3589//3589
f 3593//3593 3597//3597 3596//3596
f 3600//3600 3601//3601 3599//3599 3598//3598
f 3594//3594 3593//3593 3596//3596
f 3597//3597 3595//3595 3598//3598
f 3599//3599 3601//3601 3634//3634
f 3283//3283 3605//3605 3581//3581 3281//3281
f 3601//3601 3600//3600 3617//3617
f 3601//3601 3602//3602 3603//3603
f 3601//3601 3617//3617 3602//3602
f 3581//3581 3265//3265 3281//3281
f 3604//3604 3574//3574 3581//3581
f 3606//3606 3608//3608 3590//3590 3582//3582
f 3605//3605 3604//3604 3581//3581
f 3582//3582 3604//3604 3606//3606
f 3592//3592 3608//3608 3610//3610 3595//3595
f 3607//3607 3608//3608 3606//3606
f 3590//3590 3608//3608 3592//3592
f 3605//3605 3289//3289 3609//3609 3606//3606
f 3605//3605 3283//3283 3289//3289
f 3610//3610 3608//3608 3607//3607 3611//3611
f 3607//3607 3606//3606 3609//3609
f 3614//3614 3616//3616 3620//3620 3617//3617
f 3612//3612 3609//3609 3289//3289
f 3612//3612 3293//3293 3297//3297
f 3613//3613 3612//3612 3615//3615
f 3614//3614 3611//3611 3616//3616
f 3622//3622 3624//3624 3537//3537 3458//3458
f 3613//3613 3619//3619 3618//3618
f 3616//3616 3613//3613 3618//3618
f 3617//3617 3621//3621 3602//3602
f 3587//3587 3622//3622 3579//3579
f 3628//3628 3624//3624 3625//3625 3629//3629
f 3624//3624 3587//3587 3625//3625
f 3626//3626 3596//3596 3599//3599
f 3627//3627 3543//3543 3537//3537
f 3624//3624 3628//3628 3627//3627
f 3623//3623 3626//3626 3630//3630 3629//3629
f 3543//3543 3632//3632 3636//3636 3547//3547
f 3634//3634 3631//3631 3599//3599
f 3630//3630 3626//3626 3631//3631
f 3631//3631 3634//3634 3633//3633
f 3629//3629 3633//3633 3635//3635
f 3630//3630 3631//3631 3633//3633
f 3635//3635 3636//3636 3632//3632 3628//3628
f 3079//3079 3643//3643 3093//3093 3080//3080
f 3634//3634 3637//3637 3633//3633
f 3634//3634 3603//3603 3637//3637
f 3634//3634 3601//3601 3603//3603
f 3633//3633 3639//3639 3638//3638
f 3637//3637 3639//3639 3633//3633
f 3635//3635 3640//3640 3636//3636
f 3094//3094 3093//3093 3644//3644
f 3646//3646 3651//3651 3649//3649 3647//3647
f 3647//3647 3095//3095 3094//3094
f 3643//3643 3079//3079 3648//3648
f 3644//3644 3643//3643 3648//3648
f 3130//3130 3010//3010 3006//3006 3011//3011
f 3648//3648 3641//3641 3642//3642
f 3646//3646 3644//3644 3650//3650
f 3096//3096 3645//3645 3659//3659 3101//3101
f 3650//3650 3648//3648 3653//3653
f 3650//3650 3653//3653 3655//3655
f 3654//3654 3650//3650 3655//3655
f 3656//3656 3651//3651 3654//3654
f 3659//3659 3658//3658 3103//3103 3101//3101
f 3658//3658 3660//3660 3669//3669 3668//3668
f 3661//3661 3659//3659 3645//3645
f 3661//3661 3658//3658 3659//3659
f 3660//3660 3658//3658 3662//3662
f 3662//3662 3661//3661 3663//3663
f 3664//3664 3661//3661 3652//3652
f 3663//3663 3661//3661 3664//3664
f 3665//3665 3664//3664 3666//3666
f 3105//3105 3103//3103 3658//3658
f 3667//3667 3663//3663 3665//3665
f 3662//3662 3670//3670 3669//3669 3660//3660
f 3673//3673 3674//3674 3127//3127 3126//3126
f 3670//3670 3662//3662 3667//3667
f 3671//3671 3665//3665 3666//3666
f 3673//3673 3126//3126 3125//3125
f 3668//3668 3675//3675 3129//3129 3105//3105
f 3667//3667 3682//3682 3675//3675 3670//3670
f 3125//3125 3129//3129 3676//3676
f 3673//3673 3676//3676 3679//3679
f 3673//3673 3679//3679 3677//3677
f 3675//3675 3669//3669 3670//3670
f 3674//3674 3677//3677 3680//3680
f 3677//3677 3681//3681 3680//3680
f 3685//3685 3686//3686 3681//3681 3683//3683
f 3678//3678 3675//3675 3682//3682
f 3679//3679 3678//3678 3683//3683
f 3681//3681 3679//3679 3683//3683
f 3682//3682 3667//3667 3671//3671
f 3678//3678 3684//3684 3683//3683
f 3672//3672 3687//3687 3682//3682 3671//3671
f 3680//3680 3681//3681 3686//3686
f 3164//3164 3165//3165 3693//3693 3692//3692
f 3684//3684 3682//3682 3687//3687
f 3685//3685 3684//3684 3689//3689
f 3685//3685 3690//3690 3686//3686
f 3165//3165 3167//3167 3694//3694 3693//3693
f 3167//3167 3166//3166 3694//3694
f 3695//3695 3694//3694 3166//3166 3168//3168
f 3171//3171 3170//3170 3697//3697 3696//3696
f 3700//3700 3699//3699 3694//3694 3695//3695
f 3693//3693 3698//3698 3692//3692
f 3710//3710 3698//3698 3705//3705 3711//3711
f 3697//3697 3701//3701 3696//3696
f 3697//3697 3702//3702 3701//3701
f 3641//3641 3692//3692 3704//3704
f 3641//3641 3704//3704 3642//3642
f 3708//3708 3704//3704 3703//3703
f 3698//3698 3699//3699 3705//3705
f 3706//3706 3705//3705 3700//3700
f 3700//3700 3696//3696 3707//3707
f 3700//3700 3707//3707 3706//3706
f 3704//3704 3709//3709 3642//3642
f 3703//3703 3698//3698 3710//3710
f 3708//3708 3703//3703 3710//3710
f 3713//3713 3707//3707 3701//3701 3715//3715
f 3705//3705 3712//3712 3711//3711
f 3707//3707 3713//3713 3706//3706
f 3713//3713 3712//3712 3706//3706
f 3717//3717 3718//3718 3708//3708 3710//3710
f 3716//3716 3715//3715 3714//3714
f 3717//3717 3711//3711 3712//3712 3719//3719
f 3718//3718 3709//3709 3708//3708
f 3713//3713 3715//3715 3727//3727 3720//3720
f 3721//3721 3709//3709 3718//3718 3722//3722
f 3723//3723 3717//3717 3719//3719 3724//3724
f 3717//3717 3723//3723 3718//3718
f 3727//3727 3715//3715 3716//3716 3728//3728
f 3719//3719 3720//3720 3725//3725
f 3720//3720 3726//3726 3725//3725
f 3731//3731 3735//3735 3789//3789 3734//3734
f 3724//3724 3731//3731 3723//3723
f 3732//3732 3730//3730 3723//3723
f 3733//3733 3731//3731 3725//3725
f 3734//3734 3732//3732 3731//3731
f 3733//3733 3735//3735 3731//3731
f 3735//3735 3726//3726 3729//3729 3736//3736
f 3726//3726 3735//3735 3733//3733
f 3642//3642 3709//3709 3737//3737 3653//3653
f 3655//3655 3653//3653 3737//3737 3739//3739
f 3656//3656 3654//3654 3655//3655 3740//3740
f 3738//3738 3651//3651 3657//3657
f 3737//3737 3709//3709 3721//3721
f 3739//3739 3737//3737 3721//3721
f 3748//3748 3749//3749 3744//3744 3743//3743
f 3741//3741 3738//3738 3657//3657
f 3743//3743 3739//3739 3721//3721
f 3655//3655 3739//3739 3744//3744
f 3740//3740 3655//3655 3744//3744
f 3743//3743 3722//3722 3730//3730
f 3746//3746 3740//3740 3744//3744
f 3749//3749 3752//3752 3753//3753 3746//3746
f 3746//3746 3744//3744 3749//3749
f 3750//3750 3745//3745 3746//3746
f 3750//3750 3741//3741 3745//3745
f 3750//3750 3747//3747 3741//3741
f 3751//3751 3749//3749 3748//3748
f 3750//3750 3746//3746 3753//3753 3754//3754
f 3664//3664 3652//3652 3738//3738 3758//3758
f 3754//3754 3755//3755 3750//3750
f 3756//3756 3748//3748 3732//3732
f 3795//3795 3757//3757 3755//3755
f 3666//3666 3664//3664 3758//3758 3759//3759
f 3738//3738 3742//3742 3760//3760 3758//3758
f 3760//3760 3764//3764 3765//3765 3763//3763
f 3742//3742 3762//3762 3760//3760
f 3760//3760 3763//3763 3759//3759
f 3764//3764 3760//3760 3762//3762
f 3768//3768 3769//3769 3773//3773 3772//3772
f 3747//3747 3755//3755 3762//3762
f 3764//3764 3766//3766 3765//3765
f 3767//3767 3764//3764 3755//3755
f 3767//3767 3766//3766 3764//3764
f 3769//3769 3768//3768 3767//3767
f 3763//3763 3770//3770 3761//3761
f 3766//3766 3771//3771 3765//3765
f 3687//3687 3777//3777 3688//3688 3684//3684
f 3774//3774 3672//3672 3666//3666
f 3774//3774 3759//3759 3770//3770
f 3775//3775 3763//3763 3771//3771
f 3776//3776 3766//3766 3772//3772
f 3777//3777 3687//3687 3672//3672
f 3770//3770 3775//3775 3779//3779 3777//3777
f 3777//3777 3774//3774 3770//3770
f 3778//3778 3689//3689 3688//3688
f 3777//3777 3779//3779 3780//3780 3688//3688
f 3779//3779 3781//3781 3784//3784 3780//3780
f 3778//3778 3688//3688 3780//3780
f 3779//3779 3775//3775 3771//3771
f 3776//3776 3779//3779 3771//3771
f 3782//3782 3783//3783 3690//3690 3689//3689
f 3689//3689 3778//3778 3782//3782
f 3782//3782 3778//3778 3780//3780 3785//3785
f 3691//3691 3690//3690 3783//3783
f 3782//3782 3785//3785 3786//3786 3783//3783
f 3776//3776 3773//3773 3787//3787 3781//3781
f 3773//3773 3776//3776 3772//3772
f 3734//3734 3789//3789 3790//3790 3788//3788
f 3789//3789 3791//3791 3793//3793 3790//3790
f 3735//3735 3791//3791 3789//3789
f 3791//3791 3735//3735 3736//3736 3792//3792
f 3757//3757 3795//3795 3799//3799 3800//3800
f 3793//3793 3791//3791 3794//3794
f 3795//3795 3755//3755 3754//3754
f 3756//3756 3732//3732 3788//3788
f 3796//3796 3752//3752 3751//3751
f 3797//3797 3754//3754 3753//3753
f 3797//3797 3795//3795 3754//3754
f 3798//3798 3756//3756 3788//3788
f 3798//3798 3751//3751 3756//3756
f 3798//3798 3796//3796 3751//3751
f 3797//3797 3796//3796 3803//3803 3804//3804
f 3790//3790 3798//3798 3788//3788
f 3798//3798 3802//3802 3796//3796
f 3801//3801 3807//3807 3813//3813 3802//3802
f 3804//3804 3799//3799 3797//3797
f 3799//3799 3795//3795 3797//3797
f 3805//3805 3800//3800 3799//3799
f 3806//3806 3799//3799 3804//3804
f 3807//3807 3801//3801 3793//3793
f 3793//3793 3794//3794 3809//3809 3807//3807
f 3813//3813 3803//3803 3802//3802
f 3806//3806 3808//3808 3805//3805
f 3812//3812 3803//3803 3813//3813 3814//3814
f 3810//3810 3811//3811 3808//3808
f 3812//3812 3804//3804 3803//3803
f 3813//3813 3807//3807 3809//3809 3815//3815
f 3806//3806 3804//3804 3812//3812
f 3806//3806 3812//3812 3817//3817 3818//3818
f 3814//3814 3817//3817 3812//3812
f 3757//3757 3800//3800 3820//3820 3767//3767
f 3818//3818 3810//3810 3806//3806
f 3810//3810 3808//3808 3806//3806
f 3769//3769 3767//3767 3819//3819
f 3820//3820 3800//3800 3822//3822 3823//3823
f 3805//3805 3822//3822 3800//3800
f 3821//3821 3820//3820 3823//3823 3824//3824
f 3823//3823 3826//3826 3827//3827 3824//3824
f 3821//3821 3824//3824 3833//3833 3832//3832
f 3829//3829 3827//3827 3826//3826
f 3829//3829 3826//3826 3830//3830
f 3773//3773 3769//3769 3831//3831
f 3824//3824 3827//3827 3834//3834 3833//3833
f 3827//3827 3829//3829 3835//3835 3834//3834
f 3830//3830 3836//3836 3835//3835 3829//3829
f 3831//3831 3832//3832 3840//3840 3787//3787
f 3787//3787 3773//3773 3831//3831
f 3839//3839 3838//3838 3784//3784
f 3833//3833 3834//3834 3842//3842 3840//3840
f 3841//3841 3839//3839 3840//3840
f 3834//3834 3835//3835 3843//3843 3842//3842
f 3844//3844 3786//3786 3838//3838 3846//3846
f 3837//3837 3786//3786 3844//3844
f 3838//3838 3839//3839 3845//3845
f 3845//3845 3848//3848 3849//3849 3846//3846
f 3847//3847 3844//3844 3846//3846
f 3841//3841 3843//3843 3851//3851 3848//3848
f 3843//3843 3835//3835 3836//3836
f 3843//3843 3841//3841 3842//3842
f 3851//3851 3852//3852 3849//3849 3848//3848
f 3854//3854 3855//3855 3254//3254 3253//3253
f 3852//3852 3934//3934 3850//3850
f 3253//3253 3127//3127 3853//3853
f 3680//3680 3859//3859 3853//3853 3674//3674
f 3255//3255 3254//3254 3855//3855
f 3856//3856 3857//3857 3255//3255
f 3256//3256 3255//3255 3857//3857
f 3858//3858 3255//3255 3855//3855
f 3856//3856 3255//3255 3858//3858
f 3859//3859 3860//3860 3854//3854 3853//3853
f 3854//3854 3860//3860 3861//3861 3858//3858
f 3686//3686 3691//3691 3868//3868 3863//3863
f 3856//3856 3858//3858 3861//3861
f 3862//3862 3857//3857 3856//3856
f 3864//3864 3865//3865 3861//3861
f 3865//3865 3862//3862 3856//3856
f 3863//3863 3680//3680 3686//3686
f 3866//3866 3860//3860 3863//3863
f 3867//3867 3861//3861 3860//3860
f 3864//3864 3861//3861 3867//3867
f 3862//3862 3874//3874 3872//3872 3857//3857
f 3868//3868 3866//3866 3863//3863
f 3869//3869 3867//3867 3866//3866
f 3870//3870 3866//3866 3868//3868
f 3872//3872 3871//3871 3256//3256
f 3874//3874 3875//3875 3873//3873 3872//3872
f 3783//3783 3893//3893 3868//3868 3691//3691
f 3876//3876 3877//3877 3874//3874
f 3878//3878 3879//3879 3865//3865
f 3879//3879 3874//3874 3862//3862
f 3876//3876 3874//3874 3879//3879
f 3880//3880 3881//3881 3876//3876
f 3869//3869 3882//3882 3864//3864
f 3882//3882 3878//3878 3864//3864
f 3878//3878 3865//3865 3864//3864
f 3887//3887 3883//3883 3878//3878
f 3883//3883 3876//3876 3879//3879
f 3880//3880 3876//3876 3883//3883
f 3884//3884 3881//3881 3880//3880
f 3887//3887 3878//3878 3882//3882
f 3888//3888 3883//3883 3887//3887
f 3880//3880 3883//3883 3888//3888
f 3889//3889 3885//3885 3888//3888
f 3885//3885 3880//3880 3888//3888
f 3890//3890 3884//3884 3885//3885
f 3886//3886 3884//3884 3890//3890
f 3870//3870 3893//3893 3894//3894 3869//3869
f 3893//3893 3870//3870 3868//3868
f 3894//3894 3893//3893 3895//3895 3896//3896
f 3894//3894 3882//3882 3869//3869
f 3901//3901 3902//3902 3892//3892 3891//3891
f 3897//3897 3887//3887 3894//3894
f 3896//3896 3898//3898 3894//3894
f 3889//3889 3888//3888 3897//3897
f 3899//3899 3890//3890 3889//3889
f 3890//3890 3885//3885 3889//3889
f 3900//3900 3901//3901 3890//3890
f 3908//3908 3912//3912 3915//3915 3913//3913
f 3298//3298 3280//3280 3871//3871
f 3903//3903 3294//3294 3298//3298
f 3299//3299 3294//3294 3903//3903
f 3297//3297 3296//3296 3905//3905
f 3873//3873 3298//3298 3871//3871
f 3906//3906 3299//3299 3903//3903
f 3877//3877 3907//3907 3875//3875
f 3908//3908 3903//3903 3907//3907
f 3906//3906 3903//3903 3908//3908
f 3909//3909 3904//3904 3906//3906
f 3905//3905 3904//3904 3909//3909
f 3910//3910 3911//3911 3909//3909
f 3912//3912 3907//3907 3877//3877
f 3899//3899 3919//3919 3921//3921 3900//3900
f 3913//3913 3909//3909 3908//3908
f 3910//3910 3909//3909 3914//3914
f 3881//3881 3912//3912 3877//3877
f 3884//3884 3915//3915 3881//3881
f 3916//3916 3914//3914 3913//3913
f 3917//3917 3910//3910 3914//3914
f 3916//3916 3915//3915 3886//3886
f 3917//3917 3914//3914 3916//3916
f 3891//3891 3916//3916 3886//3886
f 3892//3892 3916//3916 3891//3891
f 3893//3893 3783//3783 3837//3837
f 3919//3919 3889//3889 3897//3897
f 3899//3899 3889//3889 3919//3919
f 3900//3900 3921//3921 3922//3922 3923//3923
f 3922//3922 3932//3932 3933//3933 3923//3923
f 3902//3902 3901//3901 3923//3923
f 3924//3924 3895//3895 3837//3837
f 3925//3925 3924//3924 3844//3844
f 3918//3918 3895//3895 3924//3924
f 3926//3926 3898//3898 3918//3918
f 3925//3925 3927//3927 3924//3924
f 3920//3920 3898//3898 3926//3926
f 3928//3928 3925//3925 3847//3847
f 3927//3927 3929//3929 3926//3926
f 3929//3929 3921//3921 3920//3920
f 3921//3921 3919//3919 3920//3920
f 3930//3930 3922//3922 3929//3929
f 3931//3931 3932//3932 3922//3922
f 3702//3702 3419//3419 3936//3936 3938//3938
f 3928//3928 3847//3847 3850//3850
f 3934//3934 3928//3928 3850//3850
f 3934//3934 3930//3930 3928//3928
f 3930//3930 3927//3927 3928//3928
f 3935//3935 3930//3930 3934//3934
f 3931//3931 3930//3930 3935//3935
f 3419//3419 3697//3697 3170//3170
f 3421//3421 3936//3936 3420//3420
f 3422//3422 3940//3940 3416//3416
f 3938//3938 3936//3936 3421//3421 3939//3939
f 3944//3944 3948//3948 3952//3952 3951//3951
f 3940//3940 3939//3939 3421//3421
f 3941//3941 3940//3940 3422//3422
f 3702//3702 3943//3943 3714//3714
f 3940//3940 3944//3944 3939//3939
f 3945//3945 3944//3944 3940//3940
f 3943//3943 3946//3946 3716//3716
f 3947//3947 3944//3944 3946//3946
f 3942//3942 3948//3948 3945//3945
f 3949//3949 3948//3948 3942//3942
f 3951//3951 3950//3950 3944//3944
f 3728//3728 3716//3716 3946//3946 3955//3955
f 3949//3949 3952//3952 3948//3948
f 3954//3954 3729//3729 3728//3728
f 3980//3980 3981//3981 3985//3985 3983//3983
f 3955//3955 3954//3954 3728//3728
f 3950//3950 3955//3955 3946//3946
f 3950//3950 3956//3956 3955//3955
f 3953//3953 3958//3958 3952//3952
f 3953//3953 3959//3959 3958//3958
f 3955//3955 3961//3961 3960//3960
f 3956//3956 3961//3961 3955//3955
f 3957//3957 3956//3956 3951//3951
f 3957//3957 3962//3962 3956//3956
f 3958//3958 3962//3962 3957//3957
f 3959//3959 3964//3964 3963//3963
f 3729//3729 3954//3954 3965//3965
f 3729//3729 3965//3965 3736//3736
f 3960//3960 3966//3966 4108//4108
f 3961//3961 3966//3966 3960//3960
f 3967//3967 3966//3966 3961//3961
f 3962//3962 3967//3967 3956//3956
f 3962//3962 3968//3968 3967//3967
f 3963//3963 3968//3968 3962//3962
f 3963//3963 3969//3969 3968//3968
f 3964//3964 3969//3969 3963//3963
f 3977//3977 3981//3981 3980//3980
f 3977//3977 3980//3980 3976//3976
f 3985//3985 3984//3984 3983//3983
f 3983//3983 3984//3984 3991//3991 3989//3989
f 3982//3982 3988//3988 3987//3987
f 3991//3991 3990//3990 3989//3989
f 4001//4001 3992//3992 3993//3993 3998//3998
f 3986//3986 3982//3982 3974//3974
f 3977//3977 3992//3992 3981//3981
f 3993//3993 3977//3977 3978//3978
f 3985//3985 3994//3994 3984//3984
f 3991//3991 3995//3995 3990//3990
f 3996//3996 3985//3985 3992//3992
f 3997//3997 3991//3991 3994//3994
f 4005//4005 4006//4006 4001//4001 4003//4003
f 3999//3999 4002//4002 3998//3998
f 4002//4002 4000//4000 4003//4003
f 3996//3996 4001//4001 3994//3994
f 4165//4165 4007//4007 4006//4006 4005//4005
f 3994//3994 4006//4006 3997//3997
f 4003//4003 4004//4004 4011//4011 4008//4008
f 4003//4003 4008//4008 4005//4005
f 3937//3937 4013//4013 4016//4016 3941//3941
f 4011//4011 4012//4012 4009//4009
f 4105//4105 4012//4012 4011//4011
f 4013//4013 3937//3937 3423//3423
f 3475//3475 4014//4014 4013//4013
f 3476//3476 4014//4014 3473//3473
f 3474//3474 4015//4015 3476//3476
f 4020//4020 4013//4013 4014//4014 4017//4017
f 4020//4020 4016//4016 4013//4013
f 4017//4017 4014//4014 3476//3476 4018//4018
f 3476//3476 4015//4015 4019//4019 4018//4018
f 3942//3942 4016//4016 4022//4022 3949//3949
f 4016//4016 3942//3942 3941//3941
f 4017//4017 4021//4021 4020//4020
f 4019//4019 4021//4021 4018//4018
f 3507//3507 3508//3508 4031//4031 4030//4030
f 4023//4023 4022//4022 4020//4020
f 4021//4021 4024//4024 4023//4023
f 4022//4022 3953//3953 3949//3949
f 4022//4022 4025//4025 3953//3953
f 4023//4023 4025//4025 4022//4022
f 4023//4023 4026//4026 4025//4025
f 4024//4024 4026//4026 4023//4023
f 4025//4025 3959//3959 3953//3953
f 4025//4025 4027//4027 3959//3959
f 4026//4026 4027//4027 4025//4025
f 4026//4026 4028//4028 4027//4027
f 4027//4027 3964//3964 3959//3959
f 4027//4027 4029//4029 3964//3964
f 4028//4028 4029//4029 4027//4027
f 4029//4029 3970//3970 3964//3964
f 4030//4030 4015//4015 3506//3506
f 4035//4035 4032//4032 3509//3509 4036//4036
f 3509//3509 4032//4032 3508//3508
f 4032//4032 4031//4031 3508//3508
f 4032//4032 4035//4035 4031//4031
f 4019//4019 4030//4030 4038//4038 4037//4037
f 4033//4033 4071//4071 4036//4036
f 4030//4030 4031//4031 4039//4039 4038//4038
f 4042//4042 4024//4024 4037//4037 4038//4038
f 4035//4035 4039//4039 4031//4031
f 4036//4036 4040//4040 4035//4035
f 4041//4041 4040//4040 4036//4036
f 4041//4041 4071//4071 4034//4034
f 4034//4034 4044//4044 4043//4043 4041//4041
f 4047//4047 4024//4024 4042//4042 4051//4051
f 4024//4024 4047//4047 4026//4026
f 4042//4042 4038//4038 4050//4050 4048//4048
f 4042//4042 4048//4048 4051//4051
f 4054//4054 4049//4049 4043//4043
f 4044//4044 4054//4054 4043//4043
f 4049//4049 4048//4048 4050//4050 4045//4045
f 4043//4043 4049//4049 4045//4045 4040//4040
f 4045//4045 4050//4050 4039//4039
f 4053//4053 4054//4054 4059//4059 4063//4063
f 4047//4047 4028//4028 4026//4026
f 4051//4051 4048//4048 4052//4052
f 4054//4054 4053//4053 4049//4049
f 4028//4028 4061//4061 4055//4055
f 4051//4051 4061//4061 4028//4028
f 4052//4052 4057//4057 4061//4061
f 4063//4063 4058//4058 4053//4053
f 4052//4052 4048//4048 4058//4058 4057//4057
f 4046//4046 4059//4059 4054//4054
f 3971//3971 3970//3970 4029//4029 4055//4055
f 4058//4058 4049//4049 4053//4053
f 3972//3972 4063//4063 4059//4059 4056//4056
f 4055//4055 4060//4060 3971//3971
f 4056//4056 3973//3973 3972//3972
f 4056//4056 3974//3974 3973//3973
f 4061//4061 4060//4060 4055//4055
f 4061//4061 4057//4057 4062//4062
f 4058//4058 4063//4063 4057//4057
f 4063//4063 3972//3972 4062//4062
f 3527//3527 3528//3528 4067//4067 4066//4066
f 3528//3528 3525//3525 4068//4068 4067//4067
f 4064//4064 4069//4069 4075//4075 4074//4074
f 4068//4068 4065//4065 4064//4064
f 3529//3529 4033//4033 3510//3510
f 4067//4067 4070//4070 4066//4066
f 4074//4074 4073//4073 4064//4064
f 4064//4064 4073//4073 4072//4072 4067//4067
f 4072//4072 4076//4076 4070//4070
f 4034//4034 4076//4076 4078//4078 4044//4044
f 4076//4076 4071//4071 4070//4070
f 4072//4072 4078//4078 4076//4076
f 4072//4072 4073//4073 3976//3976 4079//4079
f 4073//4073 4074//4074 4080//4080 3976//3976
f 4080//4080 3977//3977 3976//3976
f 4078//4078 4072//4072 4079//4079 4081//4081
f 4080//4080 3978//3978 3977//3977
f 3975//3975 3979//3979 4083//4083 4082//4082
f 4044//4044 4081//4081 4046//4046
f 4083//4083 3979//3979 3986//3986
f 4056//4056 4046//4046 4082//4082 4083//4083
f 4065//4065 4068//4068 4087//4087 4086//4086
f 4084//4084 4075//4075 4069//4069
f 4077//4077 4085//4085 4080//4080
f 4065//4065 4086//4086 4088//4088 4069//4069
f 4087//4087 4068//4068 3532//3532
f 4090//4090 4086//4086 4087//4087 4091//4091
f 4089//4089 4077//4077 4084//4084
f 4085//4085 3998//3998 3978//3978
f 3532//3532 3546//3546 4091//4091 4087//4087
f 4090//4090 4091//4091 4092//4092 4094//4094
f 4092//4092 4091//4091 3548//3548
f 4084//4084 4088//4088 4090//4090 4096//4096
f 3550//3550 4095//4095 4092//4092
f 4085//4085 4089//4089 4096//4096 3999//3999
f 4090//4090 4097//4097 4096//4096
f 4095//4095 4098//4098 4094//4094
f 4094//4094 4101//4101 4100//4100
f 4099//4099 4102//4102 4098//4098
f 3999//3999 4096//4096 4097//4097 4103//4103
f 3999//3999 4103//4103 4000//4000
f 4104//4104 4103//4103 4100//4100 4101//4101
f 4104//4104 4101//4101 4107//4107 4105//4105
f 4000//4000 4104//4104 4004//4004
f 4103//4103 4104//4104 4000//4000
f 4108//4108 3792//3792 3736//3736 3965//3965
f 4105//4105 4106//4106 4012//4012
f 3966//3966 3967//3967 4111//4111 4110//4110
f 4108//4108 4110//4110 3792//3792
f 3966//3966 4110//4110 4108//4108
f 4110//4110 4109//4109 3792//3792
f 4109//4109 4115//4115 4116//4116 4114//4114
f 3968//3968 4111//4111 3967//3967
f 3969//3969 4112//4112 3968//3968
f 3970//3970 4113//4113 3969//3969
f 4110//4110 4115//4115 4109//4109
f 4110//4110 4111//4111 4117//4117 4115//4115
f 4120//4120 4113//4113 3970//3970 3971//3971
f 4112//4112 4118//4118 4117//4117
f 4121//4121 4120//4120 4060//4060 4124//4124
f 3971//3971 4060//4060 4120//4120
f 4122//4122 3972//3972 3973//3973 4119//4119
f 4119//4119 3973//3973 3974//3974 4123//4123
f 4131//4131 4136//4136 4122//4122 4132//4132
f 4114//4114 3809//3809 3794//3794
f 3810//3810 4125//4125 3811//3811
f 4117//4117 4128//4128 4116//4116
f 4118//4118 4129//4129 4128//4128
f 4118//4118 4135//4135 4129//4129
f 4119//4119 4133//4133 4132//4132
f 4120//4120 4118//4118 4113//4113
f 4135//4135 4121//4121 4130//4130
f 4121//4121 4136//4136 4130//4130
f 4136//4136 4131//4131 4130//4130
f 3815//3815 4114//4114 4116//4116 4137//4137
f 4122//4122 4119//4119 4132//4132
f 3817//3817 3814//3814 3816//3816
f 3815//3815 4137//4137 4138//4138 3816//3816
f 3818//3818 3817//3817 4139//4139 4140//4140
f 4138//4138 3817//3817 3816//3816
f 4125//4125 3810//3810 4140//4140 4126//4126
f 4140//4140 3810//3810 3818//3818
f 4138//4138 4137//4137 4141//4141 4142//4142
f 4141//4141 4137//4137 4116//4116
f 4138//4138 4142//4142 4143//4143 4139//4139
f 4139//4139 4143//4143 4144//4144 4140//4140
f 4143//4143 4131//4131 4132//4132 4144//4144
f 4126//4126 4144//4144 4127//4127
f 4129//4129 4141//4141 4128//4128
f 4129//4129 4131//4131 4142//4142
f 4130//4130 4131//4131 4129//4129
f 3828//3828 4148//4148 4146//4146 4145//4145
f 3828//3828 4145//4145 3826//3826
f 4148//4148 4150//4150 4151//4151 4149//4149
f 4149//4149 4146//4146 4148//4148
f 4150//4150 4153//4153 3988//3988 4151//4151
f 4151//4151 3988//3988 4154//4154 4152//4152
f 3988//3988 4153//4153 3987//3987
f 3830//3830 3826//3826 4145//4145 4156//4156
f 4123//4123 4134//4134 4119//4119
f 4123//4123 3987//3987 4134//4134
f 4123//4123 3982//3982 3987//3987
f 4125//4125 4155//4155 3811//3811
f 4147//4147 4146//4146 4158//4158 4157//4157
f 4126//4126 4148//4148 4155//4155
f 4148//4148 3828//3828 4155//4155
f 4127//4127 4150//4150 4126//4126
f 4150//4150 4148//4148 4126//4126
f 4134//4134 4150//4150 4127//4127
f 4134//4134 4153//4153 4150//4150
f 4146//4146 4149//4149 4159//4159 4158//4158
f 4149//4149 4152//4152 4160//4160 4159//4159
f 3830//3830 4156//4156 4161//4161 3836//3836
f 4154//4154 4160//4160 4152//4152
f 4147//4147 4157//4157 4161//4161 4156//4156
f 4164//4164 4160//4160 4162//4162 4007//4007
f 4162//4162 4154//4154 3995//3995
f 4159//4159 4164//4164 4158//4158
f 4164//4164 4165//4165 4169//4169
f 3836//3836 4161//4161 4163//4163 3843//3843
f 4008//4008 4166//4166 4005//4005
f 4009//4009 4166//4166 4008//4008
f 3843//3843 4163//4163 4168//4168 3851//3851
f 4168//4168 4163//4163 4169//4169 4170//4170
f 4171//4171 4170//4170 4172//4172 4173//4173
f 3851//3851 4168//4168 4175//4175 3852//3852
f 4173//4173 4174//4174 4171//4171
f 4166//4166 4173//4173 4172//4172
f 4167//4167 4173//4173 4166//4166
f 3852//3852 4175//4175 4176//4176 3934//3934
f 4168//4168 4170//4170 4171//4171 4175//4175
f 4181//4181 4178//4178 4184//4184 4180//4180
f 4061//4061 4124//4124 4060//4060
f 4062//4062 4136//4136 4124//4124
f 3602//3602 4177//4177 3603//3603
f 4178//4178 4181//4181 4177//4177
f 4182//4182 4185//4185 4183//4183 4184//4184
f 4184//4184 4178//4178 4179//4179
f 4183//4183 4185//4185 4186//4186
f 4190//4190 4196//4196 4198//4198 4186//4186
f 4187//4187 4180//4180 4183//4183
f 4192//4192 4183//4183 4186//4186
f 4187//4187 4192//4192 4191//4191
f 4196//4196 4190//4190 4189//4189
f 4198//4198 4196//4196 4197//4197
f 4191//4191 4192//4192 4198//4198 4199//4199
f 4188//4188 4204//4204 4205//4205 4189//4189
f 4198//4198 4192//4192 4186//4186
f 4191//4191 4202//4202 4194//4194
f 4203//4203 4195//4195 3902//3902
f 4204//4204 4195//4195 4203//4203
f 4204//4204 4226//4226 4195//4195
f 4204//4204 4188//4188 4226//4226
f 4205//4205 4204//4204 4242//4242
f 4200//4200 4201//4201 4210//4210 4209//4209
f 4206//4206 4198//4198 4197//4197
f 4199//4199 4206//4206 4208//4208
f 4200//4200 4209//4209 4012//4012
f 4210//4210 4248//4248 4209//4209
f 4207//4207 4210//4210 4202//4202 4208//4208
f 4210//4210 4207//4207 4248//4248
f 3618//3618 3619//3619 4214//4214 4213//4213
f 4202//4202 4210//4210 4193//4193
f 3615//3615 3297//3297 4211//4211
f 3619//3619 3615//3615 4211//4211
f 4213//4213 4215//4215 4212//4212 3618//3618
f 4214//4214 3619//3619 4211//4211
f 3602//3602 3621//3621 4216//4216 4178//4178
f 4212//4212 4216//4216 3621//3621
f 4217//4217 4219//4219 4220//4220 4214//4214
f 4211//4211 3905//3905 3911//3911
f 4217//4217 3911//3911 3910//3910
f 4218//4218 4215//4215 4213//4213
f 4179//4179 4216//4216 4215//4215
f 4219//4219 4217//4217 3910//3910
f 4221//4221 4222//4222 4218//4218 4220//4220
f 4218//4218 4214//4214 4220//4220
f 4215//4215 4222//4222 4182//4182 4179//4179
f 4218//4218 4222//4222 4215//4215
f 3892//3892 4225//4225 4223//4223 3917//3917
f 4219//4219 3910//3910 4223//4223
f 4224//4224 4220//4220 4219//4219
f 4182//4182 4222//4222 4185//4185
f 4224//4224 4219//4219 4223//4223 4226//4226
f 4185//4185 4222//4222 4221//4221 4190//4190
f 4227//4227 3639//3639 3637//3637 4228//4228
f 4226//4226 4225//4225 4195//4195
f 3639//3639 4229//4229 3638//3638
f 4099//4099 4095//4095 4093//4093 4233//4233
f 4230//4230 4093//4093 3636//3636
f 3640//3640 4230//4230 3636//3636
f 3640//3640 3638//3638 4229//4229
f 4227//4227 4231//4231 4229//4229
f 4181//4181 4232//4232 4228//4228
f 4181//4181 4228//4228 4177//4177
f 4234//4234 4231//4231 4227//4227
f 4238//4238 4237//4237 4235//4235 4239//4239
f 4233//4233 4230//4230 4231//4231
f 4236//4236 4232//4232 4180//4180
f 4237//4237 4102//4102 4233//4233
f 4235//4235 4237//4237 4231//4231
f 4234//4234 4236//4236 4235//4235
f 4234//4234 4235//4235 4231//4231
f 4238//4238 4239//4239 4194//4194 4193//4193
f 4193//4193 4240//4240 4238//4238
f 4187//4187 4191//4191 4194//4194 4239//4239
f 4200//4200 4106//4106 4107//4107 4240//4240
f 4244//4244 4245//4245 4254//4254 4253//4253
f 4102//4102 4240//4240 4107//4107
f 4240//4240 4237//4237 4238//4238
f 4193//4193 4201//4201 4240//4240
f 3933//3933 4203//4203 3923//3923
f 4203//4203 3902//3902 3923//3923
f 4242//4242 3933//3933 4241//4241
f 4242//4242 4203//4203 3933//3933
f 4242//4242 4204//4204 4203//4203
f 4243//4243 4242//4242 4241//4241
f 4242//4242 4243//4243 4205//4205
f 4245//4245 4197//4197 4205//4205
f 4209//4209 4247//4247 4010//4010
f 4248//4248 4247//4247 4209//4209
f 3933//3933 3932//3932 4241//4241
f 4241//4241 3932//3932 4249//4249
f 4253//4253 4241//4241 4250//4250
f 4254//4254 4243//4243 4241//4241
f 4252//4252 4255//4255 4246//4246 4253//4253
f 4254//4254 4245//4245 4243//4243
f 4255//4255 4252//4252 4174//4174
f 4167//4167 4010//4010 4247//4247 4255//4255
f 4167//4167 4255//4255 4174//4174
f 3934//3934 4176//4176 4256//4256 3935//3935
f 4255//4255 4248//4248 4246//4246
f 3935//3935 4256//4256 4249//4249 3931//3931
f 4257//4257 4175//4175 4171//4171 4251//4251
f 4250//4250 4257//4257 4251//4251 4252//4252
o SminskiLeg
v -0.213071 -0.194548 0.199451
v -0.204538 -0.237179 0.195300
v -0.187858 -0.279684 0.189481
v -0.186521 -0.213558 0.222732
v -0.184208 -0.187777 0.230434
v -0.161712 -0.248326 0.231207
v -0.217134 -0.143863 0.201827
v -0.226492 0.140828 0.189492
v -0.198839 -0.138801 0.222543
v -0.209104 0.138089 0.211734
v -0.174572 -0.140949 0.243673
v -0.187145 0.139762 0.233370
v -0.203495 -0.360749 -0.002835
v -0.196614 -0.361273 0.051218
v -0.185765 -0.349320 0.112070
v -0.171942 -0.378609 0.070123
v -0.176928 -0.383525 0.022077
v -0.274979 -0.193764 0.077088
v -0.278944 -0.202833 0.049200
v -0.277106 -0.225901 0.019281
v -0.283312 -0.198774 -0.000020
v -0.252251 -0.180674 0.143350
v -0.257093 -0.216521 0.117400
v -0.257791 -0.260038 0.076280
v -0.263632 -0.246845 0.069600
v -0.266409 -0.259602 0.018675
v -0.258086 -0.282060 -0.004509
v -0.239622 -0.214505 0.154762
v -0.236905 -0.259020 0.132207
v -0.234827 -0.300342 0.086383
v -0.245407 -0.298855 0.044483
v -0.231421 -0.325856 0.013809
v -0.224359 -0.262749 0.152365
v -0.219600 -0.294542 0.129578
v -0.220382 -0.314468 0.099529
v -0.215029 -0.341221 0.052142
v -0.201085 -0.311300 0.142622
v -0.174558 -0.317818 0.170837
v -0.278556 -0.139785 0.082037
v -0.285591 -0.140486 0.041420
v -0.284966 0.139867 0.046287
v -0.288260 -0.141812 0.011281
v -0.253346 -0.124700 0.148111
v -0.254326 0.122345 0.146169
v -0.269523 -0.140454 0.109080
v -0.267739 0.139844 0.113780
v -0.246654 -0.155298 0.157896
v -0.238083 -0.116182 0.173591
v -0.105922 -0.348982 0.197388
v -0.059684 -0.359071 0.207250
v -0.074797 -0.377032 0.180484
v -0.042115 -0.381246 0.186675
v -0.012324 -0.351887 0.224452
v -0.016996 -0.391076 0.178581
v -0.141390 -0.203348 0.260136
v -0.136341 -0.270663 0.238913
v -0.144926 -0.320744 0.197033
v -0.166936 -0.284314 0.206590
v -0.126514 -0.147799 0.275382
v -0.130409 -0.242997 0.254703
v -0.105927 -0.196914 0.278832
v -0.107911 -0.276862 0.251027
v -0.120635 -0.306540 0.226198
v -0.101920 -0.237883 0.270356
v -0.068848 -0.201484 0.291735
v -0.072469 -0.261415 0.272526
v -0.077766 -0.301457 0.249434
v -0.080239 -0.327901 0.229266
v -0.046028 -0.202465 0.296290
v -0.044553 -0.277441 0.271714
v -0.044897 -0.242967 0.285425
v -0.040084 -0.308898 0.254302
v -0.045661 -0.334877 0.234043
v -0.011306 -0.232295 0.292918
v -0.000007 -0.198645 0.300843
v 0.000025 -0.284231 0.272796
v -0.147705 -0.140288 0.263878
v -0.157149 0.139103 0.257252
v -0.089810 -0.138106 0.291714
v -0.107172 0.139844 0.284280
v -0.069284 -0.138186 0.297684
v -0.043610 -0.139866 0.302573
v -0.039128 0.139848 0.303227
v -0.010603 -0.141102 0.306115
v -0.139921 -0.363547 0.152440
v -0.165370 -0.353325 0.137502
v -0.149845 -0.377758 0.115332
v -0.148746 -0.400980 0.045176
v -0.161297 -0.396379 -0.000020
v -0.135140 -0.397983 0.090505
v -0.131852 -0.413386 0.022189
v -0.110169 -0.374043 0.163391
v -0.100539 -0.421660 0.066497
v -0.103452 -0.426819 0.021321
v -0.100987 -0.394778 0.137497
v -0.081835 -0.420050 0.095120
v -0.058809 -0.400889 0.152303
v -0.062043 -0.421741 0.106786
v -0.062821 -0.439996 0.023293
v -0.039881 -0.441236 0.049191
v -0.042013 -0.444409 -0.000020
v -0.020844 -0.413273 0.140223
v -0.019612 -0.426507 0.110696
v -0.018836 -0.438971 0.071376
v 0.000172 -0.444394 0.044669
v 0.000036 -0.447355 -0.000020
v -0.149788 -0.338224 0.174945
v -0.216280 0.197785 0.194475
v -0.203338 0.242143 0.194443
v -0.187823 0.198448 0.225598
v -0.175266 0.241761 0.222746
v -0.180223 0.279811 0.197921
v -0.167558 0.307625 0.188221
v -0.277939 0.139190 0.084432
v -0.288264 0.140466 0.011421
v -0.241936 0.141209 0.167146
v -0.253081 0.162694 0.144924
v -0.274730 0.201294 0.073444
v -0.279026 0.201708 0.049776
v -0.276494 0.230059 0.012435
v -0.283362 0.198513 -0.000020
v -0.258325 0.197992 0.123409
v -0.257611 0.219458 0.113821
v -0.257355 0.251541 0.087100
v -0.252242 0.276340 0.068678
v -0.269298 0.241709 0.047183
v -0.258386 0.273468 0.041459
v -0.258782 0.280685 -0.002527
v -0.243919 0.196858 0.153765
v -0.236069 0.240741 0.147746
v -0.230558 0.268913 0.136112
v -0.235836 0.288814 0.100091
v -0.236617 0.309480 0.060267
v -0.232121 0.324878 0.013317
v -0.211126 0.282209 0.156424
v -0.214517 0.307085 0.124200
v -0.220428 0.334877 0.048466
v -0.188224 0.314471 0.157761
v -0.186323 0.349614 0.110199
v -0.209284 0.334673 0.088432
v -0.203402 0.358998 0.024871
v -0.212091 0.351299 -0.005361
v -0.195196 0.359071 0.063356
v -0.170435 0.376640 0.079431
v -0.171083 0.384930 0.044768
v -0.187644 0.375266 -0.000020
v -0.138084 0.122664 0.269805
v -0.140175 0.171276 0.265925
v -0.078333 0.139548 0.295445
v -0.010763 0.141664 0.305997
v -0.144907 0.214746 0.254817
v -0.144099 0.325359 0.193583
v -0.133411 0.260073 0.246411
v -0.114582 0.206690 0.273515
v -0.130102 0.291037 0.230759
v -0.106938 0.323363 0.220572
v -0.117599 0.339337 0.199397
v -0.071791 0.257688 0.274669
v -0.084682 0.287556 0.255296
v -0.065099 0.193717 0.293978
v -0.087803 0.223574 0.280333
v -0.055824 0.317695 0.245167
v -0.075620 0.327824 0.230966
v -0.043653 0.208381 0.295798
v -0.068163 0.354694 0.209282
v -0.010779 0.231036 0.293381
v -0.045315 0.272124 0.274398
v -0.022178 0.308080 0.257248
v -0.032283 0.340518 0.231678
v -0.000006 0.198645 0.300843
v 0.005969 0.282726 0.273699
v -0.005940 0.346949 0.229390
v -0.109885 0.360118 0.181901
v -0.075610 0.376907 0.180249
v -0.044860 0.380981 0.186379
v -0.020497 0.369908 0.204316
v -0.165687 0.335910 0.160928
v -0.158391 0.368766 0.121101
v -0.138212 0.366055 0.150835
v -0.143592 0.400738 0.062777
v -0.158714 0.397481 0.017962
v -0.132953 0.395933 0.098810
v -0.133782 0.412346 0.022186
v -0.086421 0.392121 0.152953
v -0.108093 0.397331 0.125858
v -0.111760 0.418942 0.056615
v -0.100662 0.428439 0.012198
v -0.089980 0.420024 0.086574
v -0.086350 0.430451 0.044091
v -0.070893 0.418479 0.108388
v -0.066661 0.439596 -0.014573
v -0.041820 0.404833 0.151773
v -0.041492 0.424557 0.109233
v -0.033657 0.439202 0.065433
v -0.047178 0.441815 0.037674
v -0.042156 0.444380 -0.000020
v 0.005434 0.397943 0.169104
v -0.003355 0.419003 0.130643
v -0.000282 0.432592 0.095445
v -0.000172 0.444394 0.044669
v -0.000036 0.447355 -0.000020
v -0.204737 -0.333265 -0.103531
v -0.174189 -0.377125 -0.068657
v -0.169065 -0.369456 -0.101124
v -0.175428 -0.346204 -0.133908
v -0.276299 -0.230783 -0.012142
v -0.278555 -0.199982 -0.056046
v -0.268504 -0.244528 -0.046288
v -0.255738 -0.268923 -0.068213
v -0.258882 -0.247485 -0.087403
v -0.271183 -0.200163 -0.085967
v -0.252597 -0.210637 -0.130964
v -0.256786 -0.180109 -0.133114
v -0.244925 -0.299496 -0.045221
v -0.234903 -0.301825 -0.081921
v -0.236002 -0.274078 -0.119402
v -0.240760 -0.243041 -0.136812
v -0.241403 -0.202514 -0.156576
v -0.230095 -0.327490 -0.018766
v -0.219128 -0.329592 -0.071439
v -0.214974 -0.297696 -0.134597
v -0.223714 -0.263049 -0.153169
v -0.215013 -0.231455 -0.183712
v -0.218355 -0.201348 -0.190671
v -0.200729 -0.358055 -0.047413
v -0.196751 -0.322179 -0.135204
v -0.183251 -0.312856 -0.165809
v -0.198038 -0.277143 -0.178226
v -0.288234 -0.141011 -0.011574
v -0.288284 0.141403 -0.011227
v -0.285340 -0.139558 -0.043868
v -0.278537 -0.140336 -0.082146
v -0.269523 -0.140454 -0.109120
v -0.257951 -0.126588 -0.138026
v -0.247854 -0.139668 -0.158123
v -0.229027 -0.141275 -0.186042
v -0.194746 -0.247351 -0.201694
v -0.201184 -0.198658 -0.212293
v -0.166050 -0.302364 -0.194224
v -0.182336 -0.265427 -0.204828
v -0.171881 -0.231406 -0.229301
v -0.183665 -0.188156 -0.230880
v -0.157599 -0.210055 -0.247202
v -0.214279 -0.133674 -0.205567
v -0.198679 -0.138843 -0.222741
v -0.199651 0.138213 -0.221815
v -0.174406 -0.141115 -0.243845
v -0.178934 0.141213 -0.240136
v -0.162395 -0.393520 -0.032302
v -0.145083 -0.397776 -0.071879
v -0.146237 -0.369682 -0.135699
v -0.144592 -0.348493 -0.168022
v -0.127335 -0.416064 -0.019899
v -0.100500 -0.421755 -0.066318
v -0.122664 -0.394605 -0.116278
v -0.117598 -0.372438 -0.159588
v -0.098276 -0.428866 -0.021132
v -0.089765 -0.418249 -0.092385
v -0.094070 -0.395627 -0.141041
v -0.081521 -0.375796 -0.179153
v -0.065525 -0.439176 -0.024145
v -0.063906 -0.425722 -0.092757
v -0.064728 -0.410106 -0.131743
v -0.044606 -0.393689 -0.169379
v -0.042001 -0.441336 -0.046845
v -0.020974 -0.438636 -0.072021
v -0.037337 -0.424068 -0.111875
v 0.000172 -0.444394 -0.044708
v -0.000395 -0.429051 -0.106241
v -0.018531 -0.415883 -0.135639
v -0.147564 -0.325030 -0.190951
v -0.102251 -0.348823 -0.199583
v -0.056968 -0.357233 -0.210173
v -0.019463 -0.362775 -0.212719
v -0.132604 -0.257712 -0.248005
v -0.135161 -0.181526 -0.267702
v -0.123102 -0.315754 -0.217057
v -0.141905 -0.282369 -0.228279
v -0.125348 -0.216384 -0.265935
v -0.106832 -0.292318 -0.243015
v -0.078133 -0.305209 -0.246974
v -0.082205 -0.247631 -0.274877
v -0.080164 -0.200056 -0.288282
v -0.079657 -0.328651 -0.228921
v -0.063083 -0.270293 -0.271211
v -0.046224 -0.314945 -0.249567
v -0.043516 -0.244473 -0.285161
v -0.053027 -0.200023 -0.295731
v -0.017573 -0.328268 -0.243661
v -0.005969 -0.282726 -0.273739
v -0.010575 -0.231778 -0.293193
v 0.000007 -0.198645 -0.300883
v -0.148431 -0.141099 -0.263391
v -0.157023 0.111277 -0.257515
v -0.139501 0.124709 -0.269037
v -0.129981 -0.126090 -0.273939
v -0.102745 -0.140454 -0.286214
v -0.106398 0.112879 -0.284807
v -0.079431 -0.140235 -0.295170
v -0.041042 -0.141431 -0.302927
v -0.041414 0.139625 -0.302988
v -0.010789 -0.140630 -0.306113
v -0.285209 0.140911 -0.043978
v -0.277915 0.139803 -0.084550
v -0.261791 0.124741 -0.129402
v -0.261479 0.160212 -0.126669
v -0.248044 0.140780 -0.157612
v -0.219949 0.139665 -0.198533
v -0.277141 0.225978 -0.018298
v -0.279021 0.202460 -0.049072
v -0.274760 0.201484 -0.073127
v -0.263938 0.256631 -0.051165
v -0.256670 0.261415 -0.076971
v -0.262608 0.196913 -0.112499
v -0.254626 0.237883 -0.108244
v -0.245906 0.298031 -0.044203
v -0.231452 0.325131 -0.020778
v -0.234923 0.301457 -0.082597
v -0.236423 0.276862 -0.114606
v -0.244994 0.203308 -0.150185
v -0.239885 0.242997 -0.138496
v -0.225014 0.270663 -0.144795
v -0.218573 0.334662 -0.057230
v -0.215930 0.327901 -0.085222
v -0.213040 0.306539 -0.128117
v -0.217758 0.248326 -0.171734
v -0.209776 0.213558 -0.198079
v -0.201265 0.357522 -0.047605
v -0.185909 0.348982 -0.112493
v -0.194574 0.284314 -0.177282
v -0.185574 0.320744 -0.153911
v -0.164773 0.338223 -0.159073
v -0.171083 0.384930 -0.044808
v -0.169989 0.377032 -0.079444
v -0.216978 0.187799 -0.195682
v -0.187883 0.194560 -0.226239
v -0.183942 0.237179 -0.217209
v -0.178462 0.279684 -0.199498
v -0.160904 0.317818 -0.185376
v -0.129511 0.353325 -0.175619
v -0.146855 0.405444 -0.020602
v -0.143450 0.400889 -0.062467
v -0.153892 0.374043 -0.117004
v -0.143579 0.363547 -0.148596
v -0.129506 0.394778 -0.107253
v -0.104192 0.426535 -0.020840
v -0.100584 0.421741 -0.065900
v -0.089598 0.420050 -0.086917
v -0.108633 0.377758 -0.159134
v -0.085252 0.397983 -0.143519
v -0.075152 0.377078 -0.180285
v -0.044043 0.441359 -0.044605
v -0.066378 0.421905 -0.103323
v -0.023521 0.439418 -0.068143
v -0.042195 0.422521 -0.114483
v -0.020902 0.413408 -0.139989
v -0.000172 0.444394 -0.044708
v -0.000202 0.429165 -0.106267
v -0.030566 0.401200 -0.161482
v -0.147341 0.168135 -0.261910
v -0.117829 0.165362 -0.277965
v -0.077354 0.139675 -0.295788
v -0.010643 0.141813 -0.306110
v -0.145766 0.214505 -0.254463
v -0.134332 0.311300 -0.213543
v -0.143508 0.262749 -0.238257
v -0.124524 0.259020 -0.251579
v -0.122048 0.294542 -0.233203
v -0.110580 0.216521 -0.273015
v -0.105561 0.349320 -0.197275
v -0.093750 0.314467 -0.234033
v -0.081370 0.300342 -0.249372
v -0.071855 0.260038 -0.273757
v -0.072616 0.193764 -0.292008
v -0.065564 0.246845 -0.279959
v -0.058554 0.343757 -0.223260
v -0.042071 0.288109 -0.266456
v -0.046515 0.202824 -0.296190
v -0.023930 0.356214 -0.218883
v -0.023569 0.321078 -0.248713
v -0.018176 0.225901 -0.294266
v -0.017489 0.259677 -0.282893
v 0.000006 0.198645 -0.300883
v -0.044660 0.381648 -0.185611
v -0.000124 0.375201 -0.199344
v 0.018174 -0.368276 0.206500
v 0.020750 -0.393231 0.174581
v 0.066057 -0.378609 0.182558
v 0.105561 -0.349320 0.197236
v 0.011832 -0.230394 0.293478
v 0.002753 -0.323738 0.247900
v 0.046514 -0.202824 0.296150
v 0.042710 -0.252946 0.282498
v 0.041208 -0.302626 0.258577
v 0.030197 -0.345941 0.227078
v 0.071829 -0.258609 0.274317
v 0.058555 -0.343757 0.223220
v 0.072616 -0.193764 0.291968
v 0.081370 -0.300342 0.249333
v 0.110580 -0.216521 0.272975
v 0.093750 -0.314468 0.233994
v 0.135065 -0.180618 0.267817
v 0.124524 -0.259020 0.251539
v 0.122048 -0.294542 0.233163
v 0.134332 -0.311300 0.213504
v 0.145766 -0.214505 0.254424
v 0.143508 -0.262749 0.238217
v 0.178462 -0.279684 0.199458
v 0.160904 -0.317818 0.185336
v 0.010774 -0.140039 0.306113
v 0.039026 -0.140486 0.303237
v 0.078615 -0.140255 0.295333
v 0.069235 0.138223 0.297715
v 0.084819 0.140617 0.293284
v 0.104592 -0.141655 0.285298
v 0.119628 0.123996 0.279046
v 0.129886 -0.125920 0.273930
v 0.148434 -0.140991 0.263355
v 0.148888 0.139695 0.263168
v 0.187275 -0.139985 0.233251
v 0.176301 0.140191 0.242333
v 0.010280 -0.417355 0.133278
v 0.020196 -0.437320 0.078126
v 0.038301 -0.404781 0.152706
v 0.042195 -0.422521 0.114444
v 0.044043 -0.441359 0.044565
v 0.042156 -0.444380 -0.000020
v 0.066378 -0.421905 0.103283
v 0.095602 -0.427299 0.044974
v 0.067625 -0.438698 0.022064
v 0.102642 -0.428057 0.002902
v 0.108633 -0.377758 0.159094
v 0.085252 -0.397983 0.143480
v 0.089598 -0.420050 0.086878
v 0.129511 -0.353325 0.175579
v 0.129506 -0.394778 0.107213
v 0.110570 -0.417267 0.065464
v 0.133782 -0.412346 0.022186
v 0.153892 -0.374043 0.116964
v 0.143450 -0.400889 0.062427
v 0.143579 -0.363547 0.148556
v 0.169989 -0.377032 0.079404
v 0.171083 -0.384930 0.044768
v 0.158714 -0.397481 0.017962
v 0.164773 -0.338224 0.159033
v 0.187883 -0.194560 0.226200
v 0.183942 -0.237179 0.217170
v 0.217758 -0.248326 0.171695
v 0.209776 -0.213558 0.198039
v 0.216978 -0.187799 0.195643
v 0.209129 -0.138155 0.211705
v 0.226404 -0.140920 0.189611
v 0.185909 -0.348982 0.112454
v 0.200448 -0.362650 0.020901
v 0.208630 -0.347073 0.058275
v 0.185574 -0.320744 0.153871
v 0.194574 -0.284314 0.177242
v 0.213040 -0.306540 0.128077
v 0.215930 -0.327901 0.085182
v 0.225014 -0.270663 0.144755
v 0.236423 -0.276862 0.114566
v 0.225664 -0.333136 0.019605
v 0.244994 -0.203308 0.150145
v 0.239885 -0.242997 0.138456
v 0.254626 -0.237883 0.108204
v 0.234923 -0.301457 0.082557
v 0.256670 -0.261415 0.076932
v 0.239354 -0.308949 0.043233
v 0.255904 -0.277441 0.047289
v 0.247589 -0.301254 -0.000327
v 0.261479 -0.160212 0.126629
v 0.262608 -0.196914 0.112459
v 0.274759 -0.201484 0.073087
v 0.268817 -0.242967 0.047654
v 0.279021 -0.202459 0.049033
v 0.260380 -0.276683 -0.002285
v 0.276393 -0.230441 0.012030
v 0.283362 -0.198513 -0.000020
v 0.247360 -0.139838 0.158862
v 0.261724 -0.124579 0.129531
v 0.276224 -0.140402 0.090048
v 0.280357 -0.137804 0.073659
v 0.285335 -0.138845 0.043884
v 0.288236 -0.140847 0.011516
v 0.288282 0.141523 0.011209
v 0.010703 0.142999 0.305984
v 0.043573 0.140630 0.302574
v 0.117748 0.165543 0.277946
v 0.012365 0.231691 0.293004
v 0.017125 0.328600 0.243426
v 0.044312 0.357712 0.213593
v 0.053027 0.200022 0.295691
v 0.043516 0.244473 0.285122
v 0.046224 0.314945 0.249527
v 0.063083 0.270293 0.271171
v 0.080164 0.200056 0.288242
v 0.082205 0.247631 0.274838
v 0.078133 0.305209 0.246934
v 0.079657 0.328651 0.228882
v 0.106831 0.292318 0.242975
v 0.102251 0.348823 0.199543
v 0.125348 0.216384 0.265895
v 0.132604 0.257712 0.247965
v 0.123102 0.315754 0.217017
v 0.147564 0.325029 0.190911
v 0.146248 0.202238 0.257168
v 0.141905 0.282369 0.228239
v 0.182554 0.198282 0.230061
v 0.171881 0.231406 0.229262
v 0.182337 0.265427 0.204788
v 0.166050 0.302364 0.194185
v 0.011113 0.370957 0.203862
v 0.041607 0.385925 0.180457
v 0.081521 0.375796 0.179113
v 0.144592 0.348493 0.167982
v 0.175428 0.346204 0.133869
v 0.020740 0.413360 0.140072
v 0.037337 0.424068 0.111836
v 0.020870 0.439034 0.070481
v 0.042001 0.441336 0.046805
v 0.042013 0.444409 -0.000020
v 0.058021 0.401569 0.151423
v 0.066882 0.438830 0.023751
v 0.094070 0.395627 0.141001
v 0.067016 0.422152 0.102272
v 0.089765 0.418249 0.092345
v 0.122664 0.394605 0.116238
v 0.100499 0.421755 0.066278
v 0.103452 0.426819 0.021321
v 0.117598 0.372438 0.159548
v 0.131852 0.413386 0.022189
v 0.146237 0.369682 0.135659
v 0.145083 0.397776 0.071840
v 0.171840 0.371598 0.090870
v 0.169028 0.390625 0.017065
v 0.198776 0.138914 0.222598
v 0.214316 0.133738 0.205477
v 0.229027 0.141275 0.186003
v 0.212176 0.199116 0.199638
v 0.194746 0.247351 0.201654
v 0.215013 0.231455 0.183672
v 0.198038 0.277143 0.178186
v 0.248511 0.140531 0.156844
v 0.257948 0.126725 0.137982
v 0.256786 0.180109 0.133074
v 0.269523 0.140454 0.109080
v 0.278140 0.140903 0.083461
v 0.285216 0.141606 0.043842
v 0.183251 0.312856 0.165769
v 0.196751 0.322178 0.135164
v 0.223714 0.263049 0.153129
v 0.214974 0.297696 0.134557
v 0.194216 0.344730 0.103106
v 0.216139 0.325350 0.090600
v 0.234903 0.301825 0.081882
v 0.223196 0.331512 0.046509
v 0.233662 0.323481 -0.002850
v 0.212479 0.350842 0.005422
v 0.241403 0.202514 0.156537
v 0.252597 0.210637 0.130924
v 0.240760 0.243041 0.136773
v 0.236001 0.274078 0.119362
v 0.258882 0.247485 0.087363
v 0.255738 0.268923 0.068174
v 0.241845 0.303515 0.049461
v 0.257812 0.282639 0.006968
v 0.271183 0.200163 0.085927
v 0.268504 0.244528 0.046248
v 0.278555 0.199982 0.056006
v 0.275777 0.232619 0.012113
v 0.283312 0.198774 -0.000020
v 0.174848 0.381613 0.047313
v 0.200729 0.358055 0.047374
v 0.021812 -0.439360 -0.069266
v 0.002824 -0.402957 -0.161610
v 0.040944 -0.440595 -0.053438
v 0.041492 -0.424557 -0.109273
v 0.041820 -0.404833 -0.151812
v 0.066585 -0.378216 -0.182876
v 0.061870 -0.440372 -0.021462
v 0.086350 -0.430451 -0.044131
v 0.089980 -0.420024 -0.086613
v 0.070893 -0.418479 -0.108428
v 0.086421 -0.392121 -0.152993
v 0.108093 -0.397331 -0.125898
v 0.109885 -0.360119 -0.181941
v 0.146855 -0.405444 -0.020602
v 0.111760 -0.418942 -0.056655
v 0.143592 -0.400738 -0.062817
v 0.138212 -0.366056 -0.150875
v 0.132953 -0.395933 -0.098850
v 0.171083 -0.384930 -0.044808
v 0.170435 -0.376640 -0.079470
v 0.158391 -0.368766 -0.121141
v 0.144099 -0.325359 -0.193623
v 0.165687 -0.335910 -0.160968
v 0.025752 -0.377045 -0.195531
v 0.006103 -0.347424 -0.229002
v 0.068162 -0.354694 -0.209322
v 0.032283 -0.340518 -0.231718
v 0.022178 -0.308080 -0.257287
v 0.012506 -0.230780 -0.293326
v 0.043654 -0.208381 -0.295838
v 0.055824 -0.317695 -0.245207
v 0.045316 -0.272125 -0.274437
v 0.075619 -0.327824 -0.231005
v 0.084682 -0.287556 -0.255336
v 0.071791 -0.257688 -0.274709
v 0.087803 -0.223574 -0.280373
v 0.065099 -0.193717 -0.294018
v 0.117599 -0.339337 -0.199436
v 0.106938 -0.323363 -0.220611
v 0.130102 -0.291037 -0.230799
v 0.114582 -0.206690 -0.273554
v 0.133411 -0.260073 -0.246451
v 0.144907 -0.214746 -0.254856
v 0.140175 -0.171276 -0.265965
v 0.167558 -0.307625 -0.188260
v 0.180223 -0.279811 -0.197961
v 0.175266 -0.241761 -0.222786
v 0.010620 -0.141691 -0.306113
v 0.041467 -0.138910 -0.302983
v 0.078760 -0.139839 -0.295337
v 0.084813 0.140355 -0.293330
v 0.069339 0.137843 -0.297730
v 0.102961 -0.139834 -0.286129
v 0.138178 -0.122773 -0.269790
v 0.187183 -0.139891 -0.233367
v 0.176416 0.140043 -0.242281
v 0.157411 -0.141090 -0.256936
v 0.148875 0.139386 -0.263218
v 0.191854 -0.370583 -0.020846
v 0.195195 -0.359072 -0.063396
v 0.186323 -0.349614 -0.110239
v 0.215134 -0.347969 -0.007204
v 0.188224 -0.314471 -0.157801
v 0.218503 -0.340140 -0.034375
v 0.216557 -0.334935 -0.065056
v 0.208382 -0.324107 -0.111095
v 0.211126 -0.282208 -0.156464
v 0.206604 -0.251155 -0.184898
v 0.232989 -0.307680 -0.076615
v 0.235836 -0.288814 -0.100131
v 0.226167 -0.279753 -0.134480
v 0.236070 -0.240741 -0.147786
v 0.215342 -0.220361 -0.188279
v 0.246309 -0.297516 -0.043533
v 0.256182 -0.258879 -0.082723
v 0.257611 -0.219458 -0.113861
v 0.258325 -0.197992 -0.123449
v 0.243919 -0.196858 -0.153805
v 0.277179 -0.225826 -0.018445
v 0.263938 -0.256631 -0.051165
v 0.279026 -0.201708 -0.049815
v 0.274730 -0.201294 -0.073484
v 0.254232 -0.144380 -0.146004
v 0.227797 -0.142117 -0.187591
v 0.227889 0.140317 -0.187704
v 0.247858 0.139625 -0.158119
v 0.241936 -0.141209 -0.167186
v 0.278321 -0.138587 -0.083179
v 0.267739 -0.139844 -0.113820
v 0.269523 0.140454 -0.109120
v 0.288284 -0.141403 -0.011227
v 0.285315 -0.138910 -0.044051
v 0.186764 -0.197059 -0.226828
v 0.199813 -0.225020 -0.205623
v 0.217112 -0.188001 -0.195474
v 0.209106 -0.138063 -0.211774
v 0.149788 0.338223 -0.174985
v 0.165370 0.353325 -0.137542
v 0.174558 0.317818 -0.170876
v 0.020928 0.412301 -0.142158
v 0.020636 0.396119 -0.170307
v 0.041988 0.441359 -0.046788
v 0.020798 0.438698 -0.071828
v 0.042346 0.427270 -0.101642
v 0.058809 0.400889 -0.152343
v 0.061669 0.417266 -0.117429
v 0.072664 0.437675 -0.020639
v 0.097285 0.421905 -0.070503
v 0.081835 0.420050 -0.095160
v 0.074797 0.377032 -0.180524
v 0.107856 0.422508 -0.044747
v 0.100987 0.394778 -0.137537
v 0.110169 0.374043 -0.163431
v 0.125538 0.417351 -0.010888
v 0.143887 0.404745 -0.040693
v 0.135140 0.397983 -0.090545
v 0.139921 0.363547 -0.152480
v 0.164532 0.393162 -0.022009
v 0.149845 0.377758 -0.115372
v 0.010775 0.140466 -0.306115
v 0.041134 0.140740 -0.302920
v 0.122004 0.124579 -0.277933
v 0.119272 0.160212 -0.277673
v 0.012397 0.351425 -0.224925
v 0.020189 0.324225 -0.246408
v 0.041558 0.298102 -0.261108
v 0.016570 0.225051 -0.294651
v 0.002212 0.280567 -0.274860
v 0.048166 0.256631 -0.280284
v 0.046027 0.202465 -0.296329
v 0.054899 0.347073 -0.221555
v 0.080239 0.327901 -0.229306
v 0.077766 0.301457 -0.249474
v 0.072469 0.261415 -0.272566
v 0.068848 0.201484 -0.291775
v 0.105922 0.348982 -0.197428
v 0.107911 0.276862 -0.251067
v 0.101919 0.237883 -0.270396
v 0.105927 0.196913 -0.278871
v 0.144927 0.320744 -0.197073
v 0.120635 0.306539 -0.226237
v 0.141390 0.203348 -0.260175
v 0.136341 0.270663 -0.238952
v 0.161712 0.248326 -0.231247
v 0.130409 0.242997 -0.254743
v 0.166936 0.284314 -0.206629
v 0.042115 0.381246 -0.186715
v 0.278167 0.140348 -0.083412
v 0.257991 0.125920 -0.137940
v 0.288234 0.141011 -0.011574
v 0.285262 0.141431 -0.043600
v 0.185765 0.349320 -0.112110
v 0.201085 0.311300 -0.142662
v 0.187858 0.279684 -0.189520
v 0.217644 0.341406 -0.033324
v 0.210235 0.343757 -0.062196
v 0.220382 0.314467 -0.099569
v 0.204538 0.237179 -0.195340
v 0.234827 0.300342 -0.086423
v 0.219600 0.294542 -0.129617
v 0.224359 0.262749 -0.152404
v 0.245407 0.298855 -0.044523
v 0.258356 0.258609 -0.076292
v 0.257093 0.216521 -0.117439
v 0.236905 0.259020 -0.132247
v 0.252251 0.180674 -0.143389
v 0.239621 0.214505 -0.154802
v 0.276401 0.230394 -0.012583
v 0.266061 0.252945 -0.045372
v 0.274979 0.193764 -0.077128
v 0.278944 0.202833 -0.049240
v 0.194485 0.368270 -0.019350
v 0.171942 0.378609 -0.070163
v 0.184209 0.187777 -0.230474
v 0.213071 0.194548 -0.199491
v 0.198742 0.138730 -0.222685
v 0.214281 0.133555 -0.205564
v 0.186521 0.213558 -0.222772
vn -0.7698 -0.1488 0.6207
vn -0.7325 -0.2904 0.6157
vn -0.6747 -0.4308 0.5993
vn -0.6611 -0.2160 0.7185
vn -0.6536 -0.1266 0.7462
vn -0.5952 -0.3199 0.7372
vn -0.7816 -0.0557 0.6212
vn -0.8053 0.0491 0.5909
vn -0.7038 -0.0414 0.7092
vn -0.7452 0.0435 0.6654
vn -0.6253 -0.0488 0.7789
vn -0.6601 0.0488 0.7496
vn -0.7164 -0.6976 -0.0096
vn -0.6946 -0.6998 0.1667
vn -0.6702 -0.6590 0.3414
vn -0.6162 -0.7540 0.2277
vn -0.6329 -0.7709 0.0720
vn -0.9565 -0.1483 0.2511
vn -0.9747 -0.1705 0.1442
vn -0.9655 -0.2499 0.0728
vn -0.9897 -0.1428 -0.0033
vn -0.8872 -0.1149 0.4469
vn -0.9084 -0.2184 0.3565
vn -0.9015 -0.3585 0.2422
vn -0.9368 -0.2840 0.2045
vn -0.9325 -0.3540 0.0718
vn -0.9023 -0.4307 -0.0177
vn -0.8412 -0.2119 0.4975
vn -0.8488 -0.3506 0.3958
vn -0.8294 -0.4902 0.2678
vn -0.8636 -0.4861 0.1342
vn -0.8165 -0.5753 0.0482
vn -0.7865 -0.3695 0.4949
vn -0.7834 -0.4725 0.4038
vn -0.7638 -0.5646 0.3129
vn -0.7613 -0.6255 0.1708
vn -0.7104 -0.5384 0.4534
vn -0.6291 -0.5583 0.5408
vn -0.9685 -0.0433 0.2452
vn -0.9909 -0.0454 0.1265
vn -0.9898 0.0451 0.1350
vn -0.9979 -0.0478 0.0446
vn -0.8927 -0.0183 0.4504
vn -0.8950 0.0130 0.4458
vn -0.9354 -0.0479 0.3503
vn -0.9343 0.0471 0.3534
vn -0.8544 -0.0693 0.5150
vn -0.8318 -0.0127 0.5550
vn -0.3827 -0.6702 0.6359
vn -0.2175 -0.7068 0.6731
vn -0.2760 -0.7652 0.5816
vn -0.1533 -0.7771 0.6105
vn -0.0506 -0.6899 0.7221
vn -0.0568 -0.8167 0.5743
vn -0.5191 -0.1801 0.8355
vn -0.4987 -0.4123 0.7624
vn -0.5217 -0.5683 0.6364
vn -0.5909 -0.4532 0.6674
vn -0.4393 -0.0634 0.8961
vn -0.4729 -0.3030 0.8274
vn -0.3899 -0.1627 0.9064
vn -0.3827 -0.4290 0.8182
vn -0.4370 -0.5337 0.7240
vn -0.3679 -0.2888 0.8838
vn -0.2678 -0.1789 0.9467
vn -0.2713 -0.3715 0.8879
vn -0.2827 -0.5142 0.8097
vn -0.2930 -0.6089 0.7371
vn -0.1511 -0.1742 0.9730
vn -0.1524 -0.4343 0.8878
vn -0.1603 -0.3171 0.9348
vn -0.1422 -0.5454 0.8260
vn -0.1663 -0.6300 0.7586
vn -0.0551 -0.2932 0.9545
vn -0.0014 -0.1512 0.9885
vn -0.0002 -0.4508 0.8926
vn -0.5453 -0.0475 0.8369
vn -0.5828 0.0463 0.8113
vn -0.3378 -0.0462 0.9401
vn -0.3931 0.0525 0.9180
vn -0.2347 -0.0449 0.9710
vn -0.1468 -0.0486 0.9880
vn -0.1402 0.0465 0.9890
vn -0.0527 -0.0498 0.9974
vn -0.4946 -0.7189 0.4885
vn -0.5992 -0.6696 0.4388
vn -0.5341 -0.7612 0.3680
vn -0.5271 -0.8373 0.1452
vn -0.5751 -0.8181 -0.0035
vn -0.4771 -0.8299 0.2891
vn -0.4686 -0.8807 0.0694
vn -0.4014 -0.7511 0.5242
vn -0.3555 -0.9113 0.2077
vn -0.3686 -0.9272 0.0662
vn -0.3659 -0.8248 0.4310
vn -0.3026 -0.9061 0.2958
vn -0.2097 -0.8496 0.4840
vn -0.2161 -0.9155 0.3392
vn -0.2372 -0.9682 0.0791
vn -0.1506 -0.9758 0.1582
vn -0.1250 -0.9922 -0.0009
vn -0.0770 -0.8863 0.4566
vn -0.0704 -0.9322 0.3550
vn -0.0735 -0.9675 0.2419
vn 0.0030 -0.9927 0.1202
vn 0.0009 -1.0000 -0.0008
vn -0.5312 -0.6382 0.5572
vn -0.7773 0.1610 0.6082
vn -0.7357 0.2993 0.6075
vn -0.6682 0.1620 0.7261
vn -0.6229 0.3042 0.7207
vn -0.6398 0.4336 0.6345
vn -0.5884 0.5214 0.6180
vn -0.9653 0.0467 0.2569
vn -0.9978 0.0453 0.0489
vn -0.8443 0.0484 0.5337
vn -0.8917 0.0822 0.4450
vn -0.9563 0.1668 0.2400
vn -0.9772 0.1614 0.1377
vn -0.9621 0.2692 0.0442
vn -0.9900 0.1411 0.0017
vn -0.9136 0.1537 0.3765
vn -0.9051 0.2371 0.3528
vn -0.9047 0.3218 0.2791
vn -0.8871 0.4075 0.2167
vn -0.9433 0.2986 0.1451
vn -0.9084 0.4015 0.1166
vn -0.9058 0.4236 -0.0031
vn -0.8530 0.1639 0.4955
vn -0.8340 0.2941 0.4668
vn -0.8189 0.3893 0.4216
vn -0.8337 0.4520 0.3173
vn -0.8320 0.5226 0.1862
vn -0.8251 0.5630 0.0467
vn -0.7462 0.4320 0.5065
vn -0.7575 0.5281 0.3838
vn -0.7730 0.6163 0.1506
vn -0.6764 0.5488 0.4912
vn -0.6658 0.6575 0.3528
vn -0.7448 0.6059 0.2796
vn -0.7161 0.6924 0.0885
vn -0.7486 0.6626 -0.0239
vn -0.6926 0.6927 0.2013
vn -0.6099 0.7506 0.2544
vn -0.6169 0.7749 0.1378
vn -0.6559 0.7548 -0.0069
vn -0.4867 0.0167 0.8734
vn -0.5120 0.1044 0.8526
vn -0.2795 0.0503 0.9588
vn -0.0522 0.0495 0.9974
vn -0.5347 0.2181 0.8164
vn -0.5159 0.5878 0.6232
vn -0.4806 0.3646 0.7976
vn -0.4088 0.1967 0.8912
vn -0.4749 0.4822 0.7362
vn -0.3847 0.5865 0.7127
vn -0.4188 0.6453 0.6389
vn -0.2734 0.3526 0.8950
vn -0.3172 0.4712 0.8230
vn -0.2576 0.1410 0.9559
vn -0.3292 0.2550 0.9092
vn -0.2016 0.5682 0.7978
vn -0.2785 0.6070 0.7443
vn -0.1570 0.2021 0.9667
vn -0.2480 0.6924 0.6775
vn -0.0558 0.2910 0.9551
vn -0.1519 0.4157 0.8968
vn -0.0796 0.5412 0.8371
vn -0.1335 0.6495 0.7486
vn 0.0044 0.1508 0.9886
vn 0.0267 0.4497 0.8928
vn -0.0188 0.6686 0.7434
vn -0.3969 0.7062 0.5862
vn -0.2732 0.7642 0.5843
vn -0.1563 0.7849 0.5996
vn -0.0828 0.7514 0.6547
vn -0.5912 0.6296 0.5041
vn -0.5660 0.7298 0.3835
vn -0.4911 0.7239 0.4846
vn -0.5149 0.8342 0.1973
vn -0.5715 0.8188 0.0537
vn -0.4767 0.8202 0.3162
vn -0.4721 0.8792 0.0644
vn -0.3091 0.8148 0.4904
vn -0.3929 0.8280 0.4002
vn -0.4025 0.8977 0.1789
vn -0.3610 0.9318 0.0384
vn -0.3165 0.9084 0.2732
vn -0.2947 0.9455 0.1387
vn -0.2499 0.9027 0.3503
vn -0.2509 0.9669 -0.0461
vn -0.1492 0.8600 0.4880
vn -0.1483 0.9260 0.3473
vn -0.1267 0.9674 0.2193
vn -0.1759 0.9779 0.1131
vn -0.1279 0.9918 0.0026
vn 0.0147 0.8365 0.5478
vn -0.0189 0.9087 0.4169
vn -0.0039 0.9507 0.3101
vn -0.0017 0.9922 0.1245
vn 0.0006 1.0000 -0.0006
vn -0.7243 -0.6108 -0.3198
vn -0.6326 -0.7438 -0.2157
vn -0.6095 -0.7268 -0.3168
vn -0.6254 -0.6538 -0.4260
vn -0.9626 -0.2666 -0.0485
vn -0.9727 -0.1656 -0.1628
vn -0.9416 -0.3053 -0.1419
vn -0.8973 -0.3909 -0.2052
vn -0.9108 -0.3034 -0.2800
vn -0.9450 -0.1715 -0.2784
vn -0.8980 -0.2042 -0.3898
vn -0.9090 -0.1099 -0.4021
vn -0.8606 -0.4907 -0.1361
vn -0.8262 -0.4967 -0.2659
vn -0.8364 -0.4121 -0.3614
vn -0.8551 -0.2930 -0.4277
vn -0.8456 -0.1749 -0.5044
vn -0.8104 -0.5821 -0.0656
vn -0.7717 -0.5985 -0.2153
vn -0.7619 -0.4911 -0.4223
vn -0.7864 -0.3706 -0.4942
vn -0.7770 -0.2664 -0.5703
vn -0.7870 -0.1617 -0.5953
vn -0.7085 -0.6888 -0.1536
vn -0.6996 -0.5717 -0.4286
vn -0.6573 -0.5406 -0.5250
vn -0.7125 -0.4301 -0.5545
vn -0.9978 -0.0465 -0.0478
vn -0.9978 0.0468 -0.0462
vn -0.9908 -0.0430 -0.1286
vn -0.9675 -0.0450 -0.2489
vn -0.9370 -0.0469 -0.3462
vn -0.9115 -0.0198 -0.4109
vn -0.8643 -0.0474 -0.5007
vn -0.8059 -0.0527 -0.5897
vn -0.7059 -0.3078 -0.6379
vn -0.7192 -0.1648 -0.6750
vn -0.5949 -0.5056 -0.6248
vn -0.6403 -0.3950 -0.6588
vn -0.6136 -0.2685 -0.7426
vn -0.6462 -0.1395 -0.7503
vn -0.5769 -0.1976 -0.7925
vn -0.7687 -0.0371 -0.6385
vn -0.7083 -0.0448 -0.7044
vn -0.7102 0.0418 -0.7028
vn -0.6256 -0.0487 -0.7787
vn -0.6344 0.0462 -0.7717
vn -0.5841 -0.8054 -0.1006
vn -0.5104 -0.8292 -0.2278
vn -0.5261 -0.7353 -0.4274
vn -0.5198 -0.6631 -0.5386
vn -0.4588 -0.8860 -0.0668
vn -0.3620 -0.9098 -0.2029
vn -0.4432 -0.8194 -0.3635
vn -0.4210 -0.7453 -0.5170
vn -0.3527 -0.9336 -0.0630
vn -0.3272 -0.8947 -0.3041
vn -0.3353 -0.8255 -0.4541
vn -0.2909 -0.7632 -0.5769
vn -0.2458 -0.9661 -0.0795
vn -0.2221 -0.9320 -0.2865
vn -0.2316 -0.8742 -0.4269
vn -0.1570 -0.8198 -0.5507
vn -0.1534 -0.9769 -0.1490
vn -0.0787 -0.9676 -0.2401
vn -0.1340 -0.9251 -0.3554
vn -0.0002 -0.9930 -0.1183
vn 0.0069 -0.9370 -0.3494
vn -0.0645 -0.8971 -0.4370
vn -0.5248 -0.5910 -0.6126
vn -0.3723 -0.6709 -0.6413
vn -0.2049 -0.7022 -0.6818
vn -0.0813 -0.7303 -0.6783
vn -0.4800 -0.3545 -0.8024
vn -0.4876 -0.1217 -0.8645
vn -0.4425 -0.5634 -0.6977
vn -0.5228 -0.4495 -0.7243
vn -0.4484 -0.2308 -0.8635
vn -0.3833 -0.4792 -0.7896
vn -0.2910 -0.5220 -0.8018
vn -0.3130 -0.3229 -0.8932
vn -0.3113 -0.1785 -0.9334
vn -0.2902 -0.6156 -0.7327
vn -0.2248 -0.4183 -0.8801
vn -0.1625 -0.5642 -0.8095
vn -0.1596 -0.3196 -0.9340
vn -0.1816 -0.1746 -0.9677
vn -0.0692 -0.6060 -0.7925
vn -0.0265 -0.4496 -0.8928
vn -0.0541 -0.2855 -0.9568
vn -0.0032 -0.1508 -0.9886
vn -0.5432 -0.0496 -0.8381
vn -0.5855 0.0102 -0.8106
vn -0.4955 0.0231 -0.8683
vn -0.4523 -0.0203 -0.8916
vn -0.3878 -0.0519 -0.9203
vn -0.3928 0.0111 -0.9196
vn -0.2827 -0.0468 -0.9581
vn -0.1463 -0.0479 -0.9881
vn -0.1460 0.0468 -0.9882
vn -0.0541 -0.0481 -0.9974
vn -0.9902 0.0458 -0.1322
vn -0.9650 0.0439 -0.2585
vn -0.9213 0.0146 -0.3885
vn -0.9204 0.0816 -0.3825
vn -0.8647 0.0473 -0.5001
vn -0.7908 0.0463 -0.6103
vn -0.9642 0.2568 -0.0664
vn -0.9759 0.1677 -0.1399
vn -0.9563 0.1716 -0.2368
vn -0.9293 0.3382 -0.1483
vn -0.9011 0.3582 -0.2445
vn -0.9238 0.1584 -0.3486
vn -0.9009 0.2779 -0.3333
vn -0.8628 0.4860 -0.1395
vn -0.8184 0.5704 -0.0703
vn -0.8295 0.4959 -0.2571
vn -0.8402 0.4152 -0.3489
vn -0.8609 0.1738 -0.4781
vn -0.8524 0.2939 -0.4324
vn -0.7910 0.4035 -0.4599
vn -0.7774 0.6043 -0.1746
vn -0.7582 0.5946 -0.2674
vn -0.7516 0.5223 -0.4028
vn -0.7712 0.3154 -0.5530
vn -0.7563 0.2145 -0.6181
vn -0.7085 0.6884 -0.1555
vn -0.6645 0.6597 -0.3509
vn -0.7020 0.4497 -0.5523
vn -0.6687 0.5622 -0.4866
vn -0.5890 0.6355 -0.4992
vn -0.6173 0.7755 -0.1324
vn -0.6137 0.7476 -0.2539
vn -0.7829 0.1239 -0.6097
vn -0.6676 0.1503 -0.7292
vn -0.6569 0.2921 -0.6951
vn -0.6376 0.4317 -0.6380
vn -0.5760 0.5608 -0.5948
vn -0.4693 0.6752 -0.5690
vn -0.5188 0.8525 -0.0637
vn -0.5046 0.8403 -0.1980
vn -0.5511 0.7449 -0.3760
vn -0.5181 0.7182 -0.4645
vn -0.4551 0.8216 -0.3433
vn -0.3829 0.9209 -0.0735
vn -0.3593 0.9118 -0.1987
vn -0.3183 0.9050 -0.2823
vn -0.3969 0.7665 -0.5050
vn -0.3026 0.8379 -0.4542
vn -0.2703 0.7631 -0.5871
vn -0.1648 0.9758 -0.1437
vn -0.2368 0.9142 -0.3288
vn -0.0895 0.9690 -0.2303
vn -0.1461 0.9166 -0.3720
vn -0.0617 0.8934 -0.4449
vn 0.0001 0.9928 -0.1201
vn -0.0012 0.9386 -0.3450
vn -0.1122 0.8477 -0.5184
vn -0.5394 0.1017 -0.8359
vn -0.4177 0.0937 -0.9038
vn -0.2821 0.0451 -0.9583
vn -0.0512 0.0511 -0.9974
vn -0.5342 0.2158 -0.8174
vn -0.4882 0.5467 -0.6803
vn -0.5354 0.3768 -0.7559
vn -0.4334 0.3616 -0.8255
vn -0.4399 0.4842 -0.7563
vn -0.3988 0.2259 -0.8888
vn -0.3725 0.6697 -0.6424
vn -0.3435 0.5770 -0.7410
vn -0.2893 0.5094 -0.8104
vn -0.2703 0.3727 -0.8877
vn -0.2772 0.1566 -0.9480
vn -0.2283 0.2984 -0.9267
vn -0.2221 0.6573 -0.7201
vn -0.1525 0.4756 -0.8663
vn -0.1621 0.1799 -0.9702
vn -0.0956 0.7024 -0.7054
vn -0.0909 0.5807 -0.8090
vn -0.0758 0.2674 -0.9606
vn -0.0730 0.3635 -0.9287
vn -0.0008 0.1488 -0.9889
vn -0.1644 0.7795 -0.6045
vn 0.0002 0.7725 -0.6350
vn 0.0734 -0.7418 0.6666
vn 0.0737 -0.8219 0.5648
vn 0.2373 -0.7675 0.5955
vn 0.3717 -0.6712 0.6414
vn 0.0573 -0.2834 0.9573
vn 0.0106 -0.5937 0.8046
vn 0.1615 -0.1837 0.9696
vn 0.1496 -0.3486 0.9252
vn 0.1492 -0.5217 0.8400
vn 0.1116 -0.6608 0.7422
vn 0.2715 -0.3613 0.8921
vn 0.2194 -0.6599 0.7186
vn 0.2767 -0.1594 0.9476
vn 0.2941 -0.5067 0.8104
vn 0.3928 -0.2275 0.8910
vn 0.3435 -0.5770 0.7410
vn 0.4918 -0.1194 0.8625
vn 0.4333 -0.3617 0.8255
vn 0.4399 -0.4842 0.7563
vn 0.4882 -0.5467 0.6803
vn 0.5406 -0.2173 0.8127
vn 0.5354 -0.3768 0.7559
vn 0.6376 -0.4317 0.6380
vn 0.5760 -0.5608 0.5948
vn 0.0529 -0.0477 0.9975
vn 0.1430 -0.0483 0.9885
vn 0.2788 -0.0454 0.9593
vn 0.2327 0.0429 0.9716
vn 0.3232 0.0508 0.9449
vn 0.3889 -0.0528 0.9198
vn 0.4275 0.0157 0.9039
vn 0.4528 -0.0190 0.8914
vn 0.5486 -0.0485 0.8347
vn 0.5429 0.0482 0.8384
vn 0.6553 -0.0482 0.7539
vn 0.6315 0.0486 0.7739
vn 0.0339 -0.9038 0.4267
vn 0.0773 -0.9625 0.2602
vn 0.1449 -0.8606 0.4882
vn 0.1423 -0.9176 0.3711
vn 0.1577 -0.9764 0.1474
vn 0.1242 -0.9923 0.0009
vn 0.2412 -0.9146 0.3247
vn 0.3394 -0.9291 0.1468
vn 0.2508 -0.9654 0.0712
vn 0.3747 -0.9271 0.0007
vn 0.3932 -0.7667 0.5076
vn 0.3069 -0.8367 0.4536
vn 0.3211 -0.9060 0.2760
vn 0.4693 -0.6752 0.5690
vn 0.4553 -0.8210 0.3444
vn 0.4073 -0.8895 0.2069
vn 0.4702 -0.8797 0.0711
vn 0.5511 -0.7449 0.3760
vn 0.5090 -0.8380 0.1966
vn 0.5181 -0.7182 0.4645
vn 0.6132 -0.7487 0.2517
vn 0.6190 -0.7728 0.1403
vn 0.5774 -0.8149 0.0508
vn 0.5890 -0.6355 0.4992
vn 0.6642 -0.1480 0.7327
vn 0.6569 -0.2921 0.6951
vn 0.7712 -0.3154 0.5530
vn 0.7563 -0.2145 0.6181
vn 0.7828 -0.1253 0.6096
vn 0.7449 -0.0414 0.6659
vn 0.8087 -0.0477 0.5862
vn 0.6632 -0.6594 0.3540
vn 0.6959 -0.7150 0.0669
vn 0.7348 -0.6519 0.1876
vn 0.6687 -0.5622 0.4866
vn 0.7020 -0.4497 0.5523
vn 0.7516 -0.5223 0.4028
vn 0.7622 -0.5884 0.2699
vn 0.7910 -0.4035 0.4599
vn 0.8402 -0.4152 0.3489
vn 0.8019 -0.5938 0.0667
vn 0.8613 -0.1747 0.4772
vn 0.8524 -0.2939 0.4324
vn 0.9009 -0.2779 0.3333
vn 0.8283 -0.4987 0.2554
vn 0.9020 -0.3557 0.2447
vn 0.8404 -0.5248 0.1352
vn 0.8994 -0.4154 0.1363
vn 0.8611 -0.5084 -0.0005
vn 0.9191 -0.0824 0.3853
vn 0.9235 -0.1592 0.3491
vn 0.9563 -0.1710 0.2373
vn 0.9429 -0.3001 0.1442
vn 0.9771 -0.1645 0.1353
vn 0.9166 -0.3998 -0.0051
vn 0.9615 -0.2711 0.0453
vn 0.9900 -0.1412 0.0011
vn 0.8643 -0.0473 0.5007
vn 0.9195 -0.0147 0.3928
vn 0.9555 -0.0477 0.2910
vn 0.9780 -0.0406 0.2046
vn 0.9907 -0.0449 0.1286
vn 0.9978 -0.0463 0.0479
vn 0.9978 0.0470 0.0461
vn 0.0525 0.0517 0.9973
vn 0.1448 0.0473 0.9883
vn 0.4244 0.0980 0.9002
vn 0.0621 0.2845 0.9567
vn 0.0621 0.6088 0.7909
vn 0.1709 0.7019 0.6915
vn 0.1826 0.1743 0.9676
vn 0.1599 0.3200 0.9338
vn 0.1635 0.5602 0.8121
vn 0.2248 0.4183 0.8801
vn 0.3077 0.1797 0.9344
vn 0.3130 0.3229 0.8932
vn 0.2910 0.5220 0.8018
vn 0.2912 0.6181 0.7302
vn 0.3833 0.4792 0.7896
vn 0.3676 0.6723 0.6426
vn 0.4476 0.2273 0.8649
vn 0.4804 0.3536 0.8026
vn 0.4425 0.5634 0.6977
vn 0.5248 0.5910 0.6126
vn 0.5423 0.1732 0.8222
vn 0.5228 0.4495 0.7243
vn 0.6557 0.1594 0.7380
vn 0.6147 0.2708 0.7408
vn 0.6403 0.3950 0.6588
vn 0.5949 0.5056 0.6248
vn 0.0469 0.7515 0.6581
vn 0.1506 0.7972 0.5847
vn 0.2920 0.7578 0.5835
vn 0.5198 0.6631 0.5386
vn 0.6233 0.6557 0.4260
vn 0.0861 0.8879 0.4519
vn 0.1288 0.9245 0.3588
vn 0.0777 0.9687 0.2357
vn 0.1554 0.9763 0.1507
vn 0.1287 0.9917 -0.0010
vn 0.2045 0.8509 0.4838
vn 0.2501 0.9648 0.0811
vn 0.3362 0.8275 0.4497
vn 0.2344 0.9167 0.3236
vn 0.3299 0.8958 0.2978
vn 0.4444 0.8189 0.3632
vn 0.3594 0.9106 0.2039
vn 0.3697 0.9270 0.0635
vn 0.4210 0.7453 0.5170
vn 0.4795 0.8743 0.0754
vn 0.5286 0.7355 0.4237
vn 0.5135 0.8278 0.2260
vn 0.6137 0.7343 0.2902
vn 0.5992 0.7989 0.0527
vn 0.7083 0.0476 0.7043
vn 0.7692 0.0347 0.6380
vn 0.8077 0.0517 0.5873
vn 0.7590 0.1605 0.6309
vn 0.7053 0.3065 0.6393
vn 0.7789 0.2663 0.5677
vn 0.7125 0.4301 0.5545
vn 0.8665 0.0490 0.4968
vn 0.9120 0.0193 0.4098
vn 0.9091 0.1103 0.4016
vn 0.9365 0.0469 0.3475
vn 0.9670 0.0458 0.2506
vn 0.9906 0.0451 0.1290
vn 0.6573 0.5406 0.5250
vn 0.7028 0.5727 0.4219
vn 0.7863 0.3706 0.4942
vn 0.7612 0.4920 0.4224
vn 0.6902 0.6503 0.3174
vn 0.7631 0.5811 0.2828
vn 0.8269 0.4967 0.2635
vn 0.7891 0.5968 0.1450
vn 0.8238 0.5668 -0.0087
vn 0.7463 0.6652 0.0243
vn 0.8445 0.1748 0.5062
vn 0.8980 0.2042 0.3898
vn 0.8551 0.2930 0.4277
vn 0.8364 0.4121 0.3614
vn 0.9108 0.3034 0.2800
vn 0.8969 0.3917 0.2051
vn 0.8505 0.5056 0.1451
vn 0.9034 0.4283 0.0199
vn 0.9450 0.1716 0.2784
vn 0.9419 0.3037 0.1432
vn 0.9726 0.1659 0.1627
vn 0.9608 0.2725 0.0510
vn 0.9896 0.1441 0.0025
vn 0.6238 0.7663 0.1539
vn 0.7098 0.6872 0.1548
vn 0.0743 -0.9687 -0.2370
vn 0.0110 -0.8526 -0.5225
vn 0.1546 -0.9735 -0.1683
vn 0.1435 -0.9251 -0.3516
vn 0.1478 -0.8634 -0.4824
vn 0.2385 -0.7698 -0.5920
vn 0.2274 -0.9715 -0.0675
vn 0.3100 -0.9405 -0.1393
vn 0.3164 -0.9082 -0.2739
vn 0.2491 -0.9035 -0.3486
vn 0.3113 -0.8139 -0.4905
vn 0.3929 -0.8280 -0.4002
vn 0.3947 -0.7076 -0.5861
vn 0.5250 -0.8492 -0.0564
vn 0.4030 -0.8990 -0.1713
vn 0.5142 -0.8341 -0.1998
vn 0.4911 -0.7239 -0.4846
vn 0.4767 -0.8202 -0.3162
vn 0.6149 -0.7768 -0.1357
vn 0.6099 -0.7506 -0.2544
vn 0.5660 -0.7298 -0.3835
vn 0.5159 -0.5878 -0.6232
vn 0.5912 -0.6296 -0.5041
vn 0.0901 -0.7704 -0.6312
vn 0.0277 -0.6709 -0.7410
vn 0.2474 -0.6928 -0.6773
vn 0.1323 -0.6515 -0.7470
vn 0.0793 -0.5415 -0.8370
vn 0.0635 -0.2909 -0.9547
vn 0.1575 -0.2019 -0.9667
vn 0.2016 -0.5682 -0.7978
vn 0.1517 -0.4157 -0.8968
vn 0.2785 -0.6070 -0.7443
vn 0.3172 -0.4712 -0.8230
vn 0.2734 -0.3525 -0.8950
vn 0.3292 -0.2550 -0.9092
vn 0.2575 -0.1415 -0.9559
vn 0.4188 -0.6453 -0.6389
vn 0.3847 -0.5865 -0.7127
vn 0.4749 -0.4822 -0.7362
vn 0.4089 -0.1968 -0.8911
vn 0.4806 -0.3646 -0.7976
vn 0.5344 -0.2185 -0.8165
vn 0.5106 -0.1034 -0.8536
vn 0.5884 -0.5214 -0.6180
vn 0.6398 -0.4313 -0.6361
vn 0.6226 -0.3087 -0.7190
vn 0.0518 -0.0511 -0.9973
vn 0.1442 -0.0456 -0.9885
vn 0.2799 -0.0513 -0.9587
vn 0.3241 0.0500 -0.9447
vn 0.2269 0.0424 -0.9730
vn 0.3881 -0.0529 -0.9201
vn 0.4878 -0.0175 -0.8728
vn 0.6583 -0.0478 -0.7513
vn 0.6300 0.0477 -0.7751
vn 0.5823 -0.0474 -0.8116
vn 0.5447 0.0488 -0.8372
vn 0.6716 -0.7378 -0.0686
vn 0.6951 -0.6900 -0.2020
vn 0.6659 -0.6601 -0.3476
vn 0.7657 -0.6424 -0.0310
vn 0.6799 -0.5470 -0.4884
vn 0.7785 -0.6174 -0.1131
vn 0.7624 -0.6143 -0.2035
vn 0.7385 -0.5750 -0.3521
vn 0.7447 -0.4415 -0.5005
vn 0.7407 -0.3398 -0.5795
vn 0.8221 -0.5174 -0.2376
vn 0.8361 -0.4455 -0.3203
vn 0.8025 -0.4275 -0.4161
vn 0.8374 -0.2974 -0.4585
vn 0.7835 -0.2243 -0.5795
vn 0.8632 -0.4873 -0.1323
vn 0.8985 -0.3482 -0.2672
vn 0.9052 -0.2406 -0.3503
vn 0.9133 -0.1514 -0.3782
vn 0.8566 -0.1588 -0.4909
vn 0.9646 -0.2547 -0.0679
vn 0.9279 -0.3408 -0.1509
vn 0.9761 -0.1658 -0.1403
vn 0.9563 -0.1698 -0.2380
vn 0.8938 -0.0516 -0.4455
vn 0.8090 -0.0476 -0.5858
vn 0.8065 0.0519 -0.5889
vn 0.8632 0.0478 -0.5026
vn 0.8429 -0.0466 -0.5360
vn 0.9663 -0.0458 -0.2533
vn 0.9354 -0.0470 -0.3504
vn 0.9360 0.0495 -0.3485
vn 0.9978 -0.0473 -0.0455
vn 0.9904 -0.0439 -0.1314
vn 0.6629 -0.1544 -0.7326
vn 0.7127 -0.2480 -0.6562
vn 0.7787 -0.1290 -0.6140
vn 0.7459 -0.0414 -0.6647
vn 0.5312 0.6382 -0.5572
vn 0.5992 0.6696 -0.4388
vn 0.6291 0.5583 -0.5408
vn 0.0710 0.8898 -0.4508
vn 0.0638 0.8337 -0.5485
vn 0.1564 0.9764 -0.1488
vn 0.0754 0.9687 -0.2365
vn 0.1546 0.9341 -0.3218
vn 0.2117 0.8478 -0.4863
vn 0.2213 0.8949 -0.3875
vn 0.2724 0.9597 -0.0688
vn 0.3426 0.9119 -0.2258
vn 0.2943 0.9066 -0.3023
vn 0.2736 0.7622 -0.5866
vn 0.3897 0.9112 -0.1335
vn 0.3672 0.8241 -0.4313
vn 0.4014 0.7511 -0.5242
vn 0.4471 0.8939 -0.0310
vn 0.5113 0.8487 -0.1354
vn 0.4777 0.8302 -0.2873
vn 0.4946 0.7189 -0.4885
vn 0.5873 0.8064 -0.0684
vn 0.5341 0.7612 -0.3680
vn 0.0538 0.0476 -0.9974
vn 0.1425 0.0503 -0.9885
vn 0.4315 0.0156 -0.9020
vn 0.4246 0.0863 -0.9013
vn 0.0502 0.6858 -0.7261
vn 0.0784 0.5885 -0.8047
vn 0.1546 0.5100 -0.8462
vn 0.0680 0.2696 -0.9606
vn 0.0130 0.4462 -0.8949
vn 0.1646 0.3548 -0.9203
vn 0.1546 0.1771 -0.9720
vn 0.2019 0.6698 -0.7145
vn 0.2905 0.6041 -0.7420
vn 0.2786 0.5186 -0.8084
vn 0.2712 0.3744 -0.8867
vn 0.2635 0.1813 -0.9475
vn 0.3815 0.6710 -0.6358
vn 0.3827 0.4290 -0.8182
vn 0.3679 0.2888 -0.8838
vn 0.3866 0.1658 -0.9072
vn 0.5217 0.5683 -0.6364
vn 0.4370 0.5337 -0.7240
vn 0.5198 0.1799 -0.8351
vn 0.4987 0.4123 -0.7624
vn 0.5952 0.3199 -0.7372
vn 0.4729 0.3030 -0.8274
vn 0.5909 0.4532 -0.6674
vn 0.1523 0.7760 -0.6121
vn 0.9674 0.0440 -0.2492
vn 0.9122 0.0194 -0.4093
vn 0.9978 0.0459 -0.0482
vn 0.9904 0.0460 -0.1300
vn 0.6683 0.6596 -0.3440
vn 0.7104 0.5384 -0.4534
vn 0.6747 0.4308 -0.5993
vn 0.7736 0.6241 -0.1102
vn 0.7409 0.6407 -0.2015
vn 0.7651 0.5614 -0.3154
vn 0.7325 0.2904 -0.6157
vn 0.8299 0.4905 -0.2657
vn 0.7834 0.4725 -0.4038
vn 0.7865 0.3695 -0.4949
vn 0.8617 0.4895 -0.1337
vn 0.9060 0.3447 -0.2458
vn 0.9087 0.2184 -0.3558
vn 0.8488 0.3507 -0.3957
vn 0.8865 0.1168 -0.4478
vn 0.8412 0.2119 -0.4975
vn 0.9620 0.2682 -0.0513
vn 0.9340 0.3316 -0.1329
vn 0.9565 0.1528 -0.2484
vn 0.9741 0.1741 -0.1444
vn 0.6892 0.7214 -0.0680
vn 0.6199 0.7534 -0.2195
vn 0.6537 0.1267 -0.7461
vn 0.7701 0.1464 -0.6209
vn 0.7085 0.0448 -0.7043
vn 0.7680 0.0330 -0.6395
vn 0.6611 0.2160 -0.7185
s 1
f 4258//4258 4259//4259 4261//4261
f 4261//4261 4259//4259 4263//4263
f 4260//4260 4315//4315 4263//4263
f 4267//4267 4264//4264 4266//4266
f 4269//4269 4266//4266 4268//4268
f 4273//4273 4272//4272 4271//4271
f 4274//4274 4271//4271 4270//4270
f 4278//4278 4277//4277 4276//4276
f 4275//4275 4280//4280 4279//4279
f 4282//4282 4281//4281 4280//4280
f 4276//4276 4282//4282 4275//4275
f 4283//4283 4281//4281 4282//4282
f 4280//4280 4286//4286 4285//4285
f 4280//4280 4285//4285 4279//4279
f 4288//4288 4287//4287 4281//4281
f 4288//4288 4281//4281 4283//4283
f 4289//4289 4288//4288 4284//4284
f 4288//4288 4283//4283 4284//4284
f 4285//4285 4259//4259 4258//4258
f 4293//4293 4287//4287 4288//4288
f 4290//4290 4260//4260 4259//4259
f 4290//4290 4294//4294 4260//4260
f 4290//4290 4291//4291 4294//4294
f 4291//4291 4292//4292 4294//4294
f 4292//4292 4272//4272 4294//4294
f 4260//4260 4294//4294 4295//4295
f 4302//4302 4279//4279 4300//4300
f 4296//4296 4275//4275 4302//4302
f 4300//4300 4304//4304 4305//4305
f 4305//4305 4304//4304 4264//4264
f 4307//4307 4308//4308 4309//4309
f 4311//4311 4310//4310 4309//4309
f 4263//4263 4313//4313 4317//4317
f 4313//4313 4315//4315 4320//4320
f 4317//4317 4313//4313 4319//4319
f 4312//4312 4321//4321 4318//4318
f 4312//4312 4317//4317 4321//4321
f 4314//4314 4306//4306 4320//4320
f 4314//4314 4364//4364 4306//4306
f 4319//4319 4320//4320 4324//4324
f 4322//4322 4321//4321 4323//4323
f 4323//4323 4319//4319 4324//4324
f 4324//4324 4320//4320 4325//4325
f 4325//4325 4306//4306 4307//4307
f 4328//4328 4323//4323 4327//4327
f 4326//4326 4322//4322 4328//4328
f 4327//4327 4324//4324 4329//4329
f 4329//4329 4648//4648 4333//4333
f 4327//4327 4329//4329 4333//4333
f 4648//4648 4330//4330 4310//4310
f 4648//4648 4329//4329 4330//4330
f 4268//4268 4334//4334 4335//4335
f 4337//4337 4316//4316 4336//4336
f 4336//4336 4322//4322 4338//4338
f 4274//4274 4345//4345 4273//4273
f 4346//4346 4345//4345 4274//4274
f 4347//4347 4344//4344 4273//4273
f 4348//4348 4345//4345 4346//4346
f 4350//4350 4347//4347 4345//4345
f 4353//4353 4352//4352 4347//4347
f 4308//4308 4306//4306 4349//4349
f 4352//4352 4354//4354 4308//4308
f 4356//4356 4350//4350 4351//4351
f 4362//4362 4361//4361 4357//4357
f 4343//4343 4342//4342 4364//4364
f 4366//4366 4367//4367 4368//4368
f 4369//4369 4366//4366 4368//4368
f 4299//4299 4297//4297 4372//4372
f 4372//4372 4297//4297 4298//4298
f 4300//4300 4305//4305 4301//4301
f 4301//4301 4305//4305 4373//4373
f 4301//4301 4373//4373 4374//4374
f 4373//4373 4305//4305 4265//4265
f 4303//4303 4374//4374 4379//4379
f 4376//4376 4375//4375 4383//4383
f 4377//4377 4376//4376 4383//4383
f 4379//4379 4374//4374 4386//4386
f 4380//4380 4387//4387 4381//4381
f 4381//4381 4389//4389 4382//4382
f 4382//4382 4389//4389 4390//4390
f 4384//4384 4382//4382 4390//4390
f 4384//4384 4390//4390 4385//4385
f 4365//4365 4366//4366 4387//4387
f 4389//4389 4393//4393 4390//4390
f 4391//4391 4390//4390 4394//4394
f 4366//4366 4369//4369 4392//4392
f 4369//4369 4370//4370 4395//4395
f 4395//4395 4434//4434 4396//4396
f 4397//4397 4396//4396 4400//4400
f 4400//4400 4401//4401 4402//4402
f 4403//4403 4398//4398 4402//4402
f 4268//4268 4335//4335 4269//4269
f 4335//4335 4334//4334 4404//4404
f 4335//4335 4404//4404 4405//4405
f 4406//4406 4339//4339 4340//4340
f 4340//4340 4341//4341 4407//4407
f 4367//4367 4408//4408 4368//4368
f 4368//4368 4410//4410 4369//4369
f 4369//4369 4409//4409 4370//4370
f 4405//4405 4337//4337 4411//4411
f 4409//4409 4412//4412 4413//4413
f 4414//4414 4409//4409 4413//4413
f 4410//4410 4415//4415 4416//4416
f 4411//4411 4417//4417 4418//4418
f 4416//4416 4419//4419 4420//4420
f 4413//4413 4416//4416 4420//4420
f 4422//4422 4420//4420 4419//4419
f 4415//4415 4421//4421 4424//4424
f 4426//4426 4419//4419 4425//4425
f 4424//4424 4423//4423 4428//4428
f 4425//4425 4424//4424 4428//4428
f 4422//4422 4426//4426 4433//4433
f 4433//4433 4426//4426 4429//4429
f 4430//4430 4409//4409 4414//4414
f 4401//4401 4396//4396 4435//4435
f 4402//4402 4437//4437 4438//4438
f 4444//4444 4440//4440 4443//4443
f 4442//4442 4436//4436 4441//4441
f 4446//4446 4443//4443 4445//4445
f 4444//4444 4443//4443 4446//4446
f 4447//4447 4442//4442 4441//4441
f 4447//4447 4449//4449 4450//4450
f 4452//4452 4446//4446 4451//4451
f 4454//4454 4432//4432 4433//4433
f 4455//4455 4449//4449 4454//4454
f 4456//4456 4450//4450 4455//4455
f 4463//4463 4278//4278 4464//4464
f 4284//4284 4283//4283 4463//4463
f 4284//4284 4463//4463 4465//4465
f 4466//4466 4465//4465 4467//4467
f 4469//4469 4468//4468 4470//4470
f 4471//4471 4476//4476 4284//4284
f 4466//4466 4471//4471 4284//4284
f 4472//4472 4471//4471 4466//4466
f 4473//4473 4467//4467 4474//4474
f 4469//4469 4470//4470 4475//4475
f 4270//4270 4289//4289 4476//4476
f 4472//4472 4477//4477 4471//4471
f 4459//4459 4472//4472 4478//4478
f 4478//4478 4473//4473 4479//4479
f 4479//4479 4473//4473 4474//4474
f 4482//4482 4270//4270 4476//4476
f 4477//4477 4482//4482 4476//4476
f 4278//4278 4299//4299 4486//4486
f 4486//4486 4299//4299 4487//4487
f 4488//4488 4486//4486 4487//4487
f 4464//4464 4488//4488 4489//4489
f 4468//4468 4489//4489 4490//4490
f 4470//4470 4490//4490 4491//4491
f 4492//4492 4470//4470 4491//4491
f 4485//4485 4479//4479 4494//4494
f 4498//4498 4495//4495 4500//4500
f 4495//4495 4481//4481 4493//4493
f 4499//4499 4495//4495 4502//4502
f 4346//4346 4274//4274 4270//4270
f 4506//4506 4346//4346 4270//4270
f 4507//4507 4506//4506 4460//4460
f 4506//4506 4510//4510 4346//4346
f 4507//4507 4510//4510 4506//4506
f 4508//4508 4512//4512 4461//4461
f 4509//4509 4513//4513 4508//4508
f 4514//4514 4351//4351 4510//4510
f 4518//4518 4356//4356 4514//4514
f 4511//4511 4518//4518 4514//4514
f 4518//4518 4358//4358 4356//4356
f 4519//4519 4522//4522 4511//4511
f 4527//4527 4524//4524 4520//4520
f 4521//4521 4527//4527 4520//4520
f 4523//4523 4525//4525 4522//4522
f 4524//4524 4526//4526 4523//4523
f 4529//4529 4517//4517 4513//4513
f 4531//4531 4521//4521 4530//4530
f 4496//4496 4528//4528 4484//4484
f 4496//4496 4497//4497 4535//4535
f 4535//4535 4497//4497 4532//4532
f 4500//4500 4499//4499 4533//4533
f 4529//4529 4528//4528 4534//4534
f 4532//4532 4537//4537 4535//4535
f 4541//4541 4529//4529 4534//4534
f 4539//4539 4532//4532 4536//4536
f 4540//4540 4536//4536 4533//4533
f 4538//4538 4543//4543 4541//4541
f 4544//4544 4542//4542 4539//4539
f 4547//4547 4543//4543 4542//4542
f 4855//4855 4531//4531 4546//4546
f 4548//4548 4547//4547 4544//4544
f 4549//4549 4548//4548 4545//4545
f 4550//4550 4504//4504 4551//4551
f 4533//4533 4550//4550 4553//4553
f 4554//4554 4533//4533 4553//4553
f 4556//4556 4540//4540 4554//4554
f 4557//4557 4545//4545 4556//4556
f 4559//4559 4557//4557 4558//4558
f 4488//4488 4487//4487 4560//4560
f 4492//4492 4491//4491 4562//4562
f 4563//4563 4564//4564 4562//4562
f 4378//4378 4377//4377 4566//4566
f 4569//4569 4566//4566 4385//4385
f 4569//4569 4567//4567 4566//4566
f 4568//4568 4567//4567 4569//4569
f 4572//4572 4568//4568 4570//4570
f 4385//4385 4391//4391 4574//4574
f 4576//4576 4570//4570 4575//4575
f 4572//4572 4577//4577 4571//4571
f 4578//4578 4577//4577 4572//4572
f 4579//4579 4578//4578 4576//4576
f 4574//4574 4391//4391 4399//4399
f 4573//4573 4574//4574 4580//4580
f 4582//4582 4575//4575 4581//4581
f 4582//4582 4576//4576 4575//4575
f 4579//4579 4583//4583 4578//4578
f 4587//4587 4579//4579 4582//4582
f 4586//4586 4588//4588 4582//4582
f 4589//4589 4588//4588 4586//4586
f 4586//4586 4581//4581 4585//4585
f 4585//4585 4403//4403 4590//4590
f 4591//4591 4585//4585 4590//4590
f 4503//4503 4501//4501 4565//4565
f 4565//4565 4592//4592 4503//4503
f 4505//4505 4502//4502 4503//4503
f 4503//4503 4593//4593 4505//4505
f 4594//4594 4584//4584 4583//4583
f 4587//4587 4595//4595 4583//4583
f 4594//4594 4593//4593 4584//4584
f 4403//4403 4438//4438 4598//4598
f 4599//4599 4590//4590 4598//4598
f 4586//4586 4591//4591 4600//4600
f 4599//4599 4602//4602 4591//4591
f 4601//4601 4597//4597 4589//4589
f 4602//4602 4605//4605 4607//4607
f 4603//4603 4444//4444 4448//4448
f 4606//4606 4607//4607 4608//4608
f 4448//4448 4453//4453 4609//4609
f 4610//4610 4611//4611 4612//4612
f 4615//4615 4613//4613 4612//4612
f 4551//4551 4504//4504 4505//4505
f 4617//4617 4552//4552 4551//4551
f 4552//4552 4555//4555 4553//4553
f 4555//4555 4619//4619 4554//4554
f 4618//4618 4619//4619 4555//4555
f 4595//4595 4623//4623 4594//4594
f 4622//4622 4595//4595 4596//4596
f 4594//4594 4621//4621 4593//4593
f 4622//4622 4623//4623 4595//4595
f 4625//4625 4623//4623 4622//4622
f 4628//4628 4625//4625 4622//4622
f 4621//4621 4626//4626 4617//4617
f 4624//4624 4626//4626 4621//4621
f 4627//4627 4628//4628 4622//4622
f 4626//4626 4631//4631 4618//4618
f 4631//4631 4619//4619 4618//4618
f 4630//4630 4632//4632 4626//4626
f 4629//4629 4634//4634 4630//4630
f 4629//4629 4633//4633 4637//4637
f 4632//4632 4635//4635 4631//4631
f 4630//4630 4639//4639 4632//4632
f 4630//4630 4634//4634 4639//4639
f 4639//4639 4634//4634 4958//4958
f 4638//4638 4640//4640 4635//4635
f 4627//4627 4608//4608 4633//4633
f 4642//4642 4636//4636 4641//4641
f 4641//4641 4616//4616 4642//4642
f 4643//4643 4310//4310 4311//4311
f 4645//4645 4646//4646 4654//4654
f 4331//4331 4333//4333 4647//4647
f 4332//4332 4647//4647 4649//4649
f 4649//4649 4647//4647 4650//4650
f 4651//4651 4650//4650 4333//4333
f 4648//4648 4652//4652 4651//4651
f 4651//4651 4653//4653 4650//4650
f 4651//4651 4656//4656 4653//4653
f 4654//4654 4656//4656 4651//4651
f 4655//4655 4657//4657 4659//4659
f 4658//4658 4646//4646 4662//4662
f 4661//4661 4658//4658 4662//4662
f 4657//4657 4660//4660 4663//4663
f 4657//4657 4663//4663 4659//4659
f 4664//4664 4661//4661 4662//4662
f 4664//4664 4662//4662 4665//4665
f 4665//4665 4662//4662 4666//4666
f 4341//4341 4332//4332 4667//4667
f 4669//4669 4655//4655 4672//4672
f 4669//4669 4672//4672 4673//4673
f 4672//4672 4659//4659 4674//4674
f 4676//4676 4674//4674 4675//4675
f 4680//4680 4360//4360 4361//4361
f 4679//4679 4681//4681 4644//4644
f 4681//4681 4679//4679 4682//4682
f 4680//4680 4682//4682 4679//4679
f 4644//4644 4681//4681 4645//4645
f 4680//4680 4685//4685 4682//4682
f 4684//4684 4687//4687 4683//4683
f 4690//4690 4689//4689 4645//4645
f 4688//4688 4686//4686 4687//4687
f 4691//4691 4693//4693 4690//4690
f 4686//4686 4694//4694 4691//4691
f 4688//4688 4695//4695 4686//4686
f 4693//4693 4697//4697 4699//4699
f 4700//4700 4697//4697 4701//4701
f 4692//4692 4698//4698 4702//4702
f 4663//4663 4704//4704 4703//4703
f 4664//4664 4665//4665 4704//4704
f 4703//4703 4704//4704 4706//4706
f 4665//4665 4714//4714 4705//4705
f 4706//4706 4704//4704 4705//4705
f 4699//4699 4710//4710 4696//4696
f 4712//4712 4699//4699 4700//4700
f 4713//4713 4702//4702 4710//4710
f 4717//4717 4714//4714 4715//4715
f 4713//4713 4710//4710 4715//4715
f 4716//4716 4710//4710 4712//4712
f 4718//4718 4715//4715 4723//4723
f 4723//4723 4715//4715 4716//4716
f 4711//4711 4892//4892 4719//4719
f 4705//4705 4717//4717 4721//4721
f 4721//4721 4717//4717 4718//4718
f 4720//4720 4721//4721 4722//4722
f 4724//4724 4718//4718 4723//4723
f 4726//4726 4723//4723 4725//4725
f 4719//4719 4725//4725 4712//4712
f 4726//4726 4725//4725 4727//4727
f 4720//4720 4722//4722 4729//4729
f 4730//4730 4722//4722 4724//4724
f 4731//4731 4724//4724 4726//4726
f 4732//4732 4730//4730 4731//4731
f 4736//4736 4728//4728 4737//4737
f 4738//4738 4730//4730 4739//4739
f 4745//4745 4671//4671 4673//4673
f 4676//4676 4745//4745 4673//4673
f 4423//4423 4427//4427 4746//4746
f 4428//4428 4423//4423 4746//4746
f 4425//4425 4428//4428 4747//4747
f 4746//4746 4427//4427 4749//4749
f 4428//4428 4746//4746 4750//4750
f 4751//4751 4428//4428 4752//4752
f 4749//4749 4744//4744 4670//4670
f 4752//4752 4750//4750 4754//4754
f 4751//4751 4755//4755 4756//4756
f 4753//4753 4671//4671 4745//4745
f 4759//4759 4753//4753 4745//4745
f 4760//4760 4754//4754 4759//4759
f 4758//4758 4756//4756 4761//4761
f 4762//4762 4758//4758 4761//4761
f 4759//4759 4745//4745 4763//4763
f 4757//4757 4760//4760 4764//4764
f 4767//4767 4764//4764 4760//4760
f 4767//4767 4768//4768 4764//4764
f 4769//4769 4748//4748 4770//4770
f 4455//4455 4454//4454 4774//4774
f 4451//4451 4456//4456 4776//4776
f 4455//4455 4774//4774 4775//4775
f 4456//4456 4775//4775 4776//4776
f 4457//4457 4776//4776 4777//4777
f 4775//4775 4774//4774 4779//4779
f 4779//4779 4770//4770 4771//4771
f 4781//4781 4779//4779 4771//4771
f 4777//4777 4782//4782 4785//4785
f 4780//4780 4785//4785 4786//4786
f 4771//4771 4758//4758 4787//4787
f 4787//4787 4772//4772 4789//4789
f 4784//4784 4789//4789 4791//4791
f 4788//4788 4790//4790 4792//4792
f 4678//4678 4677//4677 4793//4793
f 4796//4796 4765//4765 4793//4793
f 4800//4800 4795//4795 4736//4736
f 4800//4800 4737//4737 4801//4801
f 4802//4802 4800//4800 4801//4801
f 4803//4803 4802//4802 4801//4801
f 4762//4762 4768//4768 4806//4806
f 4808//4808 4799//4799 4797//4797
f 4811//4811 4810//4810 4807//4807
f 4819//4819 4809//4809 4808//4808
f 4812//4812 4811//4811 4809//4809
f 4830//4830 4811//4811 4813//4813
f 4830//4830 4813//4813 4815//4815
f 4819//4819 4808//4808 4818//4818
f 4802//4802 4817//4817 4816//4816
f 4820//4820 4819//4819 4818//4818
f 4822//4822 4812//4812 4821//4821
f 4814//4814 4822//4822 4823//4823
f 4824//4824 4817//4817 4802//4802
f 4804//4804 4824//4824 4803//4803
f 4825//4825 4821//4821 4820//4820
f 4827//4827 4823//4823 4825//4825
f 4805//4805 4826//4826 4804//4804
f 4828//4828 4827//4827 4826//4826
f 4791//4791 4810//4810 4830//4830
f 4792//4792 4830//4830 4815//4815
f 4831//4831 4525//4525 4523//4523
f 4831//4831 4523//4523 4526//4526
f 4834//4834 4831//4831 4526//4526
f 4837//4837 4684//4684 4833//4833
f 4838//4838 4837//4837 4833//4833
f 4835//4835 4840//4840 4834//4834
f 4836//4836 4841//4841 4835//4835
f 4842//4842 4840//4840 4841//4841
f 4845//4845 4688//4688 4838//4838
f 4844//4844 4688//4688 4845//4845
f 4845//4845 4838//4838 4839//4839
f 4847//4847 4842//4842 4841//4841
f 4846//4846 4849//4849 4844//4844
f 4854//4854 4832//4832 4531//4531
f 4547//4547 4858//4858 4546//4546
f 4857//4857 4854//4854 4855//4855
f 4862//4862 4858//4858 4547//4547
f 4859//4859 4862//4862 4547//4547
f 4857//4857 4856//4856 4854//4854
f 4861//4861 4857//4857 4858//4858
f 4860//4860 4865//4865 4862//4862
f 4863//4863 4856//4856 4861//4861
f 4861//4861 4864//4864 4863//4863
f 4864//4864 4869//4869 4863//4863
f 4867//4867 4871//4871 4866//4866
f 4865//4865 4872//4872 4864//4864
f 4852//4852 4843//4843 4868//4868
f 4852//4852 4868//4868 4869//4869
f 4870//4870 4852//4852 4869//4869
f 4852//4852 4876//4876 4875//4875
f 4872//4872 4877//4877 4876//4876
f 4873//4873 4923//4923 4877//4877
f 4878//4878 4549//4549 4559//4559
f 4881//4881 4883//4883 4880//4880
f 4883//4883 4874//4874 4871//4871
f 4952//4952 4884//4884 4883//4883
f 4884//4884 4887//4887 4874//4874
f 4850//4850 4890//4890 4849//4849
f 4891//4891 4850//4850 4851//4851
f 4892//4892 4711//4711 4889//4889
f 4853//4853 4893//4893 4891//4891
f 4889//4889 4894//4894 4892//4892
f 4896//4896 4900//4900 4899//4899
f 4727//4727 4719//4719 4892//4892
f 4904//4904 4894//4894 4895//4895
f 4900//4900 4905//4905 4899//4899
f 4902//4902 4906//4906 4905//4905
f 4925//4925 4908//4908 4903//4903
f 4904//4904 4733//4733 4727//4727
f 4910//4910 4909//4909 4733//4733
f 4910//4910 4911//4911 4909//4909
f 4912//4912 4911//4911 4910//4910
f 4913//4913 4907//4907 4908//4908
f 4735//4735 4734//4734 4909//4909
f 4916//4916 4913//4913 4917//4917
f 4913//4913 4919//4919 4907//4907
f 4875//4875 4876//4876 4893//4893
f 4876//4876 4898//4898 4897//4897
f 4924//4924 4903//4903 4898//4898
f 4923//4923 4924//4924 4877//4877
f 4925//4925 4903//4903 4924//4924
f 4926//4926 4915//4915 4914//4914
f 4933//4933 4615//4615 4611//4611
f 4611//4611 4614//4614 4933//4933
f 4933//4933 4614//4614 4932//4932
f 4934//4934 4615//4615 4933//4933
f 4937//4937 4778//4778 4780//4780
f 4936//4936 4934//4934 4939//4939
f 4935//4935 4942//4942 4940//4940
f 4938//4938 4937//4937 4941//4941
f 4937//4937 4786//4786 4944//4944
f 4941//4941 4937//4937 4944//4944
f 4942//4942 4939//4939 4946//4946
f 4945//4945 4944//4944 4948//4948
f 4945//4945 4948//4948 5003//5003
f 4949//4949 4946//4946 5003//5003
f 4947//4947 4928//4928 4927//4927
f 4879//4879 4878//4878 4950//4950
f 4882//4882 4879//4879 4951//4951
f 4952//4952 4888//4888 4884//4884
f 4953//4953 4888//4888 4952//4952
f 4957//4957 4640//4640 4638//4638
f 4955//4955 4956//4956 4958//4958
f 4959//4959 4957//4957 4958//4958
f 4956//4956 4955//4955 4961//4961
f 4959//4959 4960//4960 4957//4957
f 4965//4965 4960//4960 4959//4959
f 4965//4965 4881//4881 4882//4882
f 4971//4971 4963//4963 4962//4962
f 4967//4967 4964//4964 4963//4963
f 4968//4968 4965//4965 4964//4964
f 4966//4966 4970//4970 4971//4971
f 4971//4971 4967//4967 4963//4963
f 4968//4968 4972//4972 4969//4969
f 4927//4927 4970//4970 4966//4966
f 4975//4975 4972//4972 4968//4968
f 4973//4973 4974//4974 4975//4975
f 4973//4973 4975//4975 4967//4967
f 4976//4976 4973//4973 4971//4971
f 4636//4636 4642//4642 4954//4954
f 4954//4954 4642//4642 4977//4977
f 4940//4940 4961//4961 4977//4977
f 4966//4966 4940//4940 4943//4943
f 4966//4966 4962//4962 4961//4961
f 4979//4979 4919//4919 4913//4913
f 4996//4996 4920//4920 4979//4979
f 4980//4980 4742//4742 4921//4921
f 4922//4922 4980//4980 4921//4921
f 4981//4981 4980//4980 4922//4922
f 4982//4982 4987//4987 4983//4983
f 4983//4983 4991//4991 4984//4984
f 4983//4983 4984//4984 4929//4929
f 4987//4987 4990//4990 4983//4983
f 4990//4990 4991//4991 4983//4983
f 4992//4992 4814//4814 4823//4823
f 4989//4989 4992//4992 4993//4993
f 4989//4989 4986//4986 4992//4992
f 4997//4997 4994//4994 4996//4996
f 4995//4995 4994//4994 4997//4997
f 4823//4823 4827//4827 4998//4998
f 4999//4999 4992//4992 4823//4823
f 4993//4993 4992//4992 4999//4999
f 5000//5000 4978//4978 4920//4920
f 4994//4994 5000//5000 4996//4996
f 4828//4828 4742//4742 4980//4980
f 4998//4998 4828//4828 5001//5001
f 4998//4998 5001//5001 4999//4999
f 4948//4948 4792//4792 5002//5002
f 5002//5002 4792//4792 4815//4815
f 4982//4982 5003//5003 4986//4986
f 5006//5006 4926//4926 4885//4885
f 5007//5007 4926//4926 5006//5006
f 4976//4976 4984//4984 4974//4974
f 4984//4984 4991//4991 4988//4988
f 4988//4988 5005//5005 5008//5008
f 4988//4988 5008//5008 4974//4974
f 4988//4988 4997//4997 5005//5005
f 4262//4262 4258//4258 4261//4261
f 4260//4260 4263//4263 4259//4259
f 4265//4265 4305//4305 4264//4264
f 4258//4258 4266//4266 4264//4264
f 4262//4262 4266//4266 4258//4258
f 4262//4262 4268//4268 4266//4266
f 4271//4271 4274//4274 4273//4273
f 4275//4275 4282//4282 4280//4280
f 4277//4277 4283//4283 4282//4282
f 4276//4276 4277//4277 4282//4282
f 4281//4281 4287//4287 4286//4286
f 4280//4280 4281//4281 4286//4286
f 4258//4258 4279//4279 4285//4285
f 4290//4290 4285//4285 4286//4286
f 4290//4290 4259//4259 4285//4285
f 4291//4291 4290//4290 4286//4286
f 4287//4287 4292//4292 4291//4291
f 4287//4287 4291//4291 4286//4286
f 4275//4275 4296//4296 4297//4297 4276//4276
f 4289//4289 4293//4293 4288//4288
f 4293//4293 4271//4271 4272//4272
f 4292//4292 4293//4293 4272//4272
f 4292//4292 4287//4287 4293//4293
f 4293//4293 4270//4270 4271//4271
f 4293//4293 4289//4289 4270//4270
f 4294//4294 4343//4343 4295//4295
f 4294//4294 4272//4272 4343//4343
f 4276//4276 4297//4297 4299//4299 4278//4278
f 4298//4298 4297//4297 4296//4296
f 4300//4300 4301//4301 4303//4303 4302//4302
f 4258//4258 4264//4264 4304//4304 4279//4279
f 4302//4302 4275//4275 4279//4279
f 4371//4371 4296//4296 4302//4302
f 4304//4304 4300//4300 4279//4279
f 4295//4295 4314//4314 4315//4315 4260//4260
f 4308//4308 4307//4307 4306//4306
f 4309//4309 4310//4310 4307//4307
f 4261//4261 4263//4263 4312//4312
f 4262//4262 4261//4261 4312//4312
f 4263//4263 4315//4315 4313//4313
f 4324//4324 4325//4325 4330//4330 4329//4329
f 4263//4263 4317//4317 4312//4312
f 4320//4320 4315//4315 4314//4314
f 4312//4312 4318//4318 4316//4316
f 4319//4319 4313//4313 4320//4320
f 4321//4321 4317//4317 4319//4319
f 4325//4325 4320//4320 4306//4306
f 4322//4322 4318//4318 4321//4321
f 4323//4323 4321//4321 4319//4319
f 4328//4328 4322//4322 4323//4323
f 4327//4327 4323//4323 4324//4324
f 4327//4327 4333//4333 4331//4331 4328//4328
f 4330//4330 4325//4325 4307//4307
f 4326//4326 4328//4328 4331//4331
f 4310//4310 4330//4330 4307//4307
f 4332//4332 4326//4326 4331//4331
f 4334//4334 4268//4268 4262//4262 4312//4312
f 4318//4318 4322//4322 4336//4336 4316//4316
f 4334//4334 4312//4312 4316//4316
f 4322//4322 4326//4326 4339//4339 4338//4338
f 4326//4326 4332//4332 4341//4341 4339//4339
f 4342//4342 4344//4344 4352//4352 4349//4349
f 4340//4340 4339//4339 4341//4341
f 4344//4344 4343//4343 4272//4272
f 4273//4273 4344//4344 4272//4272
f 4273//4273 4345//4345 4347//4347
f 4344//4344 4342//4342 4343//4343
f 4353//4353 4350//4350 4357//4357 4355//4355
f 4347//4347 4352//4352 4344//4344
f 4348//4348 4351//4351 4350//4350
f 4348//4348 4350//4350 4345//4345
f 4350//4350 4353//4353 4347//4347
f 4352//4352 4308//4308 4349//4349
f 4355//4355 4354//4354 4352//4352
f 4353//4353 4355//4355 4352//4352
f 4309//4309 4308//4308 4354//4354
f 4355//4355 4360//4360 4359//4359 4354//4354
f 4356//4356 4357//4357 4350//4350
f 4311//4311 4309//4309 4354//4354
f 4359//4359 4311//4311 4354//4354
f 4357//4357 4358//4358 4363//4363 4362//4362
f 4361//4361 4360//4360 4355//4355
f 4357//4357 4361//4361 4355//4355
f 4358//4358 4357//4357 4356//4356
f 4342//4342 4349//4349 4306//4306 4364//4364
f 4295//4295 4364//4364 4314//4314
f 4343//4343 4364//4364 4295//4295
f 4375//4375 4376//4376 4298//4298 4371//4371
f 4265//4265 4264//4264 4267//4267
f 4267//4267 4266//4266 4269//4269
f 4365//4365 4265//4265 4267//4267
f 4367//4367 4267//4267 4269//4269
f 4365//4365 4267//4267 4367//4367
f 4365//4365 4367//4367 4366//4366
f 4298//4298 4296//4296 4371//4371
f 4303//4303 4301//4301 4374//4374
f 4371//4371 4302//4302 4303//4303
f 4376//4376 4378//4378 4372//4372 4298//4298
f 4379//4379 4375//4375 4371//4371 4303//4303
f 4378//4378 4376//4376 4377//4377
f 4382//4382 4384//4384 4383//4383 4381//4381
f 4375//4375 4379//4379 4380//4380
f 4375//4375 4380//4380 4381//4381
f 4383//4383 4375//4375 4381//4381
f 4384//4384 4385//4385 4377//4377 4383//4383
f 4387//4387 4380//4380 4379//4379 4386//4386
f 4374//4374 4373//4373 4386//4386
f 4388//4388 4389//4389 4381//4381 4387//4387
f 4373//4373 4265//4265 4365//4365 4386//4386
f 4391//4391 4385//4385 4390//4390
f 4392//4392 4388//4388 4387//4387 4366//4366
f 4387//4387 4386//4386 4365//4365
f 4335//4335 4405//4405 4367//4367 4269//4269
f 4389//4389 4388//4388 4393//4393
f 4394//4394 4390//4390 4397//4397
f 4393//4393 4388//4388 4392//4392
f 4393//4393 4392//4392 4395//4395
f 4397//4397 4393//4393 4396//4396
f 4397//4397 4390//4390 4393//4393
f 4398//4398 4391//4391 4394//4394
f 4395//4395 4392//4392 4369//4369
f 4396//4396 4393//4393 4395//4395
f 4394//4394 4397//4397 4400//4400
f 4398//4398 4394//4394 4400//4400
f 4399//4399 4391//4391 4398//4398
f 4401//4401 4400//4400 4396//4396
f 4398//4398 4400//4400 4402//4402
f 4334//4334 4316//4316 4404//4404
f 4404//4404 4316//4316 4337//4337
f 4405//4405 4404//4404 4337//4337
f 4336//4336 4338//4338 4406//4406
f 4337//4337 4336//4336 4406//4406
f 4406//4406 4338//4338 4339//4339
f 4418//4418 4415//4415 4410//4410 4411//4411
f 4367//4367 4405//4405 4408//4408
f 4410//4410 4368//4368 4408//4408
f 4412//4412 4369//4369 4410//4410
f 4409//4409 4369//4369 4412//4412
f 4408//4408 4405//4405 4411//4411
f 4410//4410 4408//4408 4411//4411
f 4406//4406 4417//4417 4411//4411 4337//4337
f 4416//4416 4412//4412 4410//4410
f 4413//4413 4412//4412 4416//4416
f 4340//4340 4421//4421 4417//4417 4406//4406
f 4407//4407 4427//4427 4421//4421 4340//4340
f 4421//4421 4418//4418 4417//4417
f 4415//4415 4418//4418 4421//4421
f 4424//4424 4416//4416 4415//4415
f 4419//4419 4416//4416 4424//4424
f 4419//4419 4424//4424 4425//4425
f 4426//4426 4422//4422 4419//4419
f 4422//4422 4430//4430 4414//4414 4413//4413
f 4423//4423 4421//4421 4427//4427
f 4424//4424 4421//4421 4423//4423
f 4429//4429 4426//4426 4425//4425
f 4452//4452 4448//4448 4444//4444 4446//4446
f 4422//4422 4413//4413 4420//4420
f 4431//4431 4430//4430 4422//4422
f 4432//4432 4431//4431 4422//4422
f 4433//4433 4432//4432 4422//4422
f 4434//4434 4395//4395 4370//4370
f 4434//4434 4370//4370 4409//4409
f 4435//4435 4396//4396 4434//4434
f 4435//4435 4434//4434 4436//4436
f 4402//4402 4401//4401 4437//4437
f 4438//4438 4403//4403 4402//4402
f 4436//4436 4434//4434 4409//4409
f 4439//4439 4401//4401 4435//4435
f 4437//4437 4401//4401 4439//4439
f 4440//4440 4438//4438 4437//4437
f 4436//4436 4409//4409 4430//4430
f 4436//4436 4430//4430 4441//4441
f 4442//4442 4435//4435 4436//4436
f 4442//4442 4439//4439 4435//4435
f 4443//4443 4437//4437 4439//4439
f 4440//4440 4437//4437 4443//4443
f 4445//4445 4439//4439 4442//4442
f 4445//4445 4443//4443 4439//4439
f 4441//4441 4430//4430 4431//4431
f 4447//4447 4445//4445 4442//4442
f 4432//4432 4449//4449 4441//4441 4431//4431
f 4447//4447 4450//4450 4451//4451 4445//4445
f 4449//4449 4447//4447 4441//4441
f 4452//4452 4457//4457 4458//4458 4453//4453
f 4451//4451 4446//4446 4445//4445
f 4453//4453 4448//4448 4452//4452
f 4449//4449 4432//4432 4454//4454
f 4455//4455 4450//4450 4449//4449
f 4456//4456 4451//4451 4450//4450
f 4457//4457 4452//4452 4451//4451
f 4460//4460 4482//4482 4459//4459 4461//4461
f 4482//4482 4506//4506 4270//4270
f 4460//4460 4506//4506 4482//4482
f 4464//4464 4468//4468 4467//4467 4465//4465
f 4463//4463 4277//4277 4278//4278
f 4463//4463 4283//4283 4277//4277
f 4464//4464 4465//4465 4463//4463
f 4466//4466 4284//4284 4465//4465
f 4479//4479 4474//4474 4475//4475 4480//4480
f 4469//4469 4467//4467 4468//4468
f 4476//4476 4289//4289 4284//4284
f 4473//4473 4472//4472 4466//4466
f 4473//4473 4466//4466 4467//4467
f 4469//4469 4474//4474 4467//4467
f 4475//4475 4474//4474 4469//4469
f 4471//4471 4477//4477 4476//4476
f 4459//4459 4477//4477 4472//4472
f 4478//4478 4472//4472 4473//4473
f 4479//4479 4485//4485 4484//4484 4478//4478
f 4481//4481 4480//4480 4475//4475
f 4459//4459 4482//4482 4477//4477
f 4478//4478 4483//4483 4459//4459
f 4484//4484 4483//4483 4478//4478
f 4486//4486 4488//4488 4464//4464 4278//4278
f 4462//4462 4461//4461 4459//4459
f 4483//4483 4462//4462 4459//4459
f 4484//4484 4462//4462 4483//4483
f 4481//4481 4475//4475 4492//4492 4493//4493
f 4489//4489 4468//4468 4464//4464
f 4490//4490 4489//4489 4561//4561
f 4470//4470 4468//4468 4490//4490
f 4491//4491 4490//4490 4562//4562
f 4492//4492 4475//4475 4470//4470
f 4481//4481 4495//4495 4494//4494 4480//4480
f 4494//4494 4479//4479 4480//4480
f 4485//4485 4497//4497 4496//4496 4484//4484
f 4495//4495 4493//4493 4501//4501 4502//4502
f 4494//4494 4497//4497 4485//4485
f 4498//4498 4497//4497 4494//4494
f 4495//4495 4498//4498 4494//4494
f 4500//4500 4495//4495 4499//4499
f 4501//4501 4493//4493 4565//4565
f 4516//4516 4517//4517 4521//4521 4520//4520
f 4503//4503 4502//4502 4501//4501
f 4502//4502 4504//4504 4499//4499
f 4505//4505 4504//4504 4502//4502
f 4461//4461 4507//4507 4460//4460
f 4462//4462 4508//4508 4461//4461
f 4510//4510 4348//4348 4346//4346
f 4461//4461 4512//4512 4507//4507
f 4510//4510 4351//4351 4348//4348
f 4511//4511 4514//4514 4510//4510
f 4507//4507 4511//4511 4510//4510
f 4507//4507 4512//4512 4511//4511
f 4508//4508 4513//4513 4512//4512
f 4512//4512 4515//4515 4511//4511
f 4512//4512 4516//4516 4515//4515
f 4513//4513 4516//4516 4512//4512
f 4513//4513 4517//4517 4516//4516
f 4514//4514 4356//4356 4351//4351
f 4515//4515 4519//4519 4511//4511
f 4520//4520 4519//4519 4515//4515
f 4516//4516 4520//4520 4515//4515
f 4363//4363 4358//4358 4522//4522 4525//4525
f 4518//4518 4522//4522 4358//4358
f 4511//4511 4522//4522 4518//4518
f 4520//4520 4524//4524 4519//4519
f 4519//4519 4523//4523 4522//4522
f 4519//4519 4524//4524 4523//4523
f 4532//4532 4498//4498 4500//4500 4536//4536
f 4524//4524 4527//4527 4526//4526
f 4521//4521 4832//4832 4527//4527
f 4509//4509 4508//4508 4462//4462
f 4484//4484 4509//4509 4462//4462
f 4528//4528 4509//4509 4484//4484
f 4529//4529 4530//4530 4517//4517
f 4530//4530 4521//4521 4517//4517
f 4521//4521 4531//4531 4832//4832
f 4532//4532 4497//4497 4498//4498
f 4496//4496 4534//4534 4528//4528
f 4535//4535 4534//4534 4496//4496
f 4541//4541 4534//4534 4537//4537 4538//4538
f 4533//4533 4536//4536 4500//4500
f 4529//4529 4513//4513 4509//4509
f 4528//4528 4529//4529 4509//4509
f 4535//4535 4537//4537 4534//4534
f 4539//4539 4540//4540 4545//4545 4544//4544
f 4539//4539 4537//4537 4532//4532
f 4540//4540 4539//4539 4536//4536
f 4541//4541 4530//4530 4529//4529
f 4542//4542 4538//4538 4537//4537
f 4539//4539 4542//4542 4537//4537
f 4541//4541 4543//4543 4530//4530
f 4542//4542 4543//4543 4538//4538
f 4531//4531 4530//4530 4543//4543 4546//4546
f 4499//4499 4504//4504 4550//4550 4533//4533
f 4544//4544 4547//4547 4542//4542
f 4548//4548 4544//4544 4545//4545
f 4543//4543 4547//4547 4546//4546
f 4556//4556 4619//4619 4558//4558 4557//4557
f 4552//4552 4550//4550 4551//4551
f 4553//4553 4550//4550 4552//4552
f 4555//4555 4554//4554 4553//4553
f 4554//4554 4540//4540 4533//4533
f 4545//4545 4540//4540 4556//4556
f 4545//4545 4557//4557 4559//4559 4549//4549
f 4488//4488 4560//4560 4561//4561 4489//4489
f 4487//4487 4299//4299 4372//4372
f 4493//4493 4492//4492 4564//4564 4565//4565
f 4562//4562 4490//4490 4561//4561
f 4563//4563 4562//4562 4561//4561
f 4562//4562 4564//4564 4492//4492
f 4487//4487 4378//4378 4567//4567 4560//4560
f 4487//4487 4372//4372 4378//4378
f 4560//4560 4567//4567 4568//4568 4561//4561
f 4566//4566 4567//4567 4378//4378
f 4561//4561 4568//4568 4571//4571 4563//4563
f 4385//4385 4566//4566 4377//4377
f 4570//4570 4568//4568 4569//4569
f 4580//4580 4581//4581 4575//4575 4573//4573
f 4572//4572 4571//4571 4568//4568
f 4569//4569 4385//4385 4573//4573
f 4573//4573 4385//4385 4574//4574
f 4570//4570 4569//4569 4573//4573
f 4575//4575 4570//4570 4573//4573
f 4576//4576 4572//4572 4570//4570
f 4576//4576 4578//4578 4572//4572
f 4563//4563 4577//4577 4564//4564
f 4563//4563 4571//4571 4577//4577
f 4564//4564 4577//4577 4592//4592 4565//4565
f 4582//4582 4579//4579 4576//4576
f 4587//4587 4588//4588 4596//4596 4595//4595
f 4577//4577 4584//4584 4592//4592
f 4577//4577 4583//4583 4584//4584
f 4577//4577 4578//4578 4583//4583
f 4574//4574 4399//4399 4585//4585
f 4580//4580 4574//4574 4585//4585
f 4586//4586 4582//4582 4581//4581
f 4579//4579 4587//4587 4583//4583
f 4588//4588 4587//4587 4582//4582
f 4585//4585 4581//4581 4580//4580
f 4399//4399 4398//4398 4403//4403
f 4585//4585 4399//4399 4403//4403
f 4586//4586 4585//4585 4591//4591
f 4593//4593 4503//4503 4592//4592
f 4584//4584 4593//4593 4592//4592
f 4586//4586 4600//4600 4601//4601 4589//4589
f 4594//4594 4583//4583 4595//4595
f 4588//4588 4589//4589 4596//4596
f 4590//4590 4403//4403 4598//4598
f 4599//4599 4591//4591 4590//4590
f 4444//4444 4603//4603 4598//4598 4440//4440
f 4598//4598 4438//4438 4440//4440
f 4600//4600 4591//4591 4602//4602
f 4598//4598 4603//4603 4604//4604 4599//4599
f 4602//4602 4606//4606 4601//4601 4600//4600
f 4602//4602 4599//4599 4604//4604
f 4609//4609 4610//4610 4605//4605 4604//4604
f 4597//4597 4601//4601 4606//4606
f 4602//4602 4604//4604 4605//4605
f 4606//4606 4602//4602 4607//4607
f 4604//4604 4603//4603 4448//4448
f 4607//4607 4605//4605 4610//4610
f 4604//4604 4448//4448 4609//4609
f 4612//4612 4616//4616 4607//4607 4610//4610
f 4641//4641 4608//4608 4607//4607 4616//4616
f 4458//4458 4614//4614 4609//4609 4453//4453
f 4610//4610 4609//4609 4611//4611
f 4616//4616 4612//4612 4613//4613
f 4558//4558 4619//4619 4631//4631 4635//4635
f 4611//4611 4609//4609 4614//4614
f 4612//4612 4611//4611 4615//4615
f 4617//4617 4551//4551 4505//4505
f 4618//4618 4552//4552 4617//4617
f 4552//4552 4618//4618 4555//4555
f 4554//4554 4619//4619 4556//4556
f 4620//4620 4559//4559 4558//4558
f 4617//4617 4505//4505 4593//4593
f 4621//4621 4617//4617 4593//4593
f 4596//4596 4597//4597 4622//4622
f 4596//4596 4589//4589 4597//4597
f 4621//4621 4594//4594 4623//4623
f 4624//4624 4621//4621 4623//4623
f 4597//4597 4627//4627 4622//4622
f 4624//4624 4623//4623 4625//4625
f 4618//4618 4617//4617 4626//4626
f 4625//4625 4628//4628 4629//4629
f 4624//4624 4630//4630 4626//4626
f 4624//4624 4629//4629 4630//4630
f 4624//4624 4625//4625 4629//4629
f 4627//4627 4633//4633 4628//4628
f 4633//4633 4629//4629 4628//4628
f 4626//4626 4632//4632 4631//4631
f 4629//4629 4637//4637 4634//4634
f 4620//4620 4558//4558 4635//4635 4640//4640
f 4633//4633 4636//4636 4637//4637
f 4632//4632 4638//4638 4635//4635
f 4632//4632 4639//4639 4638//4638
f 4637//4637 4958//4958 4634//4634
f 4310//4310 4643//4643 4652//4652 4648//4648
f 4627//4627 4597//4597 4606//4606
f 4627//4627 4606//4606 4608//4608
f 4633//4633 4608//4608 4641//4641
f 4633//4633 4641//4641 4636//4636
f 4954//4954 4637//4637 4636//4636
f 4643//4643 4644//4644 4645//4645
f 4643//4643 4645//4645 4654//4654
f 4332//4332 4331//4331 4647//4647
f 4653//4653 4655//4655 4649//4649 4650//4650
f 4647//4647 4333//4333 4650//4650
f 4651//4651 4333//4333 4648//4648
f 4651//4651 4652//4652 4654//4654
f 4652//4652 4643//4643 4654//4654
f 4649//4649 4668//4668 4667//4667 4332//4332
f 4658//4658 4656//4656 4654//4654
f 4655//4655 4653//4653 4657//4657
f 4658//4658 4654//4654 4646//4646
f 4653//4653 4656//4656 4660//4660
f 4657//4657 4653//4653 4660//4660
f 4656//4656 4658//4658 4661//4661
f 4656//4656 4661//4661 4660//4660
f 4661//4661 4664//4664 4660//4660
f 4664//4664 4663//4663 4660//4660
f 4662//4662 4646//4646 4692//4692
f 4664//4664 4704//4704 4663//4663
f 4703//4703 4659//4659 4663//4663
f 4662//4662 4692//4692 4666//4666
f 4655//4655 4669//4669 4668//4668 4649//4649
f 4669//4669 4670//4670 4744//4744 4668//4668
f 4675//4675 4659//4659 4703//4703 4677//4677
f 4669//4669 4671//4671 4670//4670
f 4671//4671 4669//4669 4673//4673
f 4672//4672 4655//4655 4659//4659
f 4673//4673 4672//4672 4674//4674
f 4675//4675 4674//4674 4659//4659
f 4675//4675 4677//4677 4678//4678 4676//4676
f 4311//4311 4359//4359 4679//4679 4644//4644
f 4644//4644 4643//4643 4311//4311
f 4683//4683 4362//4362 4363//4363 4684//4684
f 4359//4359 4360//4360 4679//4679
f 4680//4680 4679//4679 4360//4360
f 4362//4362 4680//4680 4361//4361
f 4362//4362 4683//4683 4680//4680
f 4690//4690 4681//4681 4682//4682 4685//4685
f 4680//4680 4683//4683 4685//4685
f 4645//4645 4681//4681 4690//4690
f 4691//4691 4685//4685 4683//4683 4686//4686
f 4694//4694 4686//4686 4695//4695 4697//4697
f 4683//4683 4687//4687 4686//4686
f 4645//4645 4689//4689 4646//4646
f 4685//4685 4691//4691 4690//4690
f 4689//4689 4692//4692 4646//4646
f 4690//4690 4693//4693 4689//4689
f 4691//4691 4694//4694 4693//4693
f 4698//4698 4689//4689 4693//4693 4696//4696
f 4689//4689 4698//4698 4692//4692
f 4698//4698 4696//4696 4710//4710 4702//4702
f 4694//4694 4697//4697 4693//4693
f 4693//4693 4699//4699 4696//4696
f 4700//4700 4699//4699 4697//4697
f 4695//4695 4701//4701 4697//4697
f 4692//4692 4702//4702 4666//4666
f 4666//4666 4713//4713 4714//4714 4665//4665
f 4665//4665 4705//4705 4704//4704
f 4707//4707 4703//4703 4706//4706
f 4703//4703 4708//4708 4677//4677
f 4707//4707 4708//4708 4703//4703
f 4707//4707 4709//4709 4708//4708
f 4711//4711 4712//4712 4700//4700
f 4701//4701 4711//4711 4700//4700
f 4699//4699 4712//4712 4710//4710
f 4666//4666 4702//4702 4713//4713
f 4723//4723 4716//4716 4712//4712 4725//4725
f 4715//4715 4714//4714 4713//4713
f 4716//4716 4715//4715 4710//4710
f 4705//4705 4714//4714 4717//4717
f 4718//4718 4717//4717 4715//4715
f 4711//4711 4719//4719 4712//4712
f 4706//4706 4705//4705 4720//4720
f 4707//4707 4706//4706 4720//4720
f 4705//4705 4721//4721 4720//4720
f 4722//4722 4721//4721 4718//4718
f 4724//4724 4722//4722 4718//4718
f 4726//4726 4733//4733 4734//4734 4731//4731
f 4726//4726 4724//4724 4723//4723
f 4719//4719 4727//4727 4725//4725
f 4720//4720 4729//4729 4728//4728
f 4730//4730 4729//4729 4722//4722
f 4731//4731 4730//4730 4724//4724
f 4726//4726 4727//4727 4733//4733
f 4707//4707 4720//4720 4736//4736 4709//4709
f 4732//4732 4731//4731 4734//4734
f 4735//4735 4732//4732 4734//4734
f 4729//4729 4730//4730 4738//4738 4728//4728
f 4795//4795 4709//4709 4736//4736
f 4736//4736 4720//4720 4728//4728
f 4800//4800 4736//4736 4737//4737
f 4730//4730 4732//4732 4740//4740 4739//4739
f 4738//4738 4737//4737 4728//4728
f 4738//4738 4803//4803 4737//4737
f 4732//4732 4735//4735 4741//4741 4740//4740
f 4667//4667 4743//4743 4407//4407 4341//4341
f 4741//4741 4742//4742 4740//4740
f 4668//4668 4744//4744 4743//4743 4667//4667
f 4743//4743 4744//4744 4749//4749 4427//4427
f 4676//4676 4673//4673 4674//4674
f 4427//4427 4407//4407 4743//4743
f 4429//4429 4425//4425 4747//4747
f 4749//4749 4670//4670 4671//4671 4753//4753
f 4749//4749 4750//4750 4746//4746
f 4747//4747 4428//4428 4751//4751
f 4752//4752 4428//4428 4750//4750
f 4748//4748 4747//4747 4751//4751
f 4749//4749 4753//4753 4754//4754 4750//4750
f 4757//4757 4761//4761 4756//4756 4755//4755
f 4755//4755 4751//4751 4752//4752
f 4748//4748 4751//4751 4756//4756
f 4757//4757 4752//4752 4754//4754
f 4757//4757 4755//4755 4752//4752
f 4759//4759 4754//4754 4753//4753
f 4760//4760 4757//4757 4754//4754
f 4676//4676 4678//4678 4765//4765 4763//4763
f 4676//4676 4763//4763 4745//4745
f 4761//4761 4757//4757 4764//4764
f 4763//4763 4766//4766 4760//4760 4759//4759
f 4765//4765 4766//4766 4763//4763
f 4429//4429 4747//4747 4748//4748 4769//4769
f 4766//4766 4767//4767 4760//4760
f 4768//4768 4761//4761 4764//4764
f 4762//4762 4761//4761 4768//4768
f 4777//4777 4778//4778 4458//4458 4457//4457
f 4433//4433 4429//4429 4769//4769
f 4771//4771 4770//4770 4748//4748
f 4758//4758 4748//4748 4756//4756
f 4771//4771 4748//4748 4758//4758
f 4772//4772 4758//4758 4762//4762
f 4454//4454 4433//4433 4769//4769
f 4457//4457 4451//4451 4776//4776
f 4454//4454 4769//4769 4770//4770
f 4456//4456 4455//4455 4775//4775
f 4794//4794 4795//4795 4796//4796 4793//4793
f 4779//4779 4454//4454 4770//4770
f 4774//4774 4454//4454 4779//4779
f 4776//4776 4775//4775 4782//4782
f 4777//4777 4776//4776 4782//4782
f 4782//4782 4775//4775 4779//4779
f 4780//4780 4777//4777 4785//4785
f 4778//4778 4777//4777 4780//4780
f 4782//4782 4779//4779 4781//4781
f 4783//4783 4782//4782 4781//4781
f 4785//4785 4782//4782 4783//4783
f 4772//4772 4787//4787 4758//4758
f 4781//4781 4771//4771 4787//4787
f 4784//4784 4781//4781 4787//4787
f 4783//4783 4781//4781 4784//4784
f 4785//4785 4783//4783 4784//4784
f 4788//4788 4786//4786 4785//4785
f 4784//4784 4787//4787 4789//4789
f 4785//4785 4784//4784 4790//4790
f 4788//4788 4785//4785 4790//4790
f 4773//4773 4789//4789 4772//4772
f 4790//4790 4784//4784 4791//4791
f 4829//4829 4792//4792 4790//4790
f 4708//4708 4793//4793 4677//4677
f 4765//4765 4678//4678 4793//4793
f 4794//4794 4793//4793 4708//4708
f 4709//4709 4794//4794 4708//4708
f 4709//4709 4795//4795 4794//4794
f 4765//4765 4796//4796 4797//4797 4766//4766
f 4804//4804 4739//4739 4740//4740 4805//4805
f 4797//4797 4767//4767 4766//4766
f 4796//4796 4798//4798 4797//4797
f 4799//4799 4767//4767 4797//4797
f 4737//4737 4803//4803 4801//4801
f 4738//4738 4804//4804 4803//4803
f 4804//4804 4738//4738 4739//4739
f 4768//4768 4767//4767 4799//4799 4806//4806
f 4742//4742 4805//4805 4740//4740
f 4806//4806 4799//4799 4808//4808 4809//4809
f 4806//4806 4772//4772 4762//4762
f 4807//4807 4773//4773 4806//4806
f 4773//4773 4772//4772 4806//4806
f 4798//4798 4808//4808 4797//4797
f 4800//4800 4816//4816 4796//4796 4795//4795
f 4809//4809 4807//4807 4806//4806
f 4810//4810 4773//4773 4807//4807
f 4811//4811 4807//4807 4809//4809
f 4819//4819 4812//4812 4809//4809
f 4814//4814 4815//4815 4813//4813
f 4816//4816 4818//4818 4808//4808 4798//4798
f 4816//4816 4798//4798 4796//4796
f 4817//4817 4818//4818 4816//4816
f 4812//4812 4822//4822 4813//4813 4811//4811
f 4820//4820 4821//4821 4819//4819
f 4821//4821 4812//4812 4819//4819
f 4820//4820 4824//4824 4826//4826 4825//4825
f 4814//4814 4813//4813 4822//4822
f 4802//4802 4816//4816 4800//4800
f 4803//4803 4824//4824 4802//4802
f 4824//4824 4820//4820 4817//4817
f 4820//4820 4818//4818 4817//4817
f 4826//4826 4805//4805 4742//4742 4828//4828
f 4825//4825 4823//4823 4821//4821
f 4823//4823 4822//4822 4821//4821
f 4826//4826 4824//4824 4804//4804
f 4827//4827 4825//4825 4826//4826
f 4363//4363 4525//4525 4833//4833 4684//4684
f 4810//4810 4791//4791 4773//4773
f 4791//4791 4789//4789 4773//4773
f 4829//4829 4790//4790 4791//4791
f 4792//4792 4829//4829 4830//4830
f 4811//4811 4830//4830 4810//4810
f 4829//4829 4791//4791 4830//4830
f 4832//4832 4526//4526 4527//4527
f 4526//4526 4832//4832 4835//4835 4834//4834
f 4831//4831 4833//4833 4525//4525
f 4833//4833 4834//4834 4840//4840 4839//4839
f 4832//4832 4854//4854 4835//4835
f 4834//4834 4833//4833 4831//4831
f 4854//4854 4836//4836 4835//4835
f 4837//4837 4687//4687 4684//4684
f 4837//4837 4688//4688 4687//4687
f 4839//4839 4838//4838 4833//4833
f 4868//4868 4843//4843 4856//4856 4869//4869
f 4841//4841 4840//4840 4835//4835
f 4838//4838 4688//4688 4837//4837
f 4842//4842 4839//4839 4840//4840
f 4836//4836 4843//4843 4841//4841
f 4844//4844 4695//4695 4688//4688
f 4845//4845 4846//4846 4844//4844
f 4848//4848 4845//4845 4839//4839
f 4842//4842 4848//4848 4839//4839
f 4841//4841 4843//4843 4847//4847
f 4848//4848 4846//4846 4845//4845
f 4851//4851 4848//4848 4842//4842
f 4847//4847 4851//4851 4842//4842
f 4844//4844 4701//4701 4695//4695
f 4846//4846 4850//4850 4849//4849
f 4848//4848 4850//4850 4846//4846
f 4851//4851 4850//4850 4848//4848
f 4843//4843 4852//4852 4847//4847
f 4847//4847 4853//4853 4851//4851
f 4852//4852 4853//4853 4847//4847
f 4855//4855 4854//4854 4531//4531
f 4856//4856 4836//4836 4854//4854
f 4856//4856 4843//4843 4836//4836
f 4546//4546 4858//4858 4855//4855
f 4548//4548 4859//4859 4547//4547
f 4549//4549 4859//4859 4548//4548
f 4858//4858 4857//4857 4855//4855
f 4859//4859 4860//4860 4862//4862
f 4549//4549 4860//4860 4859//4859
f 4861//4861 4856//4856 4857//4857
f 4858//4858 4862//4862 4861//4861
f 4862//4862 4864//4864 4861//4861
f 4865//4865 4864//4864 4862//4862
f 4860//4860 4866//4866 4865//4865
f 4867//4867 4866//4866 4860//4860
f 4872//4872 4865//4865 4866//4866 4871//4871
f 4863//4863 4869//4869 4856//4856
f 4864//4864 4870//4870 4869//4869
f 4872//4872 4870//4870 4864//4864
f 4860//4860 4549//4549 4878//4878 4879//4879
f 4871//4871 4873//4873 4872//4872
f 4871//4871 4874//4874 4873//4873
f 4852//4852 4875//4875 4853//4853
f 4870//4870 4876//4876 4852//4852
f 4872//4872 4876//4876 4870//4870
f 4873//4873 4877//4877 4872//4872
f 4873//4873 4874//4874 4923//4923
f 4867//4867 4860//4860 4879//4879 4880//4880
f 4871//4871 4867//4867 4880//4880 4883//4883
f 4879//4879 4882//4882 4880//4880
f 4882//4882 4881//4881 4880//4880
f 4923//4923 4874//4874 4887//4887 4885//4885
f 4883//4883 4884//4884 4874//4874
f 4886//4886 4885//4885 4887//4887 4888//4888
f 4701//4701 4844//4844 4889//4889 4711//4711
f 4888//4888 4887//4887 4884//4884
f 4894//4894 4889//4889 4890//4890 4895//4895
f 4849//4849 4889//4889 4844//4844
f 4849//4849 4890//4890 4889//4889
f 4891//4891 4890//4890 4850//4850
f 4853//4853 4891//4891 4851//4851
f 4895//4895 4890//4890 4891//4891 4896//4896
f 4901//4901 4896//4896 4893//4893 4897//4897
f 4893//4893 4896//4896 4891//4891
f 4902//4902 4901//4901 4897//4897 4898//4898
f 4876//4876 4897//4897 4893//4893
f 4896//4896 4899//4899 4895//4895
f 4896//4896 4901//4901 4900//4900
f 4892//4892 4894//4894 4904//4904 4727//4727
f 4903//4903 4902//4902 4898//4898
f 4905//4905 4900//4900 4901//4901 4902//4902
f 4899//4899 4904//4904 4895//4895
f 4899//4899 4905//4905 4904//4904
f 4907//4907 4906//4906 4902//4902 4908//4908
f 4925//4925 4914//4914 4917//4917 4908//4908
f 4903//4903 4908//4908 4902//4902
f 4733//4733 4909//4909 4734//4734
f 4910//4910 4733//4733 4904//4904
f 4905//4905 4910//4910 4904//4904
f 4905//4905 4912//4912 4910//4910
f 4905//4905 4906//4906 4912//4912
f 4906//4906 4907//4907 4912//4912
f 4909//4909 4911//4911 4735//4735
f 4908//4908 4917//4917 4913//4913
f 4917//4917 4914//4914 4915//4915 4916//4916
f 4918//4918 4912//4912 4907//4907 4919//4919
f 4921//4921 4735//4735 4911//4911 4922//4922
f 4919//4919 4920//4920 4918//4918
f 4921//4921 4741//4741 4735//4735
f 4921//4921 4742//4742 4741//4741
f 4922//4922 4911//4911 4912//4912 4918//4918
f 4876//4876 4877//4877 4924//4924 4898//4898
f 4875//4875 4893//4893 4853//4853
f 4930//4930 4931//4931 4616//4616 4613//4613
f 4924//4924 4923//4923 4925//4925
f 4923//4923 4926//4926 4925//4925
f 4885//4885 4926//4926 4923//4923
f 4926//4926 4914//4914 4925//4925
f 4615//4615 4930//4930 4613//4613
f 4458//4458 4778//4778 4932//4932 4614//4614
f 4930//4930 4934//4934 4936//4936 4935//4935
f 4615//4615 4934//4934 4930//4930
f 4934//4934 4933//4933 4932//4932
f 4932//4932 4938//4938 4939//4939 4934//4934
f 4935//4935 4977//4977 4931//4931
f 4935//4935 4931//4931 4930//4930
f 4937//4937 4932//4932 4778//4778
f 4938//4938 4932//4932 4937//4937
f 4941//4941 4945//4945 4946//4946 4938//4938
f 4935//4935 4940//4940 4977//4977
f 4937//4937 4780//4780 4786//4786
f 4942//4942 4936//4936 4939//4939
f 4942//4942 4935//4935 4936//4936
f 4943//4943 4940//4940 4942//4942
f 4944//4944 4786//4786 4788//4788
f 4945//4945 4941//4941 4944//4944
f 4946//4946 4939//4939 4938//4938
f 4942//4942 4949//4949 4947//4947 4943//4943
f 4949//4949 4942//4942 4946//4946
f 4966//4966 4943//4943 4947//4947 4927//4927
f 4792//4792 4948//4948 4944//4944 4788//4788
f 4559//4559 4620//4620 4950//4950 4878//4878
f 4946//4946 4945//4945 5003//5003
f 4928//4928 4947//4947 4949//4949
f 4950//4950 4640//4640 4960//4960 4951//4951
f 4951//4951 4879//4879 4950//4950
f 4952//4952 4883//4883 4881//4881
f 4953//4953 4952//4952 4881//4881
f 4954//4954 4955//4955 4637//4637
f 4637//4637 4955//4955 4958//4958
f 4958//4958 4957//4957 4639//4639
f 4640//4640 4950//4950 4620//4620
f 4638//4638 4639//4639 4957//4957
f 4959//4959 4958//4958 4956//4956
f 4961//4961 4962//4962 4963//4963 4956//4956
f 4957//4957 4960//4960 4640//4640
f 4961//4961 4955//4955 4954//4954
f 4963//4963 4964//4964 4956//4956
f 4951//4951 4960//4960 4965//4965 4882//4882
f 4964//4964 4965//4965 4959//4959
f 4964//4964 4959//4959 4956//4956
f 4881//4881 4965//4965 4969//4969 4953//4953
f 4967//4967 4968//4968 4964//4964
f 5004//5004 4886//4886 4888//4888 4972//4972
f 4968//4968 4969//4969 4965//4965
f 4966//4966 4971//4971 4962//4962
f 4967//4967 4975//4975 4968//4968
f 4971//4971 4973//4973 4967//4967
f 4953//4953 4972//4972 4888//4888
f 4953//4953 4969//4969 4972//4972
f 4970//4970 4927//4927 4929//4929
f 4970//4970 4976//4976 4971//4971
f 4973//4973 4976//4976 4974//4974
f 4922//4922 4918//4918 4978//4978 4981//4981
f 4972//4972 5008//5008 5004//5004
f 4972//4972 4974//4974 5008//5008
f 4972//4972 4975//4975 4974//4974
f 4642//4642 4616//4616 4931//4931
f 4977//4977 4642//4642 4931//4931
f 4961//4961 4954//4954 4977//4977
f 4966//4966 4961//4961 4940//4940
f 4920//4920 4978//4978 4918//4918
f 4979//4979 4913//4913 4916//4916
f 4979//4979 4920//4920 4919//4919
f 4996//4996 4979//4979 4916//4916
f 4916//4916 4915//4915 5005//5005 4996//4996
f 4928//4928 4982//4982 4983//4983
f 4929//4929 4928//4928 4983//4983
f 4929//4929 4927//4927 4928//4928
f 4982//4982 4986//4986 4987//4987
f 4986//4986 4989//4989 4987//4987
f 4990//4990 4987//4987 4989//4989
f 4992//4992 4985//4985 4814//4814
f 4992//4992 4986//4986 4985//4985
f 4995//4995 4993//4993 4994//4994
f 4995//4995 4989//4989 4993//4993
f 4995//4995 4990//4990 4989//4989
f 4995//4995 4997//4997 4991//4991
f 4995//4995 4991//4991 4990//4990
f 5001//5001 5000//5000 4993//4993 4999//4999
f 4997//4997 4996//4996 5005//5005
f 4997//4997 4988//4988 4991//4991
f 4999//4999 4823//4823 4998//4998
f 4980//4980 4981//4981 5001//5001 4828//4828
f 4994//4994 4993//4993 5000//5000
f 4996//4996 5000//5000 4920//4920
f 4998//4998 4827//4827 4828//4828
f 4981//4981 4978//4978 5000//5000 5001//5001
f 4985//4985 5002//5002 4815//4815 4814//4814
f 5003//5003 4948//4948 5002//5002
f 4982//4982 4949//4949 5003//5003
f 4982//4982 4928//4928 4949//4949
f 4986//4986 5002//5002 4985//4985
f 4986//4986 5003//5003 5002//5002
f 5005//5005 4915//4915 5007//5007 5006//5006
f 5006//5006 4885//4885 4886//4886
f 5006//5006 4886//4886 5004//5004
f 4926//4926 5007//5007 4915//4915
f 4976//4976 4970//4970 4929//4929 4984//4984
f 5005//5005 5006//5006 5004//5004
f 5008//5008 5005//5005 5004//5004
f 4988//4988 4974//4974 4984//4984
